"DateTime","ETERNAL","ETERNAL - PE"
"2021-07-23 04:00:00",126,-149.6
"2021-07-26 04:00:00",140.65,-166.99
"2021-07-27 04:00:00",132.9,-157.79
"2021-07-28 04:00:00",131.2,-155.77
"2021-07-29 04:00:00",141.55,-168.06
"2021-07-30 04:00:00",133.5,-158.5
"2021-08-02 04:00:00",139.7,-165.86
"2021-08-03 04:00:00",139.4,-165.51
"2021-08-04 04:00:00",138.4,-164.32
"2021-08-05 04:00:00",134.95,-160.22
"2021-08-06 04:00:00",131.35,-155.95
"2021-08-09 04:00:00",130.6,-155.06
"2021-08-10 04:00:00",125.2,-148.65
"2021-08-11 04:00:00",135.65,-122.43
"2021-08-12 04:00:00",135.45,-122.25
"2021-08-13 04:00:00",137.35,-123.97
"2021-08-16 04:00:00",134.95,-121.8
"2021-08-17 04:00:00",132.5,-119.59
"2021-08-18 04:00:00",134.95,-121.8
"2021-08-20 04:00:00",139.3,-125.73
"2021-08-23 04:00:00",127.25,-114.85
"2021-08-24 04:00:00",125,-112.82
"2021-08-25 04:00:00",124.25,-112.14
"2021-08-26 04:00:00",125.85,-113.59
"2021-08-27 04:00:00",124.7,-112.55
"2021-08-30 04:00:00",133.55,-120.54
"2021-08-31 04:00:00",134.55,-121.44
"2021-09-01 04:00:00",132.6,-119.68
"2021-09-02 04:00:00",137.6,-124.19
"2021-09-03 04:00:00",149.75,-135.16
"2021-09-06 04:00:00",144.05,-130.01
"2021-09-07 04:00:00",140.05,-126.4
"2021-09-08 04:00:00",141.25,-127.49
"2021-09-09 04:00:00",141.6,-127.8
"2021-09-13 04:00:00",143.15,-129.2
"2021-09-14 04:00:00",144.1,-130.06
"2021-09-15 04:00:00",142.65,-128.75
"2021-09-16 04:00:00",142.05,-128.21
"2021-09-17 04:00:00",137.9,-124.46
"2021-09-20 04:00:00",134.3,-121.21
"2021-09-21 04:00:00",133.45,-120.45
"2021-09-22 04:00:00",132.1,-119.23
"2021-09-23 04:00:00",137.3,-123.92
"2021-09-24 04:00:00",136.65,-123.34
"2021-09-27 04:00:00",143.7,-129.7
"2021-09-28 04:00:00",139,-125.46
"2021-09-29 04:00:00",138.5,-125.01
"2021-09-30 04:00:00",136.6,-123.29
"2021-10-01 04:00:00",138,-124.55
"2021-10-04 04:00:00",139.1,-125.55
"2021-10-05 04:00:00",137.95,-124.51
"2021-10-06 04:00:00",134.95,-121.8
"2021-10-07 04:00:00",137.1,-123.74
"2021-10-08 04:00:00",136.15,-122.88
"2021-10-11 04:00:00",136.85,-123.52
"2021-10-12 04:00:00",136.6,-123.29
"2021-10-13 04:00:00",135.45,-122.25
"2021-10-14 04:00:00",135,-121.85
"2021-10-18 04:00:00",144.05,-130.01
"2021-10-19 04:00:00",138.55,-125.05
"2021-10-20 04:00:00",137.9,-124.46
"2021-10-21 04:00:00",138.15,-124.69
"2021-10-22 04:00:00",137.75,-124.33
"2021-10-25 04:00:00",132.7,-119.77
"2021-10-26 04:00:00",135.45,-122.25
"2021-10-27 04:00:00",134.8,-121.67
"2021-10-28 04:00:00",135.6,-122.39
"2021-10-29 04:00:00",131.55,-118.73
"2021-11-01 04:00:00",132.65,-119.73
"2021-11-02 04:00:00",132.45,-119.54
"2021-11-03 04:00:00",128.35,-115.84
"2021-11-04 04:00:00",131.35,-118.55
"2021-11-08 04:00:00",131.15,-118.37
"2021-11-09 04:00:00",137.65,-124.24
"2021-11-10 04:00:00",136.05,-122.79
"2021-11-11 04:00:00",140.9,-107.13
"2021-11-12 04:00:00",153,-116.33
"2021-11-15 04:00:00",160.3,-121.88
"2021-11-16 04:00:00",157.6,-119.83
"2021-11-17 04:00:00",156.55,-119.03
"2021-11-18 04:00:00",154.7,-117.62
"2021-11-22 04:00:00",149.75,-113.86
"2021-11-23 04:00:00",148.7,-113.06
"2021-11-24 04:00:00",155.5,-118.23
"2021-11-25 04:00:00",159.75,-121.46
"2021-11-26 04:00:00",148.15,-112.64
"2021-11-29 04:00:00",149.1,-113.37
"2021-11-30 04:00:00",152.55,-115.99
"2021-12-01 04:00:00",151.4,-115.12
"2021-12-02 04:00:00",150.65,-114.55
"2021-12-03 04:00:00",144.9,-110.17
"2021-12-06 04:00:00",138.55,-105.35
"2021-12-07 04:00:00",139.8,-106.3
"2021-12-08 04:00:00",147.6,-112.23
"2021-12-09 04:00:00",146.25,-111.2
"2021-12-10 04:00:00",140.55,-106.87
"2021-12-13 04:00:00",142.65,-108.46
"2021-12-14 04:00:00",140.65,-106.94
"2021-12-15 04:00:00",140.6,-106.9
"2021-12-16 04:00:00",138.4,-105.23
"2021-12-17 04:00:00",135.35,-102.91
"2021-12-20 04:00:00",126.55,-96.22
"2021-12-21 04:00:00",131.6,-100.06
"2021-12-22 04:00:00",138.65,-105.42
"2021-12-23 04:00:00",133,-101.13
"2021-12-24 04:00:00",131.45,-99.95
"2021-12-27 04:00:00",132.75,-100.94
"2021-12-28 04:00:00",132.85,-101.01
"2021-12-29 04:00:00",137.1,-104.24
"2021-12-30 04:00:00",133.95,-101.85
"2021-12-31 04:00:00",137.4,-104.47
"2022-01-03 04:00:00",141.35,-107.47
"2022-01-04 04:00:00",138.35,-105.19
"2022-01-05 04:00:00",133.95,-101.85
"2022-01-06 04:00:00",130,-98.84
"2022-01-07 04:00:00",129.25,-98.27
"2022-01-10 04:00:00",130.2,-99
"2022-01-11 04:00:00",131.3,-99.83
"2022-01-12 04:00:00",132.25,-100.55
"2022-01-13 04:00:00",133.1,-101.2
"2022-01-14 04:00:00",133.6,-101.58
"2022-01-17 04:00:00",134,-101.89
"2022-01-18 04:00:00",133.05,-101.16
"2022-01-19 04:00:00",129.2,-98.24
"2022-01-20 04:00:00",125.2,-95.19
"2022-01-21 04:00:00",113.65,-86.41
"2022-01-24 04:00:00",91.35,-69.46
"2022-01-25 04:00:00",100.45,-76.38
"2022-01-27 04:00:00",90.5,-68.81
"2022-01-28 04:00:00",89.55,-68.09
"2022-01-31 04:00:00",90.4,-68.73
"2022-02-01 04:00:00",94.55,-71.89
"2022-02-02 04:00:00",98.9,-75.2
"2022-02-03 04:00:00",97.1,-73.83
"2022-02-04 04:00:00",94.2,-71.62
"2022-02-07 04:00:00",93.55,-71.13
"2022-02-08 04:00:00",93.55,-71.13
"2022-02-09 04:00:00",94.2,-71.62
"2022-02-10 04:00:00",94.45,-71.81
"2022-02-11 04:00:00",88.7,-87.36
"2022-02-14 04:00:00",82.45,-81.21
"2022-02-15 04:00:00",82.7,-81.45
"2022-02-16 04:00:00",84.95,-83.67
"2022-02-17 04:00:00",89.15,-87.81
"2022-02-18 04:00:00",85.9,-84.61
"2022-02-21 04:00:00",81.55,-80.32
"2022-02-22 04:00:00",79.7,-78.5
"2022-02-23 04:00:00",84.15,-82.88
"2022-02-24 04:00:00",78.5,-77.32
"2022-02-25 04:00:00",78.8,-77.61
"2022-02-28 04:00:00",79.95,-78.75
"2022-03-02 04:00:00",79.85,-78.65
"2022-03-03 04:00:00",82.2,-80.96
"2022-03-04 04:00:00",80.2,-78.99
"2022-03-07 04:00:00",79,-77.81
"2022-03-08 04:00:00",78.15,-76.97
"2022-03-09 04:00:00",80.35,-79.14
"2022-03-10 04:00:00",82.2,-80.96
"2022-03-11 04:00:00",79.9,-78.7
"2022-03-14 04:00:00",79.3,-78.11
"2022-03-15 04:00:00",76.55,-75.4
"2022-03-16 04:00:00",75.95,-74.81
"2022-03-17 04:00:00",80.85,-79.63
"2022-03-21 04:00:00",80.4,-79.19
"2022-03-22 04:00:00",81.15,-79.93
"2022-03-23 04:00:00",80.75,-79.53
"2022-03-24 04:00:00",80.35,-79.14
"2022-03-25 04:00:00",80.6,-79.39
"2022-03-28 04:00:00",79.65,-78.45
"2022-03-29 04:00:00",78.2,-77.02
"2022-03-30 04:00:00",85.05,-83.77
"2022-03-31 04:00:00",82.3,-81.06
"2022-04-01 04:00:00",84.3,-83.03
"2022-04-04 04:00:00",86.25,-84.95
"2022-04-05 04:00:00",83.9,-82.64
"2022-04-06 04:00:00",84.55,-83.28
"2022-04-07 04:00:00",82.5,-81.26
"2022-04-08 04:00:00",83.4,-82.14
"2022-04-11 04:00:00",84.45,-83.18
"2022-04-12 04:00:00",81.5,-80.27
"2022-04-13 04:00:00",83.9,-82.64
"2022-04-18 04:00:00",82.9,-81.65
"2022-04-19 04:00:00",80.45,-79.24
"2022-04-20 04:00:00",80.3,-79.09
"2022-04-21 04:00:00",80.8,-79.58
"2022-04-22 04:00:00",81.2,-79.98
"2022-04-25 04:00:00",78.75,-77.56
"2022-04-26 04:00:00",79.6,-78.4
"2022-04-27 04:00:00",75.85,-74.71
"2022-04-28 04:00:00",73.85,-72.74
"2022-04-29 04:00:00",71.75,-70.67
"2022-05-02 04:00:00",69.5,-68.45
"2022-05-04 04:00:00",64.45,-63.48
"2022-05-05 04:00:00",61.15,-60.23
"2022-05-06 04:00:00",60.5,-59.59
"2022-05-09 04:00:00",56.75,-55.89
"2022-05-10 04:00:00",52.45,-51.66
"2022-05-11 04:00:00",54.2,-53.38
"2022-05-12 04:00:00",51.95,-51.17
"2022-05-13 04:00:00",56.85,-55.99
"2022-05-16 04:00:00",56.4,-55.55
"2022-05-17 04:00:00",56.15,-55.3
"2022-05-18 04:00:00",58.75,-57.86
"2022-05-19 04:00:00",55.35,-54.52
"2022-05-20 04:00:00",58.05,-57.18
"2022-05-23 04:00:00",57.05,-45.55
"2022-05-24 04:00:00",64.95,-51.86
"2022-05-25 04:00:00",62.3,-49.74
"2022-05-26 04:00:00",60.45,-48.26
"2022-05-27 04:00:00",62.05,-49.54
"2022-05-30 04:00:00",71.05,-56.73
"2022-05-31 04:00:00",74.65,-59.6
"2022-06-01 04:00:00",74.7,-59.64
"2022-06-02 04:00:00",71.95,-57.45
"2022-06-03 04:00:00",72.15,-57.61
"2022-06-06 04:00:00",69.9,-55.81
"2022-06-07 04:00:00",65.4,-52.22
"2022-06-08 04:00:00",67.15,-53.61
"2022-06-09 04:00:00",68.7,-54.85
"2022-06-10 04:00:00",69,-55.09
"2022-06-13 04:00:00",67.5,-53.89
"2022-06-14 04:00:00",70,-55.89
"2022-06-15 04:00:00",70.2,-56.05
"2022-06-16 04:00:00",67.2,-53.65
"2022-06-17 04:00:00",67.05,-53.53
"2022-06-20 04:00:00",65,-51.9
"2022-06-21 04:00:00",66.05,-52.73
"2022-06-22 04:00:00",67.6,-53.97
"2022-06-23 04:00:00",69.55,-55.53
"2022-06-24 04:00:00",70.5,-56.29
"2022-06-27 04:00:00",65.85,-52.58
"2022-06-28 04:00:00",60.3,-48.14
"2022-06-29 04:00:00",57.3,-45.75
"2022-06-30 04:00:00",53.85,-42.99
"2022-07-01 04:00:00",56.15,-44.83
"2022-07-04 04:00:00",54.3,-43.35
"2022-07-05 04:00:00",55.45,-44.27
"2022-07-06 04:00:00",54.35,-43.39
"2022-07-07 04:00:00",54.45,-43.47
"2022-07-08 04:00:00",54.8,-43.75
"2022-07-11 04:00:00",56.1,-44.79
"2022-07-12 04:00:00",59,-47.11
"2022-07-13 04:00:00",58.35,-46.59
"2022-07-14 04:00:00",55.65,-44.43
"2022-07-15 04:00:00",53.9,-43.03
"2022-07-18 04:00:00",53.6,-42.79
"2022-07-19 04:00:00",53.95,-43.07
"2022-07-20 04:00:00",53.4,-42.63
"2022-07-21 04:00:00",53.5,-42.71
"2022-07-22 04:00:00",53.65,-42.83
"2022-07-25 04:00:00",47.6,-38
"2022-07-26 04:00:00",41.65,-33.25
"2022-07-27 04:00:00",43.95,-35.09
"2022-07-28 04:00:00",45.7,-36.49
"2022-07-29 04:00:00",46.8,-37.37
"2022-08-01 04:00:00",46.3,-43.04
"2022-08-02 04:00:00",55.55,-51.64
"2022-08-03 04:00:00",55.45,-51.54
"2022-08-04 04:00:00",57.85,-53.77
"2022-08-05 04:00:00",54.6,-50.75
"2022-08-08 04:00:00",55.45,-51.54
"2022-08-10 04:00:00",55.95,-52.01
"2022-08-11 04:00:00",57.9,-53.82
"2022-08-12 04:00:00",61.75,-57.4
"2022-08-16 04:00:00",64.25,-59.72
"2022-08-17 04:00:00",65.25,-60.65
"2022-08-18 04:00:00",67.1,-62.37
"2022-08-19 04:00:00",61.45,-57.12
"2022-08-22 04:00:00",62,-57.63
"2022-08-23 04:00:00",64.45,-59.91
"2022-08-24 04:00:00",62.2,-57.82
"2022-08-25 04:00:00",62.1,-57.72
"2022-08-26 04:00:00",61.85,-57.49
"2022-08-29 04:00:00",59.2,-55.03
"2022-08-30 04:00:00",57.95,-53.87
"2022-09-01 04:00:00",62.45,-58.05
"2022-09-02 04:00:00",59.75,-55.54
"2022-09-05 04:00:00",59.65,-55.45
"2022-09-06 04:00:00",59.7,-55.49
"2022-09-07 04:00:00",59.5,-55.31
"2022-09-08 04:00:00",61.35,-57.03
"2022-09-09 04:00:00",62.8,-58.37
"2022-09-12 04:00:00",62.55,-58.14
"2022-09-13 04:00:00",65.45,-60.84
"2022-09-14 04:00:00",63.3,-58.84
"2022-09-15 04:00:00",64.6,-60.05
"2022-09-16 04:00:00",63.2,-58.75
"2022-09-19 04:00:00",63.95,-59.44
"2022-09-20 04:00:00",62.85,-58.42
"2022-09-21 04:00:00",63.45,-58.98
"2022-09-22 04:00:00",63.3,-58.84
"2022-09-23 04:00:00",60.8,-56.52
"2022-09-26 04:00:00",57.8,-53.73
"2022-09-27 04:00:00",58.85,-54.7
"2022-09-28 04:00:00",58.05,-53.96
"2022-09-29 04:00:00",61.2,-56.89
"2022-09-30 04:00:00",62.35,-57.96
"2022-10-03 04:00:00",61.9,-57.54
"2022-10-04 04:00:00",64.05,-59.54
"2022-10-06 04:00:00",65.55,-60.93
"2022-10-07 04:00:00",69.55,-64.65
"2022-10-10 04:00:00",68.7,-63.86
"2022-10-11 04:00:00",65.55,-60.93
"2022-10-12 04:00:00",63.75,-59.26
"2022-10-13 04:00:00",61.25,-56.93
"2022-10-14 04:00:00",61.9,-57.54
"2022-10-17 04:00:00",62.65,-58.23
"2022-10-18 04:00:00",63,-58.56
"2022-10-19 04:00:00",62.05,-57.68
"2022-10-20 04:00:00",61.3,-56.98
"2022-10-21 04:00:00",61.8,-57.44
"2022-10-24 04:00:00",62.35,-57.96
"2022-10-25 04:00:00",64.6,-60.05
"2022-10-27 04:00:00",65.1,-60.51
"2022-10-28 04:00:00",62.6,-58.19
"2022-10-31 04:00:00",63.1,-58.65
"2022-11-01 04:00:00",63.5,-59.02
"2022-11-02 04:00:00",63,-58.56
"2022-11-03 04:00:00",62.2,-57.82
"2022-11-04 04:00:00",63,-58.56
"2022-11-07 04:00:00",65.1,-60.51
"2022-11-09 04:00:00",65.3,-60.7
"2022-11-10 04:00:00",63.95,-71.81
"2022-11-11 04:00:00",72.8,-81.75
"2022-11-14 04:00:00",69.6,-78.16
"2022-11-15 04:00:00",69.95,-78.55
"2022-11-16 04:00:00",68.7,-77.14
"2022-11-17 04:00:00",67.7,-76.02
"2022-11-18 04:00:00",67.15,-75.4
"2022-11-21 04:00:00",64.3,-72.2
"2022-11-22 04:00:00",63.95,-71.81
"2022-11-23 04:00:00",61.75,-69.34
"2022-11-24 04:00:00",63.2,-70.97
"2022-11-25 04:00:00",64,-71.87
"2022-11-28 04:00:00",64.4,-72.32
"2022-11-29 04:00:00",63.55,-71.36
"2022-11-30 04:00:00",65.25,-73.27
"2022-12-01 04:00:00",66.65,-74.84
"2022-12-02 04:00:00",68.55,-76.98
"2022-12-05 04:00:00",65.45,-73.49
"2022-12-06 04:00:00",64.8,-72.77
"2022-12-07 04:00:00",64.45,-72.37
"2022-12-08 04:00:00",63.8,-71.64
"2022-12-09 04:00:00",64.15,-72.04
"2022-12-12 04:00:00",64.4,-72.32
"2022-12-13 04:00:00",64.6,-72.54
"2022-12-14 04:00:00",65,-72.99
"2022-12-15 04:00:00",64.15,-72.04
"2022-12-16 04:00:00",62.15,-69.79
"2022-12-19 04:00:00",62.15,-69.79
"2022-12-20 04:00:00",62.85,-70.58
"2022-12-21 04:00:00",61.35,-68.89
"2022-12-22 04:00:00",58.95,-66.2
"2022-12-23 04:00:00",53.65,-60.24
"2022-12-26 04:00:00",58.15,-65.3
"2022-12-27 04:00:00",58.95,-66.2
"2022-12-28 04:00:00",60.15,-67.54
"2022-12-29 04:00:00",60.85,-68.33
"2022-12-30 04:00:00",59.3,-66.59
"2023-01-02 04:00:00",60.3,-67.71
"2023-01-03 04:00:00",58.95,-66.2
"2023-01-04 04:00:00",56.35,-63.28
"2023-01-05 04:00:00",56.2,-63.11
"2023-01-06 04:00:00",55.25,-62.04
"2023-01-09 04:00:00",56,-62.88
"2023-01-10 04:00:00",54.7,-61.42
"2023-01-11 04:00:00",54.35,-61.03
"2023-01-12 04:00:00",53.75,-60.36
"2023-01-13 04:00:00",53.25,-59.8
"2023-01-16 04:00:00",52.7,-59.18
"2023-01-17 04:00:00",50.15,-56.31
"2023-01-18 04:00:00",51,-57.27
"2023-01-19 04:00:00",51.1,-57.38
"2023-01-20 04:00:00",51.45,-57.77
"2023-01-23 04:00:00",51,-57.27
"2023-01-24 04:00:00",52.1,-58.5
"2023-01-25 04:00:00",47.75,-53.62
"2023-01-27 04:00:00",46.95,-52.72
"2023-01-30 04:00:00",47.4,-53.23
"2023-01-31 04:00:00",49.75,-55.87
"2023-02-01 04:00:00",48.15,-54.07
"2023-02-02 04:00:00",47.5,-53.34
"2023-02-03 04:00:00",48.75,-54.74
"2023-02-06 04:00:00",47.75,-53.62
"2023-02-07 04:00:00",49.35,-55.42
"2023-02-08 04:00:00",54.3,-60.97
"2023-02-09 04:00:00",54.4,-61.09
"2023-02-10 04:00:00",53.3,-45.01
"2023-02-13 04:00:00",51.8,-43.74
"2023-02-14 04:00:00",50.35,-42.52
"2023-02-15 04:00:00",50.25,-42.43
"2023-02-16 04:00:00",51.4,-43.4
"2023-02-17 04:00:00",51.8,-43.74
"2023-02-20 04:00:00",54.6,-46.11
"2023-02-21 04:00:00",55.35,-46.74
"2023-02-22 04:00:00",52.95,-44.71
"2023-02-23 04:00:00",54.95,-46.4
"2023-02-24 04:00:00",54.45,-45.98
"2023-02-27 04:00:00",53.6,-45.26
"2023-02-28 04:00:00",53.5,-45.18
"2023-03-01 04:00:00",54.95,-46.4
"2023-03-02 04:00:00",54.55,-46.06
"2023-03-03 04:00:00",53.65,-45.3
"2023-03-06 04:00:00",53.95,-45.56
"2023-03-08 04:00:00",54.8,-46.28
"2023-03-09 04:00:00",54.05,-45.64
"2023-03-10 04:00:00",53.85,-45.47
"2023-03-13 04:00:00",51.9,-43.83
"2023-03-14 04:00:00",50.75,-42.86
"2023-03-15 04:00:00",50.75,-42.86
"2023-03-16 04:00:00",53.05,-44.8
"2023-03-17 04:00:00",54.9,-46.36
"2023-03-20 04:00:00",53.55,-45.22
"2023-03-21 04:00:00",53,-44.76
"2023-03-22 04:00:00",53.1,-44.84
"2023-03-23 04:00:00",52.65,-44.46
"2023-03-24 04:00:00",50.65,-42.77
"2023-03-27 04:00:00",50.1,-42.31
"2023-03-28 04:00:00",50.25,-42.43
"2023-03-29 04:00:00",51.25,-43.28
"2023-03-31 04:00:00",51,-43.07
"2023-04-03 04:00:00",51.95,-43.87
"2023-04-05 04:00:00",51.7,-43.66
"2023-04-06 04:00:00",52.15,-44.04
"2023-04-10 04:00:00",53.95,-45.56
"2023-04-11 04:00:00",53.95,-45.56
"2023-04-12 04:00:00",53.2,-44.92
"2023-04-13 04:00:00",53.85,-45.47
"2023-04-17 04:00:00",53.95,-45.56
"2023-04-18 04:00:00",53.3,-45.01
"2023-04-19 04:00:00",54.15,-45.73
"2023-04-20 04:00:00",54.2,-45.77
"2023-04-21 04:00:00",56.05,-47.33
"2023-04-24 04:00:00",56,-47.29
"2023-04-25 04:00:00",57.75,-48.77
"2023-04-26 04:00:00",58.2,-49.15
"2023-04-27 04:00:00",60.7,-51.26
"2023-04-28 04:00:00",64.9,-54.8
"2023-05-02 04:00:00",63.45,-53.58
"2023-05-03 04:00:00",63.55,-53.66
"2023-05-04 04:00:00",65.7,-55.48
"2023-05-05 04:00:00",65.4,-55.23
"2023-05-08 04:00:00",64.9,-54.8
"2023-05-09 04:00:00",60.95,-51.47
"2023-05-10 04:00:00",61.8,-52.19
"2023-05-11 04:00:00",62.4,-52.69
"2023-05-12 04:00:00",62.6,-52.86
"2023-05-15 04:00:00",63.7,-53.79
"2023-05-16 04:00:00",63,-53.2
"2023-05-17 04:00:00",63.35,-53.5
"2023-05-18 04:00:00",63.5,-53.62
"2023-05-19 04:00:00",64.5,-64.08
"2023-05-22 04:00:00",63.5,-63.09
"2023-05-23 04:00:00",63.2,-62.79
"2023-05-24 04:00:00",64.45,-64.03
"2023-05-25 04:00:00",67.3,-66.87
"2023-05-26 04:00:00",67.25,-66.82
"2023-05-29 04:00:00",67.1,-66.67
"2023-05-30 04:00:00",66.85,-66.42
"2023-05-31 04:00:00",69.05,-68.6
"2023-06-01 04:00:00",67.95,-67.51
"2023-06-02 04:00:00",71.15,-70.69
"2023-06-05 04:00:00",71.25,-70.79
"2023-06-06 04:00:00",72.35,-71.88
"2023-06-07 04:00:00",74.5,-74.02
"2023-06-08 04:00:00",75.8,-75.31
"2023-06-09 04:00:00",77.6,-77.1
"2023-06-12 04:00:00",77.95,-77.45
"2023-06-13 04:00:00",78.3,-77.79
"2023-06-14 04:00:00",74.1,-73.62
"2023-06-15 04:00:00",75.1,-74.62
"2023-06-16 04:00:00",74.45,-73.97
"2023-06-19 04:00:00",75.85,-75.36
"2023-06-20 04:00:00",75.85,-75.36
"2023-06-21 04:00:00",75.1,-74.62
"2023-06-22 04:00:00",74.35,-73.87
"2023-06-23 04:00:00",74.15,-73.67
"2023-06-26 04:00:00",74.85,-74.37
"2023-06-27 04:00:00",76.15,-75.66
"2023-06-28 04:00:00",74.9,-74.42
"2023-06-30 04:00:00",75.05,-74.57
"2023-07-03 04:00:00",75.65,-75.16
"2023-07-04 04:00:00",74.8,-74.32
"2023-07-05 04:00:00",74.05,-73.57
"2023-07-06 04:00:00",74.75,-74.27
"2023-07-07 04:00:00",73.25,-72.78
"2023-07-10 04:00:00",74.8,-74.32
"2023-07-11 04:00:00",76.8,-76.3
"2023-07-12 04:00:00",77.5,-77
"2023-07-13 04:00:00",82.2,-81.67
"2023-07-14 04:00:00",82.55,-82.02
"2023-07-17 04:00:00",80.15,-79.63
"2023-07-18 04:00:00",78.7,-78.19
"2023-07-19 04:00:00",77.65,-77.15
"2023-07-20 04:00:00",77.6,-77.1
"2023-07-21 04:00:00",80.3,-79.78
"2023-07-24 04:00:00",81.3,-80.78
"2023-07-25 04:00:00",82.65,-82.12
"2023-07-26 04:00:00",83.35,-82.81
"2023-07-27 04:00:00",84.95,-84.4
"2023-07-28 04:00:00",86.8,-86.24
"2023-07-31 04:00:00",84.1,-83.56
"2023-08-01 04:00:00",84.75,-84.2
"2023-08-02 04:00:00",85.05,-84.5
"2023-08-03 04:00:00",86.55,-106.59
"2023-08-04 04:00:00",95.4,-117.49
"2023-08-07 04:00:00",97.6,-120.2
"2023-08-08 04:00:00",93.45,-115.09
"2023-08-09 04:00:00",94.1,-115.89
"2023-08-10 04:00:00",94.25,-116.07
"2023-08-11 04:00:00",93.45,-115.09
"2023-08-14 04:00:00",92.75,-114.23
"2023-08-16 04:00:00",91.9,-113.18
"2023-08-17 04:00:00",91.15,-112.25
"2023-08-18 04:00:00",89.35,-110.04
"2023-08-21 04:00:00",89.75,-110.53
"2023-08-22 04:00:00",91.9,-113.18
"2023-08-23 04:00:00",94.3,-116.13
"2023-08-24 04:00:00",93.8,-115.52
"2023-08-25 04:00:00",91,-112.07
"2023-08-28 04:00:00",92.35,-113.73
"2023-08-29 04:00:00",94.7,-116.63
"2023-08-30 04:00:00",99.8,-122.91
"2023-08-31 04:00:00",97.6,-120.2
"2023-09-01 04:00:00",97.2,-119.71
"2023-09-04 04:00:00",98.05,-120.75
"2023-09-05 04:00:00",98.2,-120.94
"2023-09-06 04:00:00",98.2,-120.94
"2023-09-07 04:00:00",100.05,-123.22
"2023-09-08 04:00:00",99.6,-122.66
"2023-09-11 04:00:00",101.35,-124.82
"2023-09-12 04:00:00",98.75,-121.61
"2023-09-13 04:00:00",97.9,-120.57
"2023-09-14 04:00:00",99.45,-122.48
"2023-09-15 04:00:00",102.95,-126.79
"2023-09-18 04:00:00",102.15,-125.8
"2023-09-20 04:00:00",100,-123.15
"2023-09-21 04:00:00",99.15,-122.11
"2023-09-22 04:00:00",99.9,-123.03
"2023-09-25 04:00:00",98.45,-121.25
"2023-09-26 04:00:00",99.9,-123.03
"2023-09-27 04:00:00",100.1,-123.28
"2023-09-28 04:00:00",99.95,-123.09
"2023-09-29 04:00:00",101.5,-125
"2023-10-03 04:00:00",105.3,-129.68
"2023-10-04 04:00:00",100.75,-124.08
"2023-10-05 04:00:00",105.4,-129.8
"2023-10-06 04:00:00",104.45,-128.63
"2023-10-09 04:00:00",103.9,-127.96
"2023-10-10 04:00:00",106.05,-130.6
"2023-10-11 04:00:00",109,-134.24
"2023-10-12 04:00:00",109.85,-135.28
"2023-10-13 04:00:00",111,-136.7
"2023-10-16 04:00:00",111.5,-137.32
"2023-10-17 04:00:00",113.85,-139.41
"2023-10-18 04:00:00",113.2,-139.41
"2023-10-19 04:00:00",111.65,-137.5
"2023-10-20 04:00:00",113.35,-139.6
"2023-10-23 04:00:00",108.9,-134.11
"2023-10-25 04:00:00",108.25,-133.31
"2023-10-26 04:00:00",106.45,-131.1
"2023-10-27 04:00:00",105.65,-130.11
"2023-10-30 04:00:00",107.7,-132.64
"2023-10-31 04:00:00",105.1,-129.43
"2023-11-01 04:00:00",103.7,-127.71
"2023-11-02 04:00:00",107.55,-132.45
"2023-11-03 04:00:00",116.5,-143.47
"2023-11-06 04:00:00",123.3,-239.51
"2023-11-07 04:00:00",121.3,-235.63
"2023-11-08 04:00:00",125.15,-243.1
"2023-11-09 04:00:00",121.85,-236.69
"2023-11-10 04:00:00",121.3,-235.63
"2023-11-12 04:00:00",123.25,-239.41
"2023-11-13 04:00:00",122.2,-237.37
"2023-11-15 04:00:00",120.25,-233.59
"2023-11-16 04:00:00",121.85,-236.69
"2023-11-17 04:00:00",122.2,-237.37
"2023-11-20 04:00:00",118.15,-229.51
"2023-11-21 04:00:00",116.5,-226.3
"2023-11-22 04:00:00",115.3,-223.97
"2023-11-23 04:00:00",112.95,-219.41
"2023-11-24 04:00:00",113.25,-219.99
"2023-11-28 04:00:00",113.8,-221.06
"2023-11-29 04:00:00",116.6,-226.5
"2023-11-30 04:00:00",118.55,-230.28
"2023-12-01 04:00:00",116.3,-225.91
"2023-12-04 04:00:00",117.4,-228.05
"2023-12-05 04:00:00",116.75,-226.79
"2023-12-06 04:00:00",118.9,-230.96
"2023-12-07 04:00:00",121.7,-236.4
"2023-12-08 04:00:00",119.95,-233
"2023-12-11 04:00:00",118.45,-230.09
"2023-12-12 04:00:00",116.75,-226.79
"2023-12-13 04:00:00",120,-233.1
"2023-12-14 04:00:00",124.15,-241.16
"2023-12-15 04:00:00",123.6,-240.09
"2023-12-18 04:00:00",128.55,-249.71
"2023-12-19 04:00:00",130.25,-253.01
"2023-12-20 04:00:00",124.75,-242.33
"2023-12-21 04:00:00",127.35,-247.38
"2023-12-22 04:00:00",128.5,-249.61
"2023-12-26 04:00:00",125,-242.81
"2023-12-27 04:00:00",127.05,-246.79
"2023-12-28 04:00:00",123.2,-239.32
"2023-12-29 04:00:00",123.7,-240.29
"2024-01-01 04:00:00",124.5,-241.84
"2024-01-02 04:00:00",128.7,-250
"2024-01-03 04:00:00",127.55,-247.77
"2024-01-04 04:00:00",129.75,-252.04
"2024-01-05 04:00:00",133.3,-258.94
"2024-01-08 04:00:00",132.85,-258.06
"2024-01-09 04:00:00",134.3,-260.88
"2024-01-10 04:00:00",134.65,-261.56
"2024-01-11 04:00:00",138.35,-268.75
"2024-01-12 04:00:00",139.55,-271.08
"2024-01-15 04:00:00",133.4,-259.13
"2024-01-16 04:00:00",133.55,-259.42
"2024-01-17 04:00:00",127.4,-247.47
"2024-01-18 04:00:00",129.45,-251.46
"2024-01-19 04:00:00",135.05,-262.33
"2024-01-20 04:00:00",133.1,-258.55
"2024-01-23 04:00:00",130.1,-252.72
"2024-01-24 04:00:00",136.2,-264.57
"2024-01-25 04:00:00",136.15,-264.47
"2024-01-29 04:00:00",135.55,-263.31
"2024-01-30 04:00:00",137.2,-266.51
"2024-01-31 04:00:00",139.55,-271.08
"2024-02-01 04:00:00",140.55,-273.02
"2024-02-02 04:00:00",143.8,-279.33
"2024-02-05 04:00:00",140.25,-272.44
"2024-02-06 04:00:00",139.95,-271.85
"2024-02-07 04:00:00",140.4,-272.73
"2024-02-08 04:00:00",144.1,-11398.49
"2024-02-09 04:00:00",149.45,-11821.68
"2024-02-12 04:00:00",153.8,-12165.77
"2024-02-13 04:00:00",154.75,-12240.92
"2024-02-14 04:00:00",152.25,-12043.16
"2024-02-15 04:00:00",154.85,-12248.83
"2024-02-16 04:00:00",156.7,-12395.16
"2024-02-19 04:00:00",157.5,-12458.44
"2024-02-20 04:00:00",161.05,-12739.25
"2024-02-21 04:00:00",158.65,-12549.41
"2024-02-22 04:00:00",162.1,-12822.31
"2024-02-23 04:00:00",164.05,-12976.56
"2024-02-26 04:00:00",164.2,-12988.42
"2024-02-27 04:00:00",161.3,-12759.03
"2024-02-28 04:00:00",159.35,-12604.78
"2024-02-29 04:00:00",165.45,-13087.3
"2024-03-01 04:00:00",166.5,-13170.36
"2024-03-02 04:00:00",,-13261.32
"2024-03-04 04:00:00",169.8,-13431.39
"2024-03-05 04:00:00",165.85,-13118.94
"2024-03-06 04:00:00",161.55,-12778.8
"2024-03-07 04:00:00",160,-12656.2
"2024-03-11 04:00:00",154.85,-12248.83
"2024-03-12 04:00:00",156.9,-12410.98
"2024-03-13 04:00:00",148.65,-11758.4
"2024-03-14 04:00:00",152.75,-12082.71
"2024-03-15 04:00:00",160.05,-12660.15
"2024-03-18 04:00:00",158.25,-12517.77
"2024-03-19 04:00:00",157.95,-12494.04
"2024-03-20 04:00:00",165.6,-13099.16
"2024-03-21 04:00:00",169.65,-13419.52
"2024-03-22 04:00:00",174.2,-13779.44
"2024-03-26 04:00:00",182.6,-14443.89
"2024-03-27 04:00:00",179.45,-14194.72
"2024-03-28 04:00:00",182.1,-14404.33
"2024-04-01 04:00:00",184.5,-14594.18
"2024-04-02 04:00:00",183.1,-14483.44
"2024-04-03 04:00:00",178.3,-14103.75
"2024-04-04 04:00:00",187,-14791.93
"2024-04-05 04:00:00",190.5,-15068.79
"2024-04-08 04:00:00",191.8,-15171.62
"2024-04-09 04:00:00",193.7,-15321.91
"2024-04-10 04:00:00",196.9,-15575.03
"2024-04-12 04:00:00",192.1,-15195.35
"2024-04-15 04:00:00",188.3,-14894.76
"2024-04-16 04:00:00",186.45,-14748.43
"2024-04-18 04:00:00",185.2,-14649.55
"2024-04-19 04:00:00",189.2,-14965.95
"2024-04-22 04:00:00",193.35,-15294.22
"2024-04-23 04:00:00",187.45,-14827.53
"2024-04-24 04:00:00",184.4,-14586.27
"2024-04-25 04:00:00",184.7,-14610
"2024-04-26 04:00:00",188.1,-14878.94
"2024-04-29 04:00:00",193.6,-15314
"2024-04-30 04:00:00",193.15,-15278.4
"2024-05-02 04:00:00",195.45,-15460.34
"2024-05-03 04:00:00",197.25,-15602.72
"2024-05-06 04:00:00",195.7,-15480.11
"2024-05-07 04:00:00",191.45,-15143.93
"2024-05-08 04:00:00",195.45,-15460.34
"2024-05-09 04:00:00",195.25,-15444.52
"2024-05-10 04:00:00",201.3,-15923.08
"2024-05-13 04:00:00",194.3,534.21
"2024-05-14 04:00:00",187.3,514.96
"2024-05-15 04:00:00",192,527.88
"2024-05-16 04:00:00",195.2,536.68
"2024-05-17 04:00:00",194.85,535.72
"2024-05-18 04:00:00",194.4,534.48
"2024-05-21 04:00:00",189.1,519.91
"2024-05-22 04:00:00",185.5,510.01
"2024-05-23 04:00:00",186.8,513.59
"2024-05-24 04:00:00",182.9,502.86
"2024-05-27 04:00:00",183.65,504.93
"2024-05-28 04:00:00",181.6,499.29
"2024-05-29 04:00:00",183.35,504.1
"2024-05-30 04:00:00",180.6,496.54
"2024-05-31 04:00:00",179.15,492.55
"2024-06-03 04:00:00",175.45,482.38
"2024-06-04 04:00:00",172,472.89
"2024-06-05 04:00:00",183.8,505.34
"2024-06-06 04:00:00",183.65,504.93
"2024-06-07 04:00:00",184,505.89
"2024-06-10 04:00:00",182.16,500.83
"2024-06-11 04:00:00",184.02,505.94
"2024-06-12 04:00:00",179.65,493.93
"2024-06-13 04:00:00",184.94,508.47
"2024-06-14 04:00:00",186.24,512.05
"2024-06-18 04:00:00",188.61,518.56
"2024-06-19 04:00:00",198.49,545.73
"2024-06-20 04:00:00",197.05,541.77
"2024-06-21 04:00:00",193.95,533.24
"2024-06-24 04:00:00",198.92,546.91
"2024-06-25 04:00:00",202.27,556.12
"2024-06-26 04:00:00",197.25,542.32
"2024-06-27 04:00:00",200.15,550.29
"2024-06-28 04:00:00",200.56,551.42
"2024-07-01 04:00:00",203.97,560.79
"2024-07-02 04:00:00",209.09,574.87
"2024-07-03 04:00:00",208.44,573.08
"2024-07-04 04:00:00",207.44,570.33
"2024-07-05 04:00:00",207.57,570.69
"2024-07-08 04:00:00",207.93,571.68
"2024-07-09 04:00:00",212.56,584.41
"2024-07-10 04:00:00",211.37,581.14
"2024-07-11 04:00:00",217.14,597
"2024-07-12 04:00:00",222.47,611.66
"2024-07-15 04:00:00",229.15,630.02
"2024-07-16 04:00:00",217.49,597.96
"2024-07-18 04:00:00",220.62,606.57
"2024-07-19 04:00:00",218.89,601.81
"2024-07-22 04:00:00",221.66,609.43
"2024-07-23 04:00:00",217.91,599.12
"2024-07-24 04:00:00",223.49,614.46
"2024-07-25 04:00:00",219.31,602.97
"2024-07-26 04:00:00",224.62,617.57
"2024-07-29 04:00:00",226.89,623.81
"2024-07-30 04:00:00",227.13,624.47
"2024-07-31 04:00:00",229.45,630.85
"2024-08-01 04:00:00",234.09,375.26
"2024-08-02 04:00:00",262.34,420.54
"2024-08-05 04:00:00",256.29,410.85
"2024-08-06 04:00:00",249.08,399.29
"2024-08-07 04:00:00",265.67,425.88
"2024-08-08 04:00:00",265.59,425.75
"2024-08-09 04:00:00",267.09,428.16
"2024-08-12 04:00:00",263.43,422.29
"2024-08-13 04:00:00",257.08,412.11
"2024-08-14 04:00:00",260.14,417.02
"2024-08-16 04:00:00",264.43,423.89
"2024-08-19 04:00:00",262.17,420.27
"2024-08-20 04:00:00",263.12,421.79
"2024-08-21 04:00:00",260.03,416.84
"2024-08-22 04:00:00",257.96,413.52
"2024-08-23 04:00:00",262.65,421.04
"2024-08-26 04:00:00",259.39,415.81
"2024-08-27 04:00:00",256.05,410.46
"2024-08-28 04:00:00",253.04,405.64
"2024-08-29 04:00:00",252.34,404.51
"2024-08-30 04:00:00",250.53,401.61
"2024-09-02 04:00:00",244.45,391.87
"2024-09-03 04:00:00",247.7,397.08
"2024-09-04 04:00:00",242.85,389.3
"2024-09-05 04:00:00",254.85,408.54
"2024-09-06 04:00:00",259.95,416.71
"2024-09-09 04:00:00",263.2,421.92
"2024-09-10 04:00:00",267.7,429.14
"2024-09-11 04:00:00",271.75,435.63
"2024-09-12 04:00:00",283.9,455.11
"2024-09-13 04:00:00",272.9,437.47
"2024-09-16 04:00:00",277.7,445.17
"2024-09-17 04:00:00",270.75,434.03
"2024-09-18 04:00:00",275.85,442.2
"2024-09-19 04:00:00",278.85,447.01
"2024-09-20 04:00:00",290.5,465.69
"2024-09-23 04:00:00",297,476.11
"2024-09-24 04:00:00",291.7,467.61
"2024-09-25 04:00:00",285.4,457.51
"2024-09-26 04:00:00",283.9,455.11
"2024-09-27 04:00:00",278.15,445.89
"2024-09-30 04:00:00",273.3,438.11
"2024-10-01 04:00:00",274.15,439.48
"2024-10-03 04:00:00",269,431.22
"2024-10-04 04:00:00",275.3,441.32
"2024-10-07 04:00:00",266.1,426.57
"2024-10-08 04:00:00",278.7,446.77
"2024-10-09 04:00:00",279.95,448.77
"2024-10-10 04:00:00",275.35,441.4
"2024-10-11 04:00:00",277.55,444.93
"2024-10-14 04:00:00",280.05,448.93
"2024-10-15 04:00:00",279.55,448.13
"2024-10-16 04:00:00",274.25,439.64
"2024-10-17 04:00:00",270.55,433.7
"2024-10-18 04:00:00",257.45,412.7
"2024-10-21 04:00:00",265.7,425.93
"2024-10-22 04:00:00",256.35,333.41
"2024-10-23 04:00:00",264.05,343.42
"2024-10-24 04:00:00",254.3,330.74
"2024-10-25 04:00:00",253.8,330.09
"2024-10-28 04:00:00",253.95,330.28
"2024-10-29 04:00:00",252.25,328.07
"2024-10-30 04:00:00",246.85,321.05
"2024-10-31 04:00:00",241.75,314.42
"2024-11-01 04:00:00",248.99,323.83
"2024-11-04 04:00:00",245.08,318.75
"2024-11-05 04:00:00",241.87,314.57
"2024-11-06 04:00:00",254.94,331.57
"2024-11-07 04:00:00",255.22,331.94
"2024-11-08 04:00:00",248.73,323.49
"2024-11-11 04:00:00",258.62,336.36
"2024-11-12 04:00:00",260.99,339.44
"2024-11-13 04:00:00",258.4,336.07
"2024-11-14 04:00:00",269.66,350.72
"2024-11-18 04:00:00",270.79,352.19
"2024-11-19 04:00:00",271.36,352.93
"2024-11-21 04:00:00",266.81,347.01
"2024-11-22 04:00:00",264.2,343.61
"2024-11-25 04:00:00",273.31,355.46
"2024-11-26 04:00:00",280.11,364.31
"2024-11-27 04:00:00",284.72,370.3
"2024-11-28 04:00:00",286.13,372.14
"2024-11-29 04:00:00",279.76,363.85
"2024-12-02 04:00:00",282.5,367.42
"2024-12-03 04:00:00",279.85,363.97
"2024-12-04 04:00:00",286.25,372.29
"2024-12-05 04:00:00",299.35,389.33
"2024-12-06 04:00:00",302.95,394.01
"2024-12-09 04:00:00",295.3,384.06
"2024-12-10 04:00:00",295.85,384.78
"2024-12-11 04:00:00",291.8,379.51
"2024-12-12 04:00:00",284.9,370.54
"2024-12-13 04:00:00",288.25,374.89
"2024-12-16 04:00:00",294.15,382.57
"2024-12-17 04:00:00",296.8,386.01
"2024-12-18 04:00:00",291.9,379.64
"2024-12-19 04:00:00",288.5,375.22
"2024-12-20 04:00:00",282.1,366.9
"2024-12-23 04:00:00",273.95,356.3
"2024-12-24 04:00:00",274.85,357.47
"2024-12-26 04:00:00",273.2,355.32
"2024-12-27 04:00:00",271.25,352.78
"2024-12-30 04:00:00",282.1,366.9
"2024-12-31 04:00:00",278.05,361.63
"2025-01-01 04:00:00",276.5,359.61
"2025-01-02 04:00:00",284.6,370.15
"2025-01-03 04:00:00",272.85,354.86
"2025-01-06 04:00:00",264.85,344.46
"2025-01-07 04:00:00",252.45,328.33
"2025-01-08 04:00:00",250.05,325.21
"2025-01-09 04:00:00",245.35,319.1
"2025-01-10 04:00:00",242.95,315.98
"2025-01-13 04:00:00",227.15,295.43
"2025-01-14 04:00:00",233.6,303.82
"2025-01-15 04:00:00",243.9,317.21
"2025-01-16 04:00:00",241.9,314.61
"2025-01-17 04:00:00",248.8,323.59
"2025-01-20 04:00:00",239.75,348.97
"2025-01-21 04:00:00",214.55,312.29
"2025-01-22 04:00:00",216.45,315.06
"2025-01-23 04:00:00",221.95,323.06
"2025-01-24 04:00:00",215.6,313.82
"2025-01-27 04:00:00",206.2,300.14
"2025-01-28 04:00:00",208.2,303.05
"2025-01-29 04:00:00",222.5,323.86
"2025-01-30 04:00:00",218.8,318.48
"2025-01-31 04:00:00",220.35,320.73
"2025-02-01 04:00:00",236.32,343.98
"2025-02-03 04:00:00",238.2,346.71
"2025-02-04 04:00:00",234.54,341.39
"2025-02-05 04:00:00",231.12,336.41
"2025-02-06 04:00:00",229.05,333.4
"2025-02-07 04:00:00",233.9,340.46
"2025-02-10 04:00:00",227.25,330.78
"2025-02-11 04:00:00",215.45,313.6
"2025-02-12 04:00:00",214.7,312.51
"2025-02-13 04:00:00",217.87,317.12
"2025-02-14 04:00:00",215.99,314.39
"2025-02-17 04:00:00",218.53,318.08
"2025-02-18 04:00:00",223.31,325.04
"2025-02-19 04:00:00",234.1,340.75
"2025-02-20 04:00:00",233.93,340.5
"2025-02-21 04:00:00",230.36,335.3
"2025-02-24 04:00:00",222.69,324.14
"2025-02-25 04:00:00",225.63,328.42
"2025-02-27 04:00:00",229.04,333.38
"2025-02-28 04:00:00",222.1,323.28
"2025-03-03 04:00:00",222.14,323.34
"2025-03-04 04:00:00",227.61,331.3
"2025-03-05 04:00:00",227.02,330.44
"2025-03-06 04:00:00",225.43,328.13
"2025-03-07 04:00:00",216.83,315.61
"2025-03-10 04:00:00",211.28,307.53
"2025-03-11 04:00:00",208.07,302.86
"2025-03-12 04:00:00",205.46,299.06
"2025-03-13 04:00:00",201.43,293.19
"2025-03-17 04:00:00",203.69,296.48
"2025-03-18 04:00:00",218.19,317.59
"2025-03-19 04:00:00",223.53,325.36
"2025-03-20 04:00:00",224.47,326.73
"2025-03-21 04:00:00",227.52,331.17
"2025-03-24 04:00:00",222.8,324.3
"2025-03-25 04:00:00",209.81,305.39
"2025-03-26 04:00:00",203.29,295.9
"2025-03-27 04:00:00",206.28,300.25
"2025-03-28 04:00:00",201.7,293.59
"2025-04-01 04:00:00",202.01,294.04
"2025-04-02 04:00:00",212.03,308.62
"2025-04-03 04:00:00",210.9,306.98
"2025-04-04 04:00:00",210.53,306.44
"2025-04-07 04:00:00",209.63,305.13
"2025-04-08 04:00:00",215.19,313.22
"2025-04-09 04:00:00",211.39,307.69
"2025-04-11 04:00:00",217.2,316.15
"2025-04-15 04:00:00",222.23,323.47
"2025-04-16 04:00:00",222.08,323.25
"2025-04-17 04:00:00",231.6,337.11
"2025-04-21 04:00:00",234.24,340.95
"2025-04-22 04:00:00",237.47,345.65
"2025-04-23 04:00:00",239.24,348.23
"2025-04-24 04:00:00",236.38,344.06
"2025-04-25 04:00:00",228.81,333.05
"2025-04-28 04:00:00",227.21,330.72
"2025-04-29 04:00:00",231.11,336.39
"2025-04-30 04:00:00",232.52,338.45
"2025-05-02 04:00:00",234.29,429.03
"2025-05-05 04:00:00",239.9,439.3
"2025-05-06 04:00:00",232.64,426.01
"2025-05-07 04:00:00",236.9,433.81
"2025-05-08 04:00:00",229.81,420.82
"2025-05-09 04:00:00",227.14,415.94
"2025-05-12 04:00:00",239.5,438.57
"2025-05-13 04:00:00",231.65,424.19
"2025-05-14 04:00:00",236.86,433.73
"2025-05-15 04:00:00",242.59,444.23
"2025-05-16 04:00:00",245.76,450.03
"2025-05-19 04:00:00",238.03,435.88
"2025-05-20 04:00:00",228.28,418.02
"2025-05-21 04:00:00",229.97,421.12
"2025-05-22 04:00:00",229.02,419.38
"2025-05-23 04:00:00",237.55,435
"2025-05-26 04:00:00",226.8,415.31
"2025-05-27 04:00:00",224.79,411.63
"2025-05-28 04:00:00",224.18,410.52
"2025-05-29 04:00:00",228.37,418.19
"2025-05-30 04:00:00",238.31,436.39
"2025-06-02 04:00:00",241.2,441.68
"2025-06-03 04:00:00",237.7,435.27
"2025-06-04 04:00:00",245.68,449.89
"2025-06-05 04:00:00",256.56,469.81
"2025-06-06 04:00:00",261.86,479.51
"2025-06-09 04:00:00",256.84,470.32
"2025-06-10 04:00:00",255.68,468.2
"2025-06-11 04:00:00",257.07,470.74
"2025-06-12 04:00:00",251.56,460.65
"2025-06-13 04:00:00",249.08,456.11
"2025-06-16 04:00:00",252.15,461.73
"2025-06-17 04:00:00",247.25,452.76
"2025-06-18 04:00:00",248.41,454.88
"2025-06-19 04:00:00",249.42,456.73
"2025-06-20 04:00:00",253.33,463.89
"2025-06-23 04:00:00",254.64,466.29
"2025-06-24 04:00:00",255.07,467.08
"2025-06-25 04:00:00",258.86,474.02
"2025-06-26 04:00:00",265.18,485.59
"2025-06-27 04:00:00",261.86,479.51
"2025-06-30 04:00:00",264.15,483.71
"2025-07-01 04:00:00",261,477.94
"2025-07-02 04:00:00",259.75,475.65
"2025-07-03 04:00:00",260.85,477.66
"2025-07-04 04:00:00",261.4,478.67
"2025-07-07 04:00:00",258.55,473.45
"2025-07-08 04:00:00",263.5,482.52
"2025-07-09 04:00:00",264.55,484.44
"2025-07-10 04:00:00",262.85,481.33
"2025-07-11 04:00:00",263.35,482.24
"2025-07-14 04:00:00",270.6,495.52
"2025-07-15 04:00:00",266.45,487.92
"2025-07-16 04:00:00",262.35,480.41
"2025-07-17 04:00:00",259.65,475.47
"2025-07-18 04:00:00",257.2,470.98
"2025-07-21 04:00:00",271.7,876.92
"2025-07-22 04:00:00",299.8,967.62
"2025-07-23 04:00:00",302.05,974.88
"2025-07-24 04:00:00",313.15,1010.7
"2025-07-25 04:00:00",310.55,1002.31
"2025-07-28 04:00:00",307.3,991.82
"2025-07-29 04:00:00",306.55,989.4
"2025-07-30 04:00:00",303.45,979.4
"2025-07-31 04:00:00",307.8,993.44
"2025-08-01 04:00:00",304.75,983.59
"2025-08-04 04:00:00",305.25,985.21
"2025-08-05 04:00:00",302.15,975.2
"2025-08-06 04:00:00",298.85,964.55
"2025-08-07 04:00:00",301.75,973.91
"2025-08-08 04:00:00",300.9,971.17
"2025-08-11 04:00:00",309.4,998.6
"2025-08-12 04:00:00",305.9,987.31
"2025-08-13 04:00:00",312.35,1008.12
"2025-08-14 04:00:00",318.4,1027.65
"2025-08-18 04:00:00",314.9,1016.35
"2025-08-19 04:00:00",321.45,1037.49
"2025-08-20 04:00:00",326.55,1053.95
"2025-08-21 04:00:00",321.8,1038.62
"2025-08-22 04:00:00",319.1,1029.91
"2025-08-25 04:00:00",319.25,1030.39
"2025-08-26 04:00:00",317.9,1026.04
"2025-08-28 04:00:00",315.5,1018.29
"2025-08-29 04:00:00",313.95,1013.29
"2025-09-01 04:00:00",321.1,1036.36
"2025-09-02 04:00:00",322.4,1040.56
"2025-09-03 04:00:00",326.1,1052.5
"2025-09-04 04:00:00",326.25,1052.99
"2025-09-05 04:00:00",329.15,1062.35
"2025-09-08 04:00:00",329.65,1063.96
"2025-09-09 04:00:00",325.7,1051.21
"2025-09-10 04:00:00",324.4,1047.01
"2025-09-11 04:00:00",328.1,1058.96
"2025-09-12 04:00:00",321.4,1037.33
"2025-09-15 04:00:00",323.3,1043.46
"2025-09-16 04:00:00",327.3,1056.37
"2025-09-17 04:00:00",328.25,1059.44
"2025-09-18 04:00:00",337.85,1090.43
"2025-09-19 04:00:00",336.55,1086.23
"2025-09-22 04:00:00",341.85,1103.34
"2025-09-23 04:00:00",338.35,1092.04
"2025-09-24 04:00:00",335.8,1083.81
"2025-09-25 04:00:00",332.25,1072.35
"2025-09-26 04:00:00",321,1036.04
"2025-09-29 04:00:00",324.85,1048.47
"2025-09-30 04:00:00",325.5,1050.56
"2025-10-01 04:00:00",329,1061.86
"2025-10-03 04:00:00",328.45,1060.09
"2025-10-06 04:00:00",335.1,1081.55
"2025-10-07 04:00:00",337.85,1090.43
"2025-10-08 04:00:00",341.65,1102.69
"2025-10-09 04:00:00",345.5,1115.12
"2025-10-10 04:00:00",348.3,1124.15
"2025-10-13 04:00:00",348.35,1124.31
"2025-10-14 04:00:00",347.75,1122.38
"2025-10-15 04:00:00",354.35,1143.68
"2025-10-16 04:00:00",347.85,1785.57
"2025-10-17 04:00:00",342.65,1758.88
"2025-10-20 04:00:00",338.15,1735.78
"2025-10-21 04:00:00",338.1,1735.52
"2025-10-23 04:00:00",328.35,1685.47
"2025-10-24 04:00:00",326.6,1676.49
"2025-10-27 04:00:00",333.7,1712.94
"2025-10-28 04:00:00",334.6,1717.56
"2025-10-29 04:00:00",330.45,1696.25
"2025-10-30 04:00:00",329.35,1690.61
"2025-10-31 04:00:00",317.75,1631.06
"2025-11-03 04:00:00",322.6,1655.96
"2025-11-04 04:00:00",313.5,1609.25
"2025-11-06 04:00:00",305.65,1568.95
"2025-11-07 04:00:00",306.1,1571.26
"2025-11-10 04:00:00",301.45,1547.39
"2025-11-11 04:00:00",305.8,1569.72
"2025-11-12 04:00:00",311.2