"DateTime","ETERNAL","ETERNAL - PB"
"2021-07-23 04:00:00",126,14.04
"2021-07-26 04:00:00",140.65,15.67
"2021-07-27 04:00:00",132.9,14.81
"2021-07-28 04:00:00",131.2,14.62
"2021-07-29 04:00:00",141.55,15.77
"2021-07-30 04:00:00",133.5,14.88
"2021-08-02 04:00:00",139.7,15.57
"2021-08-03 04:00:00",139.4,15.53
"2021-08-04 04:00:00",138.4,15.42
"2021-08-05 04:00:00",134.95,15.04
"2021-08-06 04:00:00",131.35,14.64
"2021-08-09 04:00:00",130.6,14.55
"2021-08-10 04:00:00",125.2,13.95
"2021-08-11 04:00:00",135.65,15.12
"2021-08-12 04:00:00",135.45,15.09
"2021-08-13 04:00:00",137.35,15.3
"2021-08-16 04:00:00",134.95,15.04
"2021-08-17 04:00:00",132.5,14.76
"2021-08-18 04:00:00",134.95,15.04
"2021-08-20 04:00:00",139.3,15.52
"2021-08-23 04:00:00",127.25,14.18
"2021-08-24 04:00:00",125,13.93
"2021-08-25 04:00:00",124.25,13.84
"2021-08-26 04:00:00",125.85,14.02
"2021-08-27 04:00:00",124.7,13.9
"2021-08-30 04:00:00",133.55,14.88
"2021-08-31 04:00:00",134.55,14.99
"2021-09-01 04:00:00",132.6,14.78
"2021-09-02 04:00:00",137.6,15.33
"2021-09-03 04:00:00",149.75,16.69
"2021-09-06 04:00:00",144.05,16.05
"2021-09-07 04:00:00",140.05,15.61
"2021-09-08 04:00:00",141.25,15.74
"2021-09-09 04:00:00",141.6,15.78
"2021-09-13 04:00:00",143.15,15.95
"2021-09-14 04:00:00",144.1,16.06
"2021-09-15 04:00:00",142.65,15.9
"2021-09-16 04:00:00",142.05,15.83
"2021-09-17 04:00:00",137.9,15.37
"2021-09-20 04:00:00",134.3,14.96
"2021-09-21 04:00:00",133.45,14.87
"2021-09-22 04:00:00",132.1,14.72
"2021-09-23 04:00:00",137.3,15.3
"2021-09-24 04:00:00",136.65,15.23
"2021-09-27 04:00:00",143.7,16.01
"2021-09-28 04:00:00",139,15.49
"2021-09-29 04:00:00",138.5,15.43
"2021-09-30 04:00:00",136.6,15.22
"2021-10-01 04:00:00",138,15.38
"2021-10-04 04:00:00",139.1,15.5
"2021-10-05 04:00:00",137.95,15.37
"2021-10-06 04:00:00",134.95,15.04
"2021-10-07 04:00:00",137.1,15.28
"2021-10-08 04:00:00",136.15,15.17
"2021-10-11 04:00:00",136.85,15.25
"2021-10-12 04:00:00",136.6,15.22
"2021-10-13 04:00:00",135.45,15.09
"2021-10-14 04:00:00",135,15.04
"2021-10-18 04:00:00",144.05,16.05
"2021-10-19 04:00:00",138.55,15.44
"2021-10-20 04:00:00",137.9,15.37
"2021-10-21 04:00:00",138.15,15.39
"2021-10-22 04:00:00",137.75,15.35
"2021-10-25 04:00:00",132.7,14.79
"2021-10-26 04:00:00",135.45,15.09
"2021-10-27 04:00:00",134.8,15.02
"2021-10-28 04:00:00",135.6,15.11
"2021-10-29 04:00:00",131.55,14.66
"2021-11-01 04:00:00",132.65,14.78
"2021-11-02 04:00:00",132.45,14.76
"2021-11-03 04:00:00",128.35,14.3
"2021-11-04 04:00:00",131.35,14.64
"2021-11-08 04:00:00",131.15,14.61
"2021-11-09 04:00:00",137.65,15.34
"2021-11-10 04:00:00",136.05,15.16
"2021-11-11 04:00:00",140.9,15.7
"2021-11-12 04:00:00",153,17.05
"2021-11-15 04:00:00",160.3,17.86
"2021-11-16 04:00:00",157.6,17.56
"2021-11-17 04:00:00",156.55,17.44
"2021-11-18 04:00:00",154.7,17.24
"2021-11-22 04:00:00",149.75,16.69
"2021-11-23 04:00:00",148.7,16.57
"2021-11-24 04:00:00",155.5,17.33
"2021-11-25 04:00:00",159.75,17.8
"2021-11-26 04:00:00",148.15,16.51
"2021-11-29 04:00:00",149.1,16.61
"2021-11-30 04:00:00",152.55,17
"2021-12-01 04:00:00",151.4,16.87
"2021-12-02 04:00:00",150.65,16.79
"2021-12-03 04:00:00",144.9,16.15
"2021-12-06 04:00:00",138.55,15.44
"2021-12-07 04:00:00",139.8,15.58
"2021-12-08 04:00:00",147.6,16.45
"2021-12-09 04:00:00",146.25,16.3
"2021-12-10 04:00:00",140.55,15.66
"2021-12-13 04:00:00",142.65,15.9
"2021-12-14 04:00:00",140.65,15.67
"2021-12-15 04:00:00",140.6,15.67
"2021-12-16 04:00:00",138.4,15.42
"2021-12-17 04:00:00",135.35,15.08
"2021-12-20 04:00:00",126.55,14.1
"2021-12-21 04:00:00",131.6,14.66
"2021-12-22 04:00:00",138.65,15.45
"2021-12-23 04:00:00",133,14.82
"2021-12-24 04:00:00",131.45,14.65
"2021-12-27 04:00:00",132.75,14.79
"2021-12-28 04:00:00",132.85,14.8
"2021-12-29 04:00:00",137.1,15.28
"2021-12-30 04:00:00",133.95,14.93
"2021-12-31 04:00:00",137.4,15.31
"2022-01-03 04:00:00",141.35,15.75
"2022-01-04 04:00:00",138.35,15.42
"2022-01-05 04:00:00",133.95,14.93
"2022-01-06 04:00:00",130,14.49
"2022-01-07 04:00:00",129.25,14.4
"2022-01-10 04:00:00",130.2,14.51
"2022-01-11 04:00:00",131.3,14.63
"2022-01-12 04:00:00",132.25,14.74
"2022-01-13 04:00:00",133.1,14.83
"2022-01-14 04:00:00",133.6,14.89
"2022-01-17 04:00:00",134,14.93
"2022-01-18 04:00:00",133.05,14.83
"2022-01-19 04:00:00",129.2,14.4
"2022-01-20 04:00:00",125.2,13.95
"2022-01-21 04:00:00",113.65,12.66
"2022-01-24 04:00:00",91.35,10.18
"2022-01-25 04:00:00",100.45,11.19
"2022-01-27 04:00:00",90.5,10.08
"2022-01-28 04:00:00",89.55,9.98
"2022-01-31 04:00:00",90.4,10.07
"2022-02-01 04:00:00",94.55,10.54
"2022-02-02 04:00:00",98.9,11.02
"2022-02-03 04:00:00",97.1,10.82
"2022-02-04 04:00:00",94.2,10.5
"2022-02-07 04:00:00",93.55,10.42
"2022-02-08 04:00:00",93.55,10.42
"2022-02-09 04:00:00",94.2,10.5
"2022-02-10 04:00:00",94.45,10.52
"2022-02-11 04:00:00",88.7,9.88
"2022-02-14 04:00:00",82.45,9.19
"2022-02-15 04:00:00",82.7,9.22
"2022-02-16 04:00:00",84.95,9.47
"2022-02-17 04:00:00",89.15,9.93
"2022-02-18 04:00:00",85.9,9.57
"2022-02-21 04:00:00",81.55,9.09
"2022-02-22 04:00:00",79.7,8.88
"2022-02-23 04:00:00",84.15,9.38
"2022-02-24 04:00:00",78.5,8.75
"2022-02-25 04:00:00",78.8,8.78
"2022-02-28 04:00:00",79.95,8.91
"2022-03-02 04:00:00",79.85,8.9
"2022-03-03 04:00:00",82.2,9.16
"2022-03-04 04:00:00",80.2,8.94
"2022-03-07 04:00:00",79,8.8
"2022-03-08 04:00:00",78.15,8.71
"2022-03-09 04:00:00",80.35,8.95
"2022-03-10 04:00:00",82.2,9.16
"2022-03-11 04:00:00",79.9,8.9
"2022-03-14 04:00:00",79.3,8.84
"2022-03-15 04:00:00",76.55,8.53
"2022-03-16 04:00:00",75.95,8.46
"2022-03-17 04:00:00",80.85,9.01
"2022-03-21 04:00:00",80.4,8.96
"2022-03-22 04:00:00",81.15,9.04
"2022-03-23 04:00:00",80.75,9
"2022-03-24 04:00:00",80.35,8.95
"2022-03-25 04:00:00",80.6,8.98
"2022-03-28 04:00:00",79.65,8.88
"2022-03-29 04:00:00",78.2,8.71
"2022-03-30 04:00:00",85.05,9.48
"2022-03-31 04:00:00",82.3,9.17
"2022-04-01 04:00:00",84.3,9.39
"2022-04-04 04:00:00",86.25,9.61
"2022-04-05 04:00:00",83.9,9.35
"2022-04-06 04:00:00",84.55,9.42
"2022-04-07 04:00:00",82.5,9.19
"2022-04-08 04:00:00",83.4,9.29
"2022-04-11 04:00:00",84.45,9.41
"2022-04-12 04:00:00",81.5,9.08
"2022-04-13 04:00:00",83.9,9.35
"2022-04-18 04:00:00",82.9,9.24
"2022-04-19 04:00:00",80.45,8.96
"2022-04-20 04:00:00",80.3,8.95
"2022-04-21 04:00:00",80.8,9
"2022-04-22 04:00:00",81.2,9.05
"2022-04-25 04:00:00",78.75,8.77
"2022-04-26 04:00:00",79.6,8.87
"2022-04-27 04:00:00",75.85,8.45
"2022-04-28 04:00:00",73.85,8.23
"2022-04-29 04:00:00",71.75,7.99
"2022-05-02 04:00:00",69.5,7.74
"2022-05-04 04:00:00",64.45,7.18
"2022-05-05 04:00:00",61.15,6.81
"2022-05-06 04:00:00",60.5,6.74
"2022-05-09 04:00:00",56.75,6.32
"2022-05-10 04:00:00",52.45,5.84
"2022-05-11 04:00:00",54.2,6.04
"2022-05-12 04:00:00",51.95,5.79
"2022-05-13 04:00:00",56.85,6.33
"2022-05-16 04:00:00",56.4,6.28
"2022-05-17 04:00:00",56.15,6.26
"2022-05-18 04:00:00",58.75,6.55
"2022-05-19 04:00:00",55.35,6.17
"2022-05-20 04:00:00",58.05,6.47
"2022-05-23 04:00:00",57.05,3.24
"2022-05-24 04:00:00",64.95,3.69
"2022-05-25 04:00:00",62.3,3.54
"2022-05-26 04:00:00",60.45,3.43
"2022-05-27 04:00:00",62.05,3.52
"2022-05-30 04:00:00",71.05,4.03
"2022-05-31 04:00:00",74.65,4.24
"2022-06-01 04:00:00",74.7,4.24
"2022-06-02 04:00:00",71.95,4.09
"2022-06-03 04:00:00",72.15,4.1
"2022-06-06 04:00:00",69.9,3.97
"2022-06-07 04:00:00",65.4,3.71
"2022-06-08 04:00:00",67.15,3.81
"2022-06-09 04:00:00",68.7,3.9
"2022-06-10 04:00:00",69,3.92
"2022-06-13 04:00:00",67.5,3.83
"2022-06-14 04:00:00",70,3.98
"2022-06-15 04:00:00",70.2,3.99
"2022-06-16 04:00:00",67.2,3.82
"2022-06-17 04:00:00",67.05,3.81
"2022-06-20 04:00:00",65,3.69
"2022-06-21 04:00:00",66.05,3.75
"2022-06-22 04:00:00",67.6,3.84
"2022-06-23 04:00:00",69.55,3.95
"2022-06-24 04:00:00",70.5,4
"2022-06-27 04:00:00",65.85,3.74
"2022-06-28 04:00:00",60.3,3.42
"2022-06-29 04:00:00",57.3,3.25
"2022-06-30 04:00:00",53.85,3.06
"2022-07-01 04:00:00",56.15,3.19
"2022-07-04 04:00:00",54.3,3.08
"2022-07-05 04:00:00",55.45,3.15
"2022-07-06 04:00:00",54.35,3.09
"2022-07-07 04:00:00",54.45,3.09
"2022-07-08 04:00:00",54.8,3.11
"2022-07-11 04:00:00",56.1,3.19
"2022-07-12 04:00:00",59,3.35
"2022-07-13 04:00:00",58.35,3.31
"2022-07-14 04:00:00",55.65,3.16
"2022-07-15 04:00:00",53.9,3.06
"2022-07-18 04:00:00",53.6,3.04
"2022-07-19 04:00:00",53.95,3.06
"2022-07-20 04:00:00",53.4,3.03
"2022-07-21 04:00:00",53.5,3.04
"2022-07-22 04:00:00",53.65,3.05
"2022-07-25 04:00:00",47.6,2.7
"2022-07-26 04:00:00",41.65,2.37
"2022-07-27 04:00:00",43.95,2.5
"2022-07-28 04:00:00",45.7,2.6
"2022-07-29 04:00:00",46.8,2.66
"2022-08-01 04:00:00",46.3,2.63
"2022-08-02 04:00:00",55.55,3.15
"2022-08-03 04:00:00",55.45,3.15
"2022-08-04 04:00:00",57.85,3.29
"2022-08-05 04:00:00",54.6,3.1
"2022-08-08 04:00:00",55.45,3.15
"2022-08-10 04:00:00",55.95,3.18
"2022-08-11 04:00:00",57.9,3.29
"2022-08-12 04:00:00",61.75,3.51
"2022-08-16 04:00:00",64.25,3.65
"2022-08-17 04:00:00",65.25,3.71
"2022-08-18 04:00:00",67.1,3.81
"2022-08-19 04:00:00",61.45,3.49
"2022-08-22 04:00:00",62,3.52
"2022-08-23 04:00:00",64.45,3.66
"2022-08-24 04:00:00",62.2,3.53
"2022-08-25 04:00:00",62.1,3.53
"2022-08-26 04:00:00",61.85,3.51
"2022-08-29 04:00:00",59.2,3.36
"2022-08-30 04:00:00",57.95,3.29
"2022-09-01 04:00:00",62.45,3.55
"2022-09-02 04:00:00",59.75,3.39
"2022-09-05 04:00:00",59.65,3.39
"2022-09-06 04:00:00",59.7,3.39
"2022-09-07 04:00:00",59.5,3.38
"2022-09-08 04:00:00",61.35,3.48
"2022-09-09 04:00:00",62.8,3.57
"2022-09-12 04:00:00",62.55,3.55
"2022-09-13 04:00:00",65.45,3.72
"2022-09-14 04:00:00",63.3,3.59
"2022-09-15 04:00:00",64.6,3.67
"2022-09-16 04:00:00",63.2,3.59
"2022-09-19 04:00:00",63.95,3.63
"2022-09-20 04:00:00",62.85,3.57
"2022-09-21 04:00:00",63.45,3.6
"2022-09-22 04:00:00",63.3,3.59
"2022-09-23 04:00:00",60.8,3.45
"2022-09-26 04:00:00",57.8,3.28
"2022-09-27 04:00:00",58.85,3.34
"2022-09-28 04:00:00",58.05,3.3
"2022-09-29 04:00:00",61.2,3.48
"2022-09-30 04:00:00",62.35,3.54
"2022-10-03 04:00:00",61.9,3.52
"2022-10-04 04:00:00",64.05,3.64
"2022-10-06 04:00:00",65.55,3.72
"2022-10-07 04:00:00",69.55,3.95
"2022-10-10 04:00:00",68.7,3.9
"2022-10-11 04:00:00",65.55,3.72
"2022-10-12 04:00:00",63.75,3.62
"2022-10-13 04:00:00",61.25,3.48
"2022-10-14 04:00:00",61.9,3.52
"2022-10-17 04:00:00",62.65,3.56
"2022-10-18 04:00:00",63,3.58
"2022-10-19 04:00:00",62.05,3.52
"2022-10-20 04:00:00",61.3,3.48
"2022-10-21 04:00:00",61.8,3.51
"2022-10-24 04:00:00",62.35,3.54
"2022-10-25 04:00:00",64.6,3.67
"2022-10-27 04:00:00",65.1,3.7
"2022-10-28 04:00:00",62.6,3.56
"2022-10-31 04:00:00",63.1,3.58
"2022-11-01 04:00:00",63.5,3.61
"2022-11-02 04:00:00",63,3.58
"2022-11-03 04:00:00",62.2,3.53
"2022-11-04 04:00:00",63,3.58
"2022-11-07 04:00:00",65.1,3.7
"2022-11-09 04:00:00",65.3,3.71
"2022-11-10 04:00:00",63.95,3.63
"2022-11-11 04:00:00",72.8,4.13
"2022-11-14 04:00:00",69.6,3.95
"2022-11-15 04:00:00",69.95,3.97
"2022-11-16 04:00:00",68.7,3.9
"2022-11-17 04:00:00",67.7,3.84
"2022-11-18 04:00:00",67.15,3.81
"2022-11-21 04:00:00",64.3,3.65
"2022-11-22 04:00:00",63.95,3.63
"2022-11-23 04:00:00",61.75,3.51
"2022-11-24 04:00:00",63.2,3.59
"2022-11-25 04:00:00",64,3.63
"2022-11-28 04:00:00",64.4,3.66
"2022-11-29 04:00:00",63.55,3.61
"2022-11-30 04:00:00",65.25,3.71
"2022-12-01 04:00:00",66.65,3.79
"2022-12-02 04:00:00",68.55,3.89
"2022-12-05 04:00:00",65.45,3.72
"2022-12-06 04:00:00",64.8,3.68
"2022-12-07 04:00:00",64.45,3.66
"2022-12-08 04:00:00",63.8,3.62
"2022-12-09 04:00:00",64.15,3.64
"2022-12-12 04:00:00",64.4,3.66
"2022-12-13 04:00:00",64.6,3.67
"2022-12-14 04:00:00",65,3.69
"2022-12-15 04:00:00",64.15,3.64
"2022-12-16 04:00:00",62.15,3.53
"2022-12-19 04:00:00",62.15,3.53
"2022-12-20 04:00:00",62.85,3.57
"2022-12-21 04:00:00",61.35,3.48
"2022-12-22 04:00:00",58.95,3.35
"2022-12-23 04:00:00",53.65,3.05
"2022-12-26 04:00:00",58.15,3.3
"2022-12-27 04:00:00",58.95,3.35
"2022-12-28 04:00:00",60.15,3.42
"2022-12-29 04:00:00",60.85,3.46
"2022-12-30 04:00:00",59.3,3.37
"2023-01-02 04:00:00",60.3,3.42
"2023-01-03 04:00:00",58.95,3.35
"2023-01-04 04:00:00",56.35,3.2
"2023-01-05 04:00:00",56.2,3.19
"2023-01-06 04:00:00",55.25,3.14
"2023-01-09 04:00:00",56,3.18
"2023-01-10 04:00:00",54.7,3.11
"2023-01-11 04:00:00",54.35,3.09
"2023-01-12 04:00:00",53.75,3.05
"2023-01-13 04:00:00",53.25,3.02
"2023-01-16 04:00:00",52.7,2.99
"2023-01-17 04:00:00",50.15,2.85
"2023-01-18 04:00:00",51,2.9
"2023-01-19 04:00:00",51.1,2.9
"2023-01-20 04:00:00",51.45,2.92
"2023-01-23 04:00:00",51,2.9
"2023-01-24 04:00:00",52.1,2.96
"2023-01-25 04:00:00",47.75,2.71
"2023-01-27 04:00:00",46.95,2.67
"2023-01-30 04:00:00",47.4,2.69
"2023-01-31 04:00:00",49.75,2.83
"2023-02-01 04:00:00",48.15,2.73
"2023-02-02 04:00:00",47.5,2.7
"2023-02-03 04:00:00",48.75,2.77
"2023-02-06 04:00:00",47.75,2.71
"2023-02-07 04:00:00",49.35,2.8
"2023-02-08 04:00:00",54.3,3.08
"2023-02-09 04:00:00",54.4,3.09
"2023-02-10 04:00:00",53.3,3.03
"2023-02-13 04:00:00",51.8,2.94
"2023-02-14 04:00:00",50.35,2.86
"2023-02-15 04:00:00",50.25,2.85
"2023-02-16 04:00:00",51.4,2.92
"2023-02-17 04:00:00",51.8,2.94
"2023-02-20 04:00:00",54.6,3.1
"2023-02-21 04:00:00",55.35,3.14
"2023-02-22 04:00:00",52.95,3.01
"2023-02-23 04:00:00",54.95,3.12
"2023-02-24 04:00:00",54.45,3.09
"2023-02-27 04:00:00",53.6,3.04
"2023-02-28 04:00:00",53.5,3.04
"2023-03-01 04:00:00",54.95,3.12
"2023-03-02 04:00:00",54.55,3.1
"2023-03-03 04:00:00",53.65,3.05
"2023-03-06 04:00:00",53.95,3.06
"2023-03-08 04:00:00",54.8,3.11
"2023-03-09 04:00:00",54.05,3.07
"2023-03-10 04:00:00",53.85,3.06
"2023-03-13 04:00:00",51.9,2.95
"2023-03-14 04:00:00",50.75,2.88
"2023-03-15 04:00:00",50.75,2.88
"2023-03-16 04:00:00",53.05,3.01
"2023-03-17 04:00:00",54.9,3.12
"2023-03-20 04:00:00",53.55,3.04
"2023-03-21 04:00:00",53,3.01
"2023-03-22 04:00:00",53.1,3.02
"2023-03-23 04:00:00",52.65,2.99
"2023-03-24 04:00:00",50.65,2.88
"2023-03-27 04:00:00",50.1,2.85
"2023-03-28 04:00:00",50.25,2.85
"2023-03-29 04:00:00",51.25,2.91
"2023-03-31 04:00:00",51,2.9
"2023-04-03 04:00:00",51.95,2.95
"2023-04-05 04:00:00",51.7,2.94
"2023-04-06 04:00:00",52.15,2.96
"2023-04-10 04:00:00",53.95,3.06
"2023-04-11 04:00:00",53.95,3.06
"2023-04-12 04:00:00",53.2,3.02
"2023-04-13 04:00:00",53.85,3.06
"2023-04-17 04:00:00",53.95,3.06
"2023-04-18 04:00:00",53.3,3.03
"2023-04-19 04:00:00",54.15,3.08
"2023-04-20 04:00:00",54.2,3.08
"2023-04-21 04:00:00",56.05,3.18
"2023-04-24 04:00:00",56,3.18
"2023-04-25 04:00:00",57.75,3.28
"2023-04-26 04:00:00",58.2,3.31
"2023-04-27 04:00:00",60.7,3.45
"2023-04-28 04:00:00",64.9,3.69
"2023-05-02 04:00:00",63.45,3.6
"2023-05-03 04:00:00",63.55,3.61
"2023-05-04 04:00:00",65.7,3.73
"2023-05-05 04:00:00",65.4,3.71
"2023-05-08 04:00:00",64.9,3.69
"2023-05-09 04:00:00",60.95,3.46
"2023-05-10 04:00:00",61.8,3.51
"2023-05-11 04:00:00",62.4,3.54
"2023-05-12 04:00:00",62.6,3.56
"2023-05-15 04:00:00",63.7,3.62
"2023-05-16 04:00:00",63,3.58
"2023-05-17 04:00:00",63.35,3.6
"2023-05-18 04:00:00",63.5,3.61
"2023-05-19 04:00:00",64.5,3.2
"2023-05-22 04:00:00",63.5,3.15
"2023-05-23 04:00:00",63.2,3.14
"2023-05-24 04:00:00",64.45,3.2
"2023-05-25 04:00:00",67.3,3.34
"2023-05-26 04:00:00",67.25,3.34
"2023-05-29 04:00:00",67.1,3.33
"2023-05-30 04:00:00",66.85,3.32
"2023-05-31 04:00:00",69.05,3.43
"2023-06-01 04:00:00",67.95,3.37
"2023-06-02 04:00:00",71.15,3.53
"2023-06-05 04:00:00",71.25,3.53
"2023-06-06 04:00:00",72.35,3.59
"2023-06-07 04:00:00",74.5,3.7
"2023-06-08 04:00:00",75.8,3.76
"2023-06-09 04:00:00",77.6,3.85
"2023-06-12 04:00:00",77.95,3.87
"2023-06-13 04:00:00",78.3,3.88
"2023-06-14 04:00:00",74.1,3.68
"2023-06-15 04:00:00",75.1,3.73
"2023-06-16 04:00:00",74.45,3.69
"2023-06-19 04:00:00",75.85,3.76
"2023-06-20 04:00:00",75.85,3.76
"2023-06-21 04:00:00",75.1,3.73
"2023-06-22 04:00:00",74.35,3.69
"2023-06-23 04:00:00",74.15,3.68
"2023-06-26 04:00:00",74.85,3.71
"2023-06-27 04:00:00",76.15,3.78
"2023-06-28 04:00:00",74.9,3.72
"2023-06-30 04:00:00",75.05,3.72
"2023-07-03 04:00:00",75.65,3.75
"2023-07-04 04:00:00",74.8,3.71
"2023-07-05 04:00:00",74.05,3.67
"2023-07-06 04:00:00",74.75,3.71
"2023-07-07 04:00:00",73.25,3.63
"2023-07-10 04:00:00",74.8,3.71
"2023-07-11 04:00:00",76.8,3.81
"2023-07-12 04:00:00",77.5,3.84
"2023-07-13 04:00:00",82.2,4.08
"2023-07-14 04:00:00",82.55,4.1
"2023-07-17 04:00:00",80.15,3.98
"2023-07-18 04:00:00",78.7,3.9
"2023-07-19 04:00:00",77.65,3.85
"2023-07-20 04:00:00",77.6,3.85
"2023-07-21 04:00:00",80.3,3.98
"2023-07-24 04:00:00",81.3,4.03
"2023-07-25 04:00:00",82.65,4.1
"2023-07-26 04:00:00",83.35,4.13
"2023-07-27 04:00:00",84.95,4.21
"2023-07-28 04:00:00",86.8,4.31
"2023-07-31 04:00:00",84.1,4.17
"2023-08-01 04:00:00",84.75,4.2
"2023-08-02 04:00:00",85.05,4.22
"2023-08-03 04:00:00",86.55,4.29
"2023-08-04 04:00:00",95.4,4.73
"2023-08-07 04:00:00",97.6,4.84
"2023-08-08 04:00:00",93.45,4.64
"2023-08-09 04:00:00",94.1,4.67
"2023-08-10 04:00:00",94.25,4.68
"2023-08-11 04:00:00",93.45,4.64
"2023-08-14 04:00:00",92.75,4.6
"2023-08-16 04:00:00",91.9,4.56
"2023-08-17 04:00:00",91.15,4.52
"2023-08-18 04:00:00",89.35,4.43
"2023-08-21 04:00:00",89.75,4.45
"2023-08-22 04:00:00",91.9,4.56
"2023-08-23 04:00:00",94.3,4.68
"2023-08-24 04:00:00",93.8,4.65
"2023-08-25 04:00:00",91,4.51
"2023-08-28 04:00:00",92.35,4.58
"2023-08-29 04:00:00",94.7,4.7
"2023-08-30 04:00:00",99.8,4.95
"2023-08-31 04:00:00",97.6,4.84
"2023-09-01 04:00:00",97.2,4.82
"2023-09-04 04:00:00",98.05,4.86
"2023-09-05 04:00:00",98.2,4.87
"2023-09-06 04:00:00",98.2,4.87
"2023-09-07 04:00:00",100.05,4.96
"2023-09-08 04:00:00",99.6,4.94
"2023-09-11 04:00:00",101.35,5.03
"2023-09-12 04:00:00",98.75,4.9
"2023-09-13 04:00:00",97.9,4.86
"2023-09-14 04:00:00",99.45,4.93
"2023-09-15 04:00:00",102.95,5.11
"2023-09-18 04:00:00",102.15,5.07
"2023-09-20 04:00:00",100,4.96
"2023-09-21 04:00:00",99.15,4.92
"2023-09-22 04:00:00",99.9,4.96
"2023-09-25 04:00:00",98.45,4.88
"2023-09-26 04:00:00",99.9,4.96
"2023-09-27 04:00:00",100.1,4.97
"2023-09-28 04:00:00",99.95,4.96
"2023-09-29 04:00:00",101.5,5.04
"2023-10-03 04:00:00",105.3,5.22
"2023-10-04 04:00:00",100.75,5
"2023-10-05 04:00:00",105.4,5.23
"2023-10-06 04:00:00",104.45,5.18
"2023-10-09 04:00:00",103.9,5.15
"2023-10-10 04:00:00",106.05,5.26
"2023-10-11 04:00:00",109,5.41
"2023-10-12 04:00:00",109.85,5.45
"2023-10-13 04:00:00",111,5.51
"2023-10-16 04:00:00",111.5,5.53
"2023-10-17 04:00:00",113.85,5.62
"2023-10-18 04:00:00",113.2,5.62
"2023-10-19 04:00:00",111.65,5.54
"2023-10-20 04:00:00",113.35,5.62
"2023-10-23 04:00:00",108.9,5.4
"2023-10-25 04:00:00",108.25,5.37
"2023-10-26 04:00:00",106.45,5.28
"2023-10-27 04:00:00",105.65,5.24
"2023-10-30 04:00:00",107.7,5.34
"2023-10-31 04:00:00",105.1,5.21
"2023-11-01 04:00:00",103.7,5.14
"2023-11-02 04:00:00",107.55,5.34
"2023-11-03 04:00:00",116.5,5.78
"2023-11-06 04:00:00",123.3,6.12
"2023-11-07 04:00:00",121.3,6.02
"2023-11-08 04:00:00",125.15,6.21
"2023-11-09 04:00:00",121.85,6.04
"2023-11-10 04:00:00",121.3,6.02
"2023-11-12 04:00:00",123.25,6.11
"2023-11-13 04:00:00",122.2,6.06
"2023-11-15 04:00:00",120.25,5.97
"2023-11-16 04:00:00",121.85,6.04
"2023-11-17 04:00:00",122.2,6.06
"2023-11-20 04:00:00",118.15,5.86
"2023-11-21 04:00:00",116.5,5.78
"2023-11-22 04:00:00",115.3,5.72
"2023-11-23 04:00:00",112.95,5.6
"2023-11-24 04:00:00",113.25,5.62
"2023-11-28 04:00:00",113.8,5.65
"2023-11-29 04:00:00",116.6,5.78
"2023-11-30 04:00:00",118.55,5.88
"2023-12-01 04:00:00",116.3,5.77
"2023-12-04 04:00:00",117.4,5.82
"2023-12-05 04:00:00",116.75,5.79
"2023-12-06 04:00:00",118.9,5.9
"2023-12-07 04:00:00",121.7,6.04
"2023-12-08 04:00:00",119.95,5.95
"2023-12-11 04:00:00",118.45,5.88
"2023-12-12 04:00:00",116.75,5.79
"2023-12-13 04:00:00",120,5.95
"2023-12-14 04:00:00",124.15,6.16
"2023-12-15 04:00:00",123.6,6.13
"2023-12-18 04:00:00",128.55,6.38
"2023-12-19 04:00:00",130.25,6.46
"2023-12-20 04:00:00",124.75,6.19
"2023-12-21 04:00:00",127.35,6.32
"2023-12-22 04:00:00",128.5,6.37
"2023-12-26 04:00:00",125,6.2
"2023-12-27 04:00:00",127.05,6.3
"2023-12-28 04:00:00",123.2,6.11
"2023-12-29 04:00:00",123.7,6.14
"2024-01-01 04:00:00",124.5,6.18
"2024-01-02 04:00:00",128.7,6.38
"2024-01-03 04:00:00",127.55,6.33
"2024-01-04 04:00:00",129.75,6.44
"2024-01-05 04:00:00",133.3,6.61
"2024-01-08 04:00:00",132.85,6.59
"2024-01-09 04:00:00",134.3,6.66
"2024-01-10 04:00:00",134.65,6.68
"2024-01-11 04:00:00",138.35,6.86
"2024-01-12 04:00:00",139.55,6.92
"2024-01-15 04:00:00",133.4,6.62
"2024-01-16 04:00:00",133.55,6.63
"2024-01-17 04:00:00",127.4,6.32
"2024-01-18 04:00:00",129.45,6.42
"2024-01-19 04:00:00",135.05,6.7
"2024-01-20 04:00:00",133.1,6.6
"2024-01-23 04:00:00",130.1,6.45
"2024-01-24 04:00:00",136.2,6.76
"2024-01-25 04:00:00",136.15,6.75
"2024-01-29 04:00:00",135.55,6.72
"2024-01-30 04:00:00",137.2,6.81
"2024-01-31 04:00:00",139.55,6.92
"2024-02-01 04:00:00",140.55,6.97
"2024-02-02 04:00:00",143.8,7.13
"2024-02-05 04:00:00",140.25,6.96
"2024-02-06 04:00:00",139.95,6.94
"2024-02-07 04:00:00",140.4,6.97
"2024-02-08 04:00:00",144.1,7.15
"2024-02-09 04:00:00",149.45,7.41
"2024-02-12 04:00:00",153.8,7.63
"2024-02-13 04:00:00",154.75,7.68
"2024-02-14 04:00:00",152.25,7.55
"2024-02-15 04:00:00",154.85,7.68
"2024-02-16 04:00:00",156.7,7.77
"2024-02-19 04:00:00",157.5,7.81
"2024-02-20 04:00:00",161.05,7.99
"2024-02-21 04:00:00",158.65,7.87
"2024-02-22 04:00:00",162.1,8.04
"2024-02-23 04:00:00",164.05,8.14
"2024-02-26 04:00:00",164.2,8.15
"2024-02-27 04:00:00",161.3,8
"2024-02-28 04:00:00",159.35,7.91
"2024-02-29 04:00:00",165.45,8.21
"2024-03-01 04:00:00",166.5,8.26
"2024-03-02 04:00:00",,8.32
"2024-03-04 04:00:00",169.8,8.42
"2024-03-05 04:00:00",165.85,8.23
"2024-03-06 04:00:00",161.55,8.01
"2024-03-07 04:00:00",160,7.94
"2024-03-11 04:00:00",154.85,7.68
"2024-03-12 04:00:00",156.9,7.78
"2024-03-13 04:00:00",148.65,7.37
"2024-03-14 04:00:00",152.75,7.58
"2024-03-15 04:00:00",160.05,7.94
"2024-03-18 04:00:00",158.25,7.85
"2024-03-19 04:00:00",157.95,7.84
"2024-03-20 04:00:00",165.6,8.22
"2024-03-21 04:00:00",169.65,8.42
"2024-03-22 04:00:00",174.2,8.64
"2024-03-26 04:00:00",182.6,9.06
"2024-03-27 04:00:00",179.45,8.9
"2024-03-28 04:00:00",182.1,9.03
"2024-04-01 04:00:00",184.5,9.15
"2024-04-02 04:00:00",183.1,9.08
"2024-04-03 04:00:00",178.3,8.85
"2024-04-04 04:00:00",187,9.28
"2024-04-05 04:00:00",190.5,9.45
"2024-04-08 04:00:00",191.8,9.51
"2024-04-09 04:00:00",193.7,9.61
"2024-04-10 04:00:00",196.9,9.77
"2024-04-12 04:00:00",192.1,9.53
"2024-04-15 04:00:00",188.3,9.34
"2024-04-16 04:00:00",186.45,9.25
"2024-04-18 04:00:00",185.2,9.19
"2024-04-19 04:00:00",189.2,9.39
"2024-04-22 04:00:00",193.35,9.59
"2024-04-23 04:00:00",187.45,9.3
"2024-04-24 04:00:00",184.4,9.15
"2024-04-25 04:00:00",184.7,9.16
"2024-04-26 04:00:00",188.1,9.33
"2024-04-29 04:00:00",193.6,9.6
"2024-04-30 04:00:00",193.15,9.58
"2024-05-02 04:00:00",195.45,9.7
"2024-05-03 04:00:00",197.25,9.79
"2024-05-06 04:00:00",195.7,9.71
"2024-05-07 04:00:00",191.45,9.5
"2024-05-08 04:00:00",195.45,9.7
"2024-05-09 04:00:00",195.25,9.69
"2024-05-10 04:00:00",201.3,9.99
"2024-05-13 04:00:00",194.3,9.04
"2024-05-14 04:00:00",187.3,8.72
"2024-05-15 04:00:00",192,8.94
"2024-05-16 04:00:00",195.2,9.09
"2024-05-17 04:00:00",194.85,9.07
"2024-05-18 04:00:00",194.4,9.05
"2024-05-21 04:00:00",189.1,8.8
"2024-05-22 04:00:00",185.5,8.63
"2024-05-23 04:00:00",186.8,8.69
"2024-05-24 04:00:00",182.9,8.51
"2024-05-27 04:00:00",183.65,8.55
"2024-05-28 04:00:00",181.6,8.45
"2024-05-29 04:00:00",183.35,8.53
"2024-05-30 04:00:00",180.6,8.41
"2024-05-31 04:00:00",179.15,8.34
"2024-06-03 04:00:00",175.45,8.17
"2024-06-04 04:00:00",172,8.01
"2024-06-05 04:00:00",183.8,8.55
"2024-06-06 04:00:00",183.65,8.55
"2024-06-07 04:00:00",184,8.56
"2024-06-10 04:00:00",182.16,8.48
"2024-06-11 04:00:00",184.02,8.56
"2024-06-12 04:00:00",179.65,8.36
"2024-06-13 04:00:00",184.94,8.61
"2024-06-14 04:00:00",186.24,8.67
"2024-06-18 04:00:00",188.61,8.78
"2024-06-19 04:00:00",198.49,9.24
"2024-06-20 04:00:00",197.05,9.17
"2024-06-21 04:00:00",193.95,9.03
"2024-06-24 04:00:00",198.92,9.26
"2024-06-25 04:00:00",202.27,9.41
"2024-06-26 04:00:00",197.25,9.18
"2024-06-27 04:00:00",200.15,9.32
"2024-06-28 04:00:00",200.56,9.33
"2024-07-01 04:00:00",203.97,9.49
"2024-07-02 04:00:00",209.09,9.73
"2024-07-03 04:00:00",208.44,9.7
"2024-07-04 04:00:00",207.44,9.65
"2024-07-05 04:00:00",207.57,9.66
"2024-07-08 04:00:00",207.93,9.68
"2024-07-09 04:00:00",212.56,9.89
"2024-07-10 04:00:00",211.37,9.84
"2024-07-11 04:00:00",217.14,10.11
"2024-07-12 04:00:00",222.47,10.35
"2024-07-15 04:00:00",229.15,10.67
"2024-07-16 04:00:00",217.49,10.12
"2024-07-18 04:00:00",220.62,10.27
"2024-07-19 04:00:00",218.89,10.19
"2024-07-22 04:00:00",221.66,10.32
"2024-07-23 04:00:00",217.91,10.14
"2024-07-24 04:00:00",223.49,10.4
"2024-07-25 04:00:00",219.31,10.21
"2024-07-26 04:00:00",224.62,10.45
"2024-07-29 04:00:00",226.89,10.56
"2024-07-30 04:00:00",227.13,10.57
"2024-07-31 04:00:00",229.45,10.68
"2024-08-01 04:00:00",234.09,10.9
"2024-08-02 04:00:00",262.34,12.21
"2024-08-05 04:00:00",256.29,11.93
"2024-08-06 04:00:00",249.08,11.59
"2024-08-07 04:00:00",265.67,12.36
"2024-08-08 04:00:00",265.59,12.36
"2024-08-09 04:00:00",267.09,12.43
"2024-08-12 04:00:00",263.43,12.26
"2024-08-13 04:00:00",257.08,11.97
"2024-08-14 04:00:00",260.14,12.11
"2024-08-16 04:00:00",264.43,12.31
"2024-08-19 04:00:00",262.17,12.2
"2024-08-20 04:00:00",263.12,12.25
"2024-08-21 04:00:00",260.03,12.1
"2024-08-22 04:00:00",257.96,12.01
"2024-08-23 04:00:00",262.65,12.22
"2024-08-26 04:00:00",259.39,12.07
"2024-08-27 04:00:00",256.05,11.92
"2024-08-28 04:00:00",253.04,11.78
"2024-08-29 04:00:00",252.34,11.74
"2024-08-30 04:00:00",250.53,11.66
"2024-09-02 04:00:00",244.45,11.38
"2024-09-03 04:00:00",247.7,11.53
"2024-09-04 04:00:00",242.85,11.3
"2024-09-05 04:00:00",254.85,11.86
"2024-09-06 04:00:00",259.95,12.1
"2024-09-09 04:00:00",263.2,12.25
"2024-09-10 04:00:00",267.7,12.46
"2024-09-11 04:00:00",271.75,12.65
"2024-09-12 04:00:00",283.9,13.21
"2024-09-13 04:00:00",272.9,12.7
"2024-09-16 04:00:00",277.7,12.92
"2024-09-17 04:00:00",270.75,12.6
"2024-09-18 04:00:00",275.85,12.84
"2024-09-19 04:00:00",278.85,12.98
"2024-09-20 04:00:00",290.5,13.52
"2024-09-23 04:00:00",297,13.82
"2024-09-24 04:00:00",291.7,13.58
"2024-09-25 04:00:00",285.4,13.28
"2024-09-26 04:00:00",283.9,13.21
"2024-09-27 04:00:00",278.15,12.95
"2024-09-30 04:00:00",273.3,12.72
"2024-10-01 04:00:00",274.15,12.76
"2024-10-03 04:00:00",269,12.52
"2024-10-04 04:00:00",275.3,12.81
"2024-10-07 04:00:00",266.1,12.38
"2024-10-08 04:00:00",278.7,12.97
"2024-10-09 04:00:00",279.95,13.03
"2024-10-10 04:00:00",275.35,12.82
"2024-10-11 04:00:00",277.55,12.92
"2024-10-14 04:00:00",280.05,13.03
"2024-10-15 04:00:00",279.55,13.01
"2024-10-16 04:00:00",274.25,12.76
"2024-10-17 04:00:00",270.55,12.59
"2024-10-18 04:00:00",257.45,11.98
"2024-10-21 04:00:00",265.7,12.37
"2024-10-22 04:00:00",256.35,11.93
"2024-10-23 04:00:00",264.05,12.29
"2024-10-24 04:00:00",254.3,11.84
"2024-10-25 04:00:00",253.8,11.81
"2024-10-28 04:00:00",253.95,11.82
"2024-10-29 04:00:00",252.25,11.74
"2024-10-30 04:00:00",246.85,11.49
"2024-10-31 04:00:00",241.75,11.25
"2024-11-01 04:00:00",248.99,11.59
"2024-11-04 04:00:00",245.08,11.41
"2024-11-05 04:00:00",241.87,11.26
"2024-11-06 04:00:00",254.94,11.87
"2024-11-07 04:00:00",255.22,11.88
"2024-11-08 04:00:00",248.73,11.58
"2024-11-11 04:00:00",258.62,12.04
"2024-11-12 04:00:00",260.99,12.15
"2024-11-13 04:00:00",258.4,12.03
"2024-11-14 04:00:00",269.66,12.55
"2024-11-18 04:00:00",270.79,12.6
"2024-11-19 04:00:00",271.36,12.63
"2024-11-21 04:00:00",266.81,12.42
"2024-11-22 04:00:00",264.2,12.3
"2024-11-25 04:00:00",273.31,12.72
"2024-11-26 04:00:00",280.11,13.04
"2024-11-27 04:00:00",284.72,13.25
"2024-11-28 04:00:00",286.13,13.32
"2024-11-29 04:00:00",279.76,13.02
"2024-12-02 04:00:00",282.5,13.15
"2024-12-03 04:00:00",279.85,13.02
"2024-12-04 04:00:00",286.25,13.32
"2024-12-05 04:00:00",299.35,13.93
"2024-12-06 04:00:00",302.95,14.1
"2024-12-09 04:00:00",295.3,13.74
"2024-12-10 04:00:00",295.85,13.77
"2024-12-11 04:00:00",291.8,13.58
"2024-12-12 04:00:00",284.9,13.26
"2024-12-13 04:00:00",288.25,13.42
"2024-12-16 04:00:00",294.15,13.69
"2024-12-17 04:00:00",296.8,13.81
"2024-12-18 04:00:00",291.9,13.59
"2024-12-19 04:00:00",288.5,13.43
"2024-12-20 04:00:00",282.1,13.13
"2024-12-23 04:00:00",273.95,12.75
"2024-12-24 04:00:00",274.85,12.79
"2024-12-26 04:00:00",273.2,12.72
"2024-12-27 04:00:00",271.25,12.62
"2024-12-30 04:00:00",282.1,13.13
"2024-12-31 04:00:00",278.05,12.94
"2025-01-01 04:00:00",276.5,12.87
"2025-01-02 04:00:00",284.6,13.25
"2025-01-03 04:00:00",272.85,12.7
"2025-01-06 04:00:00",264.85,12.33
"2025-01-07 04:00:00",252.45,11.75
"2025-01-08 04:00:00",250.05,11.64
"2025-01-09 04:00:00",245.35,11.42
"2025-01-10 04:00:00",242.95,11.31
"2025-01-13 04:00:00",227.15,10.57
"2025-01-14 04:00:00",233.6,10.87
"2025-01-15 04:00:00",243.9,11.35
"2025-01-16 04:00:00",241.9,11.26
"2025-01-17 04:00:00",248.8,11.58
"2025-01-20 04:00:00",239.75,11.16
"2025-01-21 04:00:00",214.55,9.99
"2025-01-22 04:00:00",216.45,10.07
"2025-01-23 04:00:00",221.95,10.33
"2025-01-24 04:00:00",215.6,10.03
"2025-01-27 04:00:00",206.2,9.6
"2025-01-28 04:00:00",208.2,9.69
"2025-01-29 04:00:00",222.5,10.36
"2025-01-30 04:00:00",218.8,10.18
"2025-01-31 04:00:00",220.35,10.26
"2025-02-01 04:00:00",236.32,11
"2025-02-03 04:00:00",238.2,11.09
"2025-02-04 04:00:00",234.54,10.92
"2025-02-05 04:00:00",231.12,10.76
"2025-02-06 04:00:00",229.05,10.66
"2025-02-07 04:00:00",233.9,10.89
"2025-02-10 04:00:00",227.25,10.58
"2025-02-11 04:00:00",215.45,10.03
"2025-02-12 04:00:00",214.7,9.99
"2025-02-13 04:00:00",217.87,10.14
"2025-02-14 04:00:00",215.99,10.05
"2025-02-17 04:00:00",218.53,10.17
"2025-02-18 04:00:00",223.31,10.39
"2025-02-19 04:00:00",234.1,10.9
"2025-02-20 04:00:00",233.93,10.89
"2025-02-21 04:00:00",230.36,10.72
"2025-02-24 04:00:00",222.69,10.36
"2025-02-25 04:00:00",225.63,10.5
"2025-02-27 04:00:00",229.04,10.66
"2025-02-28 04:00:00",222.1,10.34
"2025-03-03 04:00:00",222.14,10.34
"2025-03-04 04:00:00",227.61,10.59
"2025-03-05 04:00:00",227.02,10.57
"2025-03-06 04:00:00",225.43,10.49
"2025-03-07 04:00:00",216.83,10.09
"2025-03-10 04:00:00",211.28,9.83
"2025-03-11 04:00:00",208.07,9.68
"2025-03-12 04:00:00",205.46,9.56
"2025-03-13 04:00:00",201.43,9.38
"2025-03-17 04:00:00",203.69,9.48
"2025-03-18 04:00:00",218.19,10.16
"2025-03-19 04:00:00",223.53,10.4
"2025-03-20 04:00:00",224.47,10.45
"2025-03-21 04:00:00",227.52,10.59
"2025-03-24 04:00:00",222.8,10.37
"2025-03-25 04:00:00",209.81,9.77
"2025-03-26 04:00:00",203.29,9.46
"2025-03-27 04:00:00",206.28,9.6
"2025-03-28 04:00:00",201.7,9.39
"2025-04-01 04:00:00",202.01,9.4
"2025-04-02 04:00:00",212.03,9.87
"2025-04-03 04:00:00",210.9,9.82
"2025-04-04 04:00:00",210.53,9.8
"2025-04-07 04:00:00",209.63,9.76
"2025-04-08 04:00:00",215.19,10.02
"2025-04-09 04:00:00",211.39,9.84
"2025-04-11 04:00:00",217.2,10.11
"2025-04-15 04:00:00",222.23,10.34
"2025-04-16 04:00:00",222.08,10.34
"2025-04-17 04:00:00",231.6,10.78
"2025-04-21 04:00:00",234.24,10.9
"2025-04-22 04:00:00",237.47,11.05
"2025-04-23 04:00:00",239.24,11.13
"2025-04-24 04:00:00",236.38,11
"2025-04-25 04:00:00",228.81,10.65
"2025-04-28 04:00:00",227.21,10.57
"2025-04-29 04:00:00",231.11,10.76
"2025-04-30 04:00:00",232.52,10.82
"2025-05-02 04:00:00",234.29,7.01
"2025-05-05 04:00:00",239.9,7.18
"2025-05-06 04:00:00",232.64,6.96
"2025-05-07 04:00:00",236.9,7.09
"2025-05-08 04:00:00",229.81,6.88
"2025-05-09 04:00:00",227.14,6.8
"2025-05-12 04:00:00",239.5,7.17
"2025-05-13 04:00:00",231.65,6.93
"2025-05-14 04:00:00",236.86,7.09
"2025-05-15 04:00:00",242.59,7.26
"2025-05-16 04:00:00",245.76,7.35
"2025-05-19 04:00:00",238.03,7.12
"2025-05-20 04:00:00",228.28,6.83
"2025-05-21 04:00:00",229.97,6.88
"2025-05-22 04:00:00",229.02,6.85
"2025-05-23 04:00:00",237.55,7.11
"2025-05-26 04:00:00",226.8,6.79
"2025-05-27 04:00:00",224.79,6.73
"2025-05-28 04:00:00",224.18,6.71
"2025-05-29 04:00:00",228.37,6.83
"2025-05-30 04:00:00",238.31,7.13
"2025-06-02 04:00:00",241.2,7.22
"2025-06-03 04:00:00",237.7,7.11
"2025-06-04 04:00:00",245.68,7.35
"2025-06-05 04:00:00",256.56,7.68
"2025-06-06 04:00:00",261.86,7.83
"2025-06-09 04:00:00",256.84,7.68
"2025-06-10 04:00:00",255.68,7.65
"2025-06-11 04:00:00",257.07,7.69
"2025-06-12 04:00:00",251.56,7.53
"2025-06-13 04:00:00",249.08,7.45
"2025-06-16 04:00:00",252.15,7.54
"2025-06-17 04:00:00",247.25,7.4
"2025-06-18 04:00:00",248.41,7.43
"2025-06-19 04:00:00",249.42,7.46
"2025-06-20 04:00:00",253.33,7.58
"2025-06-23 04:00:00",254.64,7.62
"2025-06-24 04:00:00",255.07,7.63
"2025-06-25 04:00:00",258.86,7.74
"2025-06-26 04:00:00",265.18,7.93
"2025-06-27 04:00:00",261.86,7.83
"2025-06-30 04:00:00",264.15,7.9
"2025-07-01 04:00:00",261,7.81
"2025-07-02 04:00:00",259.75,7.77
"2025-07-03 04:00:00",260.85,7.8
"2025-07-04 04:00:00",261.4,7.82
"2025-07-07 04:00:00",258.55,7.74
"2025-07-08 04:00:00",263.5,7.88
"2025-07-09 04:00:00",264.55,7.91
"2025-07-10 04:00:00",262.85,7.86
"2025-07-11 04:00:00",263.35,7.88
"2025-07-14 04:00:00",270.6,8.1
"2025-07-15 04:00:00",266.45,7.97
"2025-07-16 04:00:00",262.35,7.85
"2025-07-17 04:00:00",259.65,7.77
"2025-07-18 04:00:00",257.2,7.69
"2025-07-21 04:00:00",271.7,8.13
"2025-07-22 04:00:00",299.8,8.97
"2025-07-23 04:00:00",302.05,9.04
"2025-07-24 04:00:00",313.15,9.37
"2025-07-25 04:00:00",310.55,9.29
"2025-07-28 04:00:00",307.3,9.19
"2025-07-29 04:00:00",306.55,9.17
"2025-07-30 04:00:00",303.45,9.08
"2025-07-31 04:00:00",307.8,9.21
"2025-08-01 04:00:00",304.75,9.12
"2025-08-04 04:00:00",305.25,9.13
"2025-08-05 04:00:00",302.15,9.04
"2025-08-06 04:00:00",298.85,8.94
"2025-08-07 04:00:00",301.75,9.03
"2025-08-08 04:00:00",300.9,9
"2025-08-11 04:00:00",309.4,9.26
"2025-08-12 04:00:00",305.9,9.15
"2025-08-13 04:00:00",312.35,9.34
"2025-08-14 04:00:00",318.4,9.53
"2025-08-18 04:00:00",314.9,9.42
"2025-08-19 04:00:00",321.45,9.62
"2025-08-20 04:00:00",326.55,9.77
"2025-08-21 04:00:00",321.8,9.63
"2025-08-22 04:00:00",319.1,9.55
"2025-08-25 04:00:00",319.25,9.55
"2025-08-26 04:00:00",317.9,9.51
"2025-08-28 04:00:00",315.5,9.44
"2025-08-29 04:00:00",313.95,9.39
"2025-09-01 04:00:00",321.1,9.61
"2025-09-02 04:00:00",322.4,9.65
"2025-09-03 04:00:00",326.1,9.76
"2025-09-04 04:00:00",326.25,9.76
"2025-09-05 04:00:00",329.15,9.85
"2025-09-08 04:00:00",329.65,9.86
"2025-09-09 04:00:00",325.7,9.74
"2025-09-10 04:00:00",324.4,9.71
"2025-09-11 04:00:00",328.1,9.82
"2025-09-12 04:00:00",321.4,9.62
"2025-09-15 04:00:00",323.3,9.67
"2025-09-16 04:00:00",327.3,9.79
"2025-09-17 04:00:00",328.25,9.82
"2025-09-18 04:00:00",337.85,10.11
"2025-09-19 04:00:00",336.55,10.07
"2025-09-22 04:00:00",341.85,10.23
"2025-09-23 04:00:00",338.35,10.12
"2025-09-24 04:00:00",335.8,10.05
"2025-09-25 04:00:00",332.25,9.94
"2025-09-26 04:00:00",321,9.6
"2025-09-29 04:00:00",324.85,9.72
"2025-09-30 04:00:00",325.5,9.74
"2025-10-01 04:00:00",329,9.84
"2025-10-03 04:00:00",328.45,9.83
"2025-10-06 04:00:00",335.1,10.03
"2025-10-07 04:00:00",337.85,10.11
"2025-10-08 04:00:00",341.65,10.22
"2025-10-09 04:00:00",345.5,10.34
"2025-10-10 04:00:00",348.3,10.42
"2025-10-13 04:00:00",348.35,10.42
"2025-10-14 04:00:00",347.75,10.4
"2025-10-15 04:00:00",354.35,10.6
"2025-10-16 04:00:00",347.85,10.41
"2025-10-17 04:00:00",342.65,10.25
"2025-10-20 04:00:00",338.15,10.12
"2025-10-21 04:00:00",338.1,10.12
"2025-10-23 04:00:00",328.35,9.82
"2025-10-24 04:00:00",326.6,9.77
"2025-10-27 04:00:00",333.7,9.98
"2025-10-28 04:00:00",334.6,10.01
"2025-10-29 04:00:00",330.45,9.89
"2025-10-30 04:00:00",329.35,9.85
"2025-10-31 04:00:00",317.75,9.51
"2025-11-03 04:00:00",322.6,9.65
"2025-11-04 04:00:00",313.5,9.38
"2025-11-06 04:00:00",305.65,9.14
"2025-11-07 04:00:00",306.1,9.16
"2025-11-10 04:00:00",301.45,9.02
"2025-11-11 04:00:00",305.8,9.15
"2025-11-12 04:00:00",311.2