"DateTime","HDFCLIFE","HDFCLIFE - Div. Yield"
"2017-11-17 04:00:00",344.6
"2017-11-20 04:00:00",355.35
"2017-11-21 04:00:00",385.3
"2017-11-22 04:00:00",395.2
"2017-11-23 04:00:00",374.85
"2017-11-24 04:00:00",370.7
"2017-11-27 04:00:00",380.35
"2017-11-28 04:00:00",382.2
"2017-11-29 04:00:00",377.8
"2017-11-30 04:00:00",371.5
"2017-12-01 04:00:00",372.75
"2017-12-04 04:00:00",362.8
"2017-12-05 04:00:00",362.35
"2017-12-06 04:00:00",368.35
"2017-12-07 04:00:00",388.3
"2017-12-08 04:00:00",389.3
"2017-12-11 04:00:00",380.8
"2017-12-12 04:00:00",383.8
"2017-12-13 04:00:00",380.8
"2017-12-14 04:00:00",384.3
"2017-12-15 04:00:00",381.4
"2017-12-18 04:00:00",377.45
"2017-12-19 04:00:00",374.9
"2017-12-20 04:00:00",375.15
"2017-12-21 04:00:00",376.05
"2017-12-22 04:00:00",374.55
"2017-12-26 04:00:00",376.55
"2017-12-27 04:00:00",374.85
"2017-12-28 04:00:00",377.95
"2017-12-29 04:00:00",386
"2018-01-01 04:00:00",389.65
"2018-01-02 04:00:00",395.5
"2018-01-03 04:00:00",385.65
"2018-01-04 04:00:00",399
"2018-01-05 04:00:00",407
"2018-01-08 04:00:00",422.1
"2018-01-09 04:00:00",435.5
"2018-01-10 04:00:00",429.25
"2018-01-11 04:00:00",446.7
"2018-01-12 04:00:00",455.95
"2018-01-15 04:00:00",474.85
"2018-01-16 04:00:00",482.65
"2018-01-17 04:00:00",478.4
"2018-01-18 04:00:00",485.05
"2018-01-19 04:00:00",481.5
"2018-01-22 04:00:00",470.2
"2018-01-23 04:00:00",458.55
"2018-01-24 04:00:00",455.25
"2018-01-25 04:00:00",448.5
"2018-01-29 04:00:00",445.35
"2018-01-30 04:00:00",421.85
"2018-01-31 04:00:00",427
"2018-02-01 04:00:00",448.25
"2018-02-02 04:00:00",442.4
"2018-02-05 04:00:00",441.7
"2018-02-06 04:00:00",438.8
"2018-02-07 04:00:00",433.45
"2018-02-08 04:00:00",441.5
"2018-02-09 04:00:00",439.55
"2018-02-12 04:00:00",441.75
"2018-02-14 04:00:00",431.9
"2018-02-15 04:00:00",432
"2018-02-16 04:00:00",431.45
"2018-02-19 04:00:00",435.9
"2018-02-20 04:00:00",434.5
"2018-02-21 04:00:00",449.6
"2018-02-22 04:00:00",450.8
"2018-02-23 04:00:00",468.85
"2018-02-26 04:00:00",468.3
"2018-02-27 04:00:00",469
"2018-02-28 04:00:00",461.2
"2018-03-01 04:00:00",450.95
"2018-03-05 04:00:00",452.9
"2018-03-06 04:00:00",447.35
"2018-03-07 04:00:00",437.55
"2018-03-08 04:00:00",430.55
"2018-03-09 04:00:00",425.55
"2018-03-12 04:00:00",430.4
"2018-03-13 04:00:00",441.95
"2018-03-14 04:00:00",445.25
"2018-03-15 04:00:00",448.6
"2018-03-16 04:00:00",443.3
"2018-03-19 04:00:00",425.9
"2018-03-20 04:00:00",422.85
"2018-03-21 04:00:00",422.5
"2018-03-22 04:00:00",427.5
"2018-03-23 04:00:00",429.15
"2018-03-26 04:00:00",437.55
"2018-03-27 04:00:00",448.65
"2018-03-28 04:00:00",454.45
"2018-04-02 04:00:00",482.65
"2018-04-03 04:00:00",493.6
"2018-04-04 04:00:00",495.85
"2018-04-05 04:00:00",497.95
"2018-04-06 04:00:00",496.35
"2018-04-09 04:00:00",492
"2018-04-10 04:00:00",503.55
"2018-04-11 04:00:00",499.75
"2018-04-12 04:00:00",499.6
"2018-04-13 04:00:00",499.8
"2018-04-16 04:00:00",494.75
"2018-04-17 04:00:00",491.3
"2018-04-18 04:00:00",493.15
"2018-04-19 04:00:00",503.5
"2018-04-20 04:00:00",495.65
"2018-04-23 04:00:00",493.6
"2018-04-24 04:00:00",499.55
"2018-04-25 04:00:00",510.6
"2018-04-26 04:00:00",533.05
"2018-04-27 04:00:00",519.15
"2018-04-30 04:00:00",518.05
"2018-05-02 04:00:00",509.95
"2018-05-03 04:00:00",496
"2018-05-04 04:00:00",500.35
"2018-05-07 04:00:00",499.9
"2018-05-08 04:00:00",509.95
"2018-05-09 04:00:00",514.75
"2018-05-10 04:00:00",517.65
"2018-05-11 04:00:00",523.3
"2018-05-14 04:00:00",540
"2018-05-15 04:00:00",506.5
"2018-05-16 04:00:00",497.55
"2018-05-17 04:00:00",494.3
"2018-05-18 04:00:00",493.95
"2018-05-21 04:00:00",489.65
"2018-05-22 04:00:00",481.6
"2018-05-23 04:00:00",476.35
"2018-05-24 04:00:00",475.05
"2018-05-25 04:00:00",481.5
"2018-05-28 04:00:00",491.25
"2018-05-29 04:00:00",494.25
"2018-05-30 04:00:00",501.2
"2018-05-31 04:00:00",491.15
"2018-06-01 04:00:00",488.85
"2018-06-04 04:00:00",473.85
"2018-06-05 04:00:00",464.35
"2018-06-06 04:00:00",467.2
"2018-06-07 04:00:00",470.55
"2018-06-08 04:00:00",472.15
"2018-06-11 04:00:00",485.85
"2018-06-12 04:00:00",503.2
"2018-06-13 04:00:00",491.25
"2018-06-14 04:00:00",481.5
"2018-06-15 04:00:00",469.75
"2018-06-18 04:00:00",479.2
"2018-06-19 04:00:00",474.75
"2018-06-20 04:00:00",473.4
"2018-06-21 04:00:00",472.4
"2018-06-22 04:00:00",471.4
"2018-06-25 04:00:00",467.2
"2018-06-26 04:00:00",467.8
"2018-06-27 04:00:00",468.7
"2018-06-28 04:00:00",460.75
"2018-06-29 04:00:00",456.15,0.3
"2018-07-02 04:00:00",458.35
"2018-07-04 04:00:00",460
"2018-07-05 04:00:00",461.75
"2018-07-06 04:00:00",468.7
"2018-07-09 04:00:00",474.6
"2018-07-10 04:00:00",475.7
"2018-07-11 04:00:00",468.9
"2018-07-12 04:00:00",479.1
"2018-07-13 04:00:00",471.55
"2018-07-16 04:00:00",459.85
"2018-07-17 04:00:00",464.5
"2018-07-18 04:00:00",473.9
"2018-07-19 04:00:00",471
"2018-07-20 04:00:00",489.6
"2018-07-23 04:00:00",482.95
"2018-07-24 04:00:00",480.15
"2018-07-25 04:00:00",494.35
"2018-07-26 04:00:00",489.4
"2018-07-27 04:00:00",508.4
"2018-07-30 04:00:00",495.2
"2018-07-31 04:00:00",502.7
"2018-08-01 04:00:00",495.75
"2018-08-02 04:00:00",493.1
"2018-08-03 04:00:00",486.4
"2018-08-06 04:00:00",485.4
"2018-08-07 04:00:00",478.1
"2018-08-08 04:00:00",468
"2018-08-09 04:00:00",465.95
"2018-08-10 04:00:00",464.9
"2018-08-13 04:00:00",464.1
"2018-08-14 04:00:00",468.1
"2018-08-16 04:00:00",461.2
"2018-08-17 04:00:00",461.3
"2018-08-20 04:00:00",462.45
"2018-08-21 04:00:00",462.3
"2018-08-23 04:00:00",467.2
"2018-08-24 04:00:00",462.15
"2018-08-27 04:00:00",460.8
"2018-08-28 04:00:00",461.45
"2018-08-29 04:00:00",466.25
"2018-08-30 04:00:00",466.65
"2018-08-31 04:00:00",461.75
"2018-09-03 04:00:00",460.15
"2018-09-04 04:00:00",452.9
"2018-09-05 04:00:00",455.4
"2018-09-06 04:00:00",453.8
"2018-09-07 04:00:00",451.35
"2018-09-10 04:00:00",450.1
"2018-09-11 04:00:00",445.95
"2018-09-12 04:00:00",436.6
"2018-09-14 04:00:00",425.55
"2018-09-17 04:00:00",412.95
"2018-09-18 04:00:00",410.65
"2018-09-19 04:00:00",400.1
"2018-09-21 04:00:00",388.25
"2018-09-24 04:00:00",369.1
"2018-09-25 04:00:00",390
"2018-09-26 04:00:00",403.6
"2018-09-27 04:00:00",404.05
"2018-09-28 04:00:00",391.6
"2018-09-29 04:00:00",,0.35
"2018-10-01 04:00:00",388.35
"2018-10-03 04:00:00",379.65
"2018-10-04 04:00:00",372.3
"2018-10-05 04:00:00",366.9
"2018-10-08 04:00:00",369.15
"2018-10-09 04:00:00",361.35
"2018-10-10 04:00:00",369.75
"2018-10-11 04:00:00",365.75
"2018-10-12 04:00:00",373.25
"2018-10-15 04:00:00",368.85
"2018-10-16 04:00:00",376.25
"2018-10-17 04:00:00",371.4
"2018-10-19 04:00:00",369.7
"2018-10-22 04:00:00",365.7
"2018-10-23 04:00:00",359.95
"2018-10-24 04:00:00",364.75
"2018-10-25 04:00:00",359.85
"2018-10-26 04:00:00",359.8
"2018-10-29 04:00:00",366.2
"2018-10-30 04:00:00",369.8
"2018-10-31 04:00:00",372.3
"2018-11-01 04:00:00",372.5
"2018-11-02 04:00:00",386.6
"2018-11-05 04:00:00",399.15
"2018-11-06 04:00:00",397.65
"2018-11-07 04:00:00",403.6
"2018-11-09 04:00:00",401.35
"2018-11-12 04:00:00",397.75
"2018-11-13 04:00:00",398.55
"2018-11-14 04:00:00",401.45
"2018-11-15 04:00:00",397.8
"2018-11-16 04:00:00",393.4
"2018-11-19 04:00:00",384
"2018-11-20 04:00:00",387.05
"2018-11-21 04:00:00",390.2
"2018-11-22 04:00:00",393.3
"2018-11-26 04:00:00",396.15
"2018-11-27 04:00:00",392.95
"2018-11-28 04:00:00",394.75
"2018-11-29 04:00:00",392.7
"2018-11-30 04:00:00",396.7
"2018-12-03 04:00:00",398.65
"2018-12-04 04:00:00",398.7
"2018-12-05 04:00:00",396.6
"2018-12-06 04:00:00",396.45
"2018-12-07 04:00:00",392.55
"2018-12-10 04:00:00",385.3
"2018-12-11 04:00:00",384.75
"2018-12-12 04:00:00",393.3
"2018-12-13 04:00:00",387.2
"2018-12-14 04:00:00",394.1
"2018-12-17 04:00:00",393.2
"2018-12-18 04:00:00",392.5
"2018-12-19 04:00:00",387.55
"2018-12-20 04:00:00",387.2
"2018-12-21 04:00:00",385.2
"2018-12-24 04:00:00",385.1
"2018-12-26 04:00:00",384.8
"2018-12-27 04:00:00",390.6
"2018-12-28 04:00:00",387.35
"2018-12-30 04:00:00",,0
"2018-12-31 04:00:00",387.15
"2019-01-01 04:00:00",386.4
"2019-01-02 04:00:00",391.15
"2019-01-03 04:00:00",391.3
"2019-01-04 04:00:00",393.5
"2019-01-07 04:00:00",393.05
"2019-01-08 04:00:00",394.7
"2019-01-09 04:00:00",396
"2019-01-10 04:00:00",406.7
"2019-01-11 04:00:00",406.6
"2019-01-14 04:00:00",392.05
"2019-01-15 04:00:00",387.5
"2019-01-16 04:00:00",387.5
"2019-01-17 04:00:00",390.85
"2019-01-18 04:00:00",383.7
"2019-01-21 04:00:00",383.85
"2019-01-22 04:00:00",383.85
"2019-01-23 04:00:00",373.35
"2019-01-24 04:00:00",361.2
"2019-01-25 04:00:00",359.4
"2019-01-28 04:00:00",367.3
"2019-01-29 04:00:00",360.3
"2019-01-30 04:00:00",370.4
"2019-01-31 04:00:00",371.6
"2019-02-01 04:00:00",375.45
"2019-02-04 04:00:00",376.2
"2019-02-05 04:00:00",376.25
"2019-02-06 04:00:00",369.6
"2019-02-07 04:00:00",368.4
"2019-02-08 04:00:00",365.05
"2019-02-11 04:00:00",356.6
"2019-02-12 04:00:00",353.35
"2019-02-13 04:00:00",359.25
"2019-02-14 04:00:00",359.5
"2019-02-15 04:00:00",358.5
"2019-02-18 04:00:00",350.6
"2019-02-19 04:00:00",346.8
"2019-02-20 04:00:00",346.3
"2019-02-21 04:00:00",356.85
"2019-02-22 04:00:00",362.5
"2019-02-25 04:00:00",354.6
"2019-02-26 04:00:00",353.7
"2019-02-27 04:00:00",350.05
"2019-02-28 04:00:00",352.25
"2019-03-01 04:00:00",362.95
"2019-03-05 04:00:00",376.3
"2019-03-06 04:00:00",390.05
"2019-03-07 04:00:00",391.1
"2019-03-08 04:00:00",391.7
"2019-03-11 04:00:00",390.5
"2019-03-12 04:00:00",371.55
"2019-03-13 04:00:00",366.15
"2019-03-14 04:00:00",366.6
"2019-03-15 04:00:00",370.1
"2019-03-18 04:00:00",367.45
"2019-03-19 04:00:00",364.15
"2019-03-20 04:00:00",363.95
"2019-03-22 04:00:00",363.05
"2019-03-25 04:00:00",359.25
"2019-03-26 04:00:00",369.55
"2019-03-27 04:00:00",371.7
"2019-03-28 04:00:00",371.55
"2019-03-29 04:00:00",378.5
"2019-03-30 04:00:00",,0.43
"2019-04-01 04:00:00",383.85
"2019-04-02 04:00:00",380.25
"2019-04-03 04:00:00",384.65
"2019-04-04 04:00:00",378.3
"2019-04-05 04:00:00",386.2
"2019-04-08 04:00:00",385.4
"2019-04-09 04:00:00",381.75
"2019-04-10 04:00:00",377.05
"2019-04-11 04:00:00",394.1
"2019-04-12 04:00:00",405.35
"2019-04-15 04:00:00",405.45
"2019-04-16 04:00:00",408.55
"2019-04-18 04:00:00",406.35
"2019-04-22 04:00:00",397.25
"2019-04-23 04:00:00",397.8
"2019-04-24 04:00:00",400
"2019-04-25 04:00:00",399.1
"2019-04-26 04:00:00",399.65
"2019-04-30 04:00:00",404.55
"2019-05-02 04:00:00",417.2
"2019-05-03 04:00:00",414.25
"2019-05-06 04:00:00",411.1
"2019-05-07 04:00:00",409.25
"2019-05-08 04:00:00",410.25
"2019-05-09 04:00:00",409.55
"2019-05-10 04:00:00",410.05
"2019-05-13 04:00:00",402.65
"2019-05-14 04:00:00",391.05
"2019-05-15 04:00:00",388.3
"2019-05-16 04:00:00",379.9
"2019-05-17 04:00:00",382.55
"2019-05-20 04:00:00",397.05
"2019-05-21 04:00:00",403.2
"2019-05-22 04:00:00",398.1
"2019-05-23 04:00:00",406.3
"2019-05-24 04:00:00",407.95
"2019-05-27 04:00:00",422.6
"2019-05-28 04:00:00",424.95
"2019-05-29 04:00:00",425.65
"2019-05-30 04:00:00",435.6
"2019-05-31 04:00:00",441.65
"2019-06-03 04:00:00",444
"2019-06-04 04:00:00",442.7
"2019-06-06 04:00:00",442.25
"2019-06-07 04:00:00",451.4
"2019-06-10 04:00:00",450.15
"2019-06-11 04:00:00",445.3
"2019-06-12 04:00:00",440.95
"2019-06-13 04:00:00",452
"2019-06-14 04:00:00",448.15
"2019-06-17 04:00:00",443.35
"2019-06-18 04:00:00",441.7
"2019-06-19 04:00:00",437.15
"2019-06-20 04:00:00",440.45
"2019-06-21 04:00:00",438.15
"2019-06-24 04:00:00",440.1
"2019-06-25 04:00:00",437.5
"2019-06-26 04:00:00",441.75
"2019-06-27 04:00:00",455.15
"2019-06-28 04:00:00",464.05
"2019-06-29 04:00:00",,0.35
"2019-07-01 04:00:00",469.5
"2019-07-02 04:00:00",469.8
"2019-07-03 04:00:00",479.25
"2019-07-04 04:00:00",489.1
"2019-07-05 04:00:00",473.75
"2019-07-08 04:00:00",462.75
"2019-07-09 04:00:00",455.75
"2019-07-10 04:00:00",455.75
"2019-07-11 04:00:00",467.8
"2019-07-12 04:00:00",481.75
"2019-07-15 04:00:00",491.1
"2019-07-16 04:00:00",491.05
"2019-07-17 04:00:00",497.15
"2019-07-18 04:00:00",503.55
"2019-07-19 04:00:00",487.6
"2019-07-22 04:00:00",490.65
"2019-07-23 04:00:00",508.55
"2019-07-24 04:00:00",499.55
"2019-07-25 04:00:00",501.2
"2019-07-26 04:00:00",499.1
"2019-07-29 04:00:00",485.35
"2019-07-30 04:00:00",483.1
"2019-07-31 04:00:00",493.5
"2019-08-01 04:00:00",487.95
"2019-08-02 04:00:00",494.35
"2019-08-05 04:00:00",487.15
"2019-08-06 04:00:00",512.1
"2019-08-07 04:00:00",518.1
"2019-08-08 04:00:00",522.9
"2019-08-09 04:00:00",526.75
"2019-08-13 04:00:00",519.35
"2019-08-14 04:00:00",517
"2019-08-16 04:00:00",540.15
"2019-08-19 04:00:00",524.55
"2019-08-20 04:00:00",527.9
"2019-08-21 04:00:00",530.7
"2019-08-22 04:00:00",528.45
"2019-08-23 04:00:00",517.2
"2019-08-26 04:00:00",526.4
"2019-08-27 04:00:00",555.2
"2019-08-28 04:00:00",547.7
"2019-08-29 04:00:00",541.7
"2019-08-30 04:00:00",557.15
"2019-09-03 04:00:00",536.75
"2019-09-04 04:00:00",535.65
"2019-09-05 04:00:00",528.5
"2019-09-06 04:00:00",529.9
"2019-09-09 04:00:00",530.9
"2019-09-11 04:00:00",537.9
"2019-09-12 04:00:00",537.85
"2019-09-13 04:00:00",540.4
"2019-09-16 04:00:00",537.65
"2019-09-17 04:00:00",530.7
"2019-09-18 04:00:00",539.1
"2019-09-19 04:00:00",532.45
"2019-09-20 04:00:00",563.85
"2019-09-23 04:00:00",540.75
"2019-09-24 04:00:00",551.05
"2019-09-25 04:00:00",557.85
"2019-09-26 04:00:00",569.3
"2019-09-27 04:00:00",582.3
"2019-09-29 04:00:00",,0.27
"2019-09-30 04:00:00",601.15
"2019-10-01 04:00:00",598.2
"2019-10-03 04:00:00",592.9
"2019-10-04 04:00:00",584.45
"2019-10-07 04:00:00",575.45
"2019-10-09 04:00:00",580.5
"2019-10-10 04:00:00",583.8
"2019-10-11 04:00:00",590.65
"2019-10-14 04:00:00",582.3
"2019-10-15 04:00:00",592.75
"2019-10-16 04:00:00",610.6
"2019-10-17 04:00:00",615.15
"2019-10-18 04:00:00",608.45
"2019-10-22 04:00:00",611.3
"2019-10-23 04:00:00",607.85
"2019-10-24 04:00:00",615.35
"2019-10-25 04:00:00",610.5
"2019-10-29 04:00:00",610.75
"2019-10-30 04:00:00",632.45
"2019-10-31 04:00:00",626.2
"2019-11-01 04:00:00",612.7
"2019-11-04 04:00:00",593.3
"2019-11-05 04:00:00",583.65
"2019-11-06 04:00:00",584.95
"2019-11-07 04:00:00",580.15
"2019-11-08 04:00:00",567.9
"2019-11-11 04:00:00",571
"2019-11-13 04:00:00",589.15
"2019-11-14 04:00:00",586.35
"2019-11-15 04:00:00",577.5
"2019-11-18 04:00:00",570.45
"2019-11-19 04:00:00",570.7
"2019-11-20 04:00:00",574.7
"2019-11-21 04:00:00",589.25
"2019-11-22 04:00:00",586.4
"2019-11-25 04:00:00",597.8
"2019-11-26 04:00:00",597.6
"2019-11-27 04:00:00",584.95
"2019-11-28 04:00:00",576.2
"2019-11-29 04:00:00",571.5
"2019-12-02 04:00:00",569.4
"2019-12-03 04:00:00",584.75
"2019-12-04 04:00:00",583.65
"2019-12-05 04:00:00",575.9
"2019-12-06 04:00:00",575
"2019-12-09 04:00:00",572.5
"2019-12-10 04:00:00",570.5
"2019-12-11 04:00:00",572.5
"2019-12-12 04:00:00",582.9
"2019-12-13 04:00:00",588.9
"2019-12-16 04:00:00",592.1
"2019-12-17 04:00:00",595.6
"2019-12-18 04:00:00",601.5
"2019-12-19 04:00:00",605.25
"2019-12-20 04:00:00",612.7
"2019-12-23 04:00:00",616.15
"2019-12-24 04:00:00",625.3
"2019-12-26 04:00:00",635.6
"2019-12-27 04:00:00",631.4
"2019-12-30 04:00:00",636.15,0.26
"2019-12-31 04:00:00",626.05
"2020-01-01 04:00:00",621.45
"2020-01-02 04:00:00",634.25
"2020-01-03 04:00:00",630.7
"2020-01-06 04:00:00",619.55
"2020-01-07 04:00:00",629.95
"2020-01-08 04:00:00",628.85
"2020-01-09 04:00:00",631.5
"2020-01-10 04:00:00",623.1
"2020-01-13 04:00:00",625.4
"2020-01-14 04:00:00",614.25
"2020-01-15 04:00:00",616.55
"2020-01-16 04:00:00",607.5
"2020-01-17 04:00:00",607.65
"2020-01-20 04:00:00",598.25
"2020-01-21 04:00:00",602
"2020-01-22 04:00:00",612.75
"2020-01-23 04:00:00",616
"2020-01-24 04:00:00",607.25
"2020-01-27 04:00:00",599.7
"2020-01-28 04:00:00",603.75
"2020-01-29 04:00:00",605.05
"2020-01-30 04:00:00",600.45
"2020-01-31 04:00:00",599.2
"2020-02-01 04:00:00",562.4
"2020-02-03 04:00:00",565.3
"2020-02-04 04:00:00",573.1
"2020-02-05 04:00:00",583.45
"2020-02-06 04:00:00",593.65
"2020-02-07 04:00:00",595.7
"2020-02-10 04:00:00",588.05
"2020-02-11 04:00:00",583.5
"2020-02-12 04:00:00",578.35
"2020-02-13 04:00:00",577.2
"2020-02-14 04:00:00",573.95
"2020-02-17 04:00:00",565.9
"2020-02-18 04:00:00",562.6
"2020-02-19 04:00:00",579.1
"2020-02-20 04:00:00",573.5
"2020-02-24 04:00:00",560.8
"2020-02-25 04:00:00",569.5
"2020-02-26 04:00:00",557.05
"2020-02-27 04:00:00",566.7
"2020-02-28 04:00:00",544.1
"2020-03-02 04:00:00",554.5
"2020-03-03 04:00:00",563.5
"2020-03-04 04:00:00",568.6
"2020-03-05 04:00:00",564.95
"2020-03-06 04:00:00",548.15
"2020-03-09 04:00:00",517.65
"2020-03-11 04:00:00",513.55
"2020-03-12 04:00:00",472.9
"2020-03-13 04:00:00",507.15
"2020-03-16 04:00:00",474.2
"2020-03-17 04:00:00",464.95
"2020-03-18 04:00:00",419.45
"2020-03-19 04:00:00",416.95
"2020-03-20 04:00:00",418.1
"2020-03-23 04:00:00",342.3
"2020-03-24 04:00:00",391.3
"2020-03-25 04:00:00",434.3
"2020-03-26 04:00:00",477.45
"2020-03-27 04:00:00",441
"2020-03-30 04:00:00",412.5,0
"2020-03-31 04:00:00",441.35
"2020-04-01 04:00:00",429.9
"2020-04-03 04:00:00",422.3
"2020-04-07 04:00:00",470.5
"2020-04-08 04:00:00",476.6
"2020-04-09 04:00:00",472.25
"2020-04-13 04:00:00",477.8
"2020-04-15 04:00:00",471.7
"2020-04-16 04:00:00",489.7
"2020-04-17 04:00:00",495.5
"2020-04-20 04:00:00",508.3
"2020-04-21 04:00:00",496.35
"2020-04-22 04:00:00",503.65
"2020-04-23 04:00:00",488.5
"2020-04-24 04:00:00",453.35
"2020-04-27 04:00:00",484.75
"2020-04-28 04:00:00",486.15
"2020-04-29 04:00:00",492.85
"2020-04-30 04:00:00",501.05
"2020-05-04 04:00:00",478.95
"2020-05-05 04:00:00",477.55
"2020-05-06 04:00:00",491
"2020-05-07 04:00:00",494.55
"2020-05-08 04:00:00",520.05
"2020-05-11 04:00:00",525.2
"2020-05-12 04:00:00",526.8
"2020-05-13 04:00:00",516.75
"2020-05-14 04:00:00",495
"2020-05-15 04:00:00",487.3
"2020-05-18 04:00:00",469.35
"2020-05-19 04:00:00",471.75
"2020-05-20 04:00:00",479.25
"2020-05-21 04:00:00",493.8
"2020-05-22 04:00:00",494.75
"2020-05-26 04:00:00",507.45
"2020-05-27 04:00:00",503.3
"2020-05-28 04:00:00",516.8
"2020-05-29 04:00:00",523.2
"2020-06-01 04:00:00",516.1
"2020-06-02 04:00:00",499.7
"2020-06-03 04:00:00",501.35
"2020-06-04 04:00:00",517.6
"2020-06-05 04:00:00",516.25
"2020-06-08 04:00:00",522.05
"2020-06-09 04:00:00",506.85
"2020-06-10 04:00:00",501.7
"2020-06-11 04:00:00",501.65
"2020-06-12 04:00:00",502.3
"2020-06-15 04:00:00",499.9
"2020-06-16 04:00:00",505.7
"2020-06-17 04:00:00",500.4
"2020-06-18 04:00:00",515.95
"2020-06-19 04:00:00",521.1
"2020-06-22 04:00:00",520.4
"2020-06-23 04:00:00",537.05
"2020-06-24 04:00:00",527.25
"2020-06-25 04:00:00",538.4
"2020-06-26 04:00:00",541.9
"2020-06-29 04:00:00",537.2,0
"2020-06-30 04:00:00",549
"2020-07-01 04:00:00",549.65
"2020-07-02 04:00:00",547.95
"2020-07-03 04:00:00",572.15
"2020-07-06 04:00:00",584.7
"2020-07-07 04:00:00",582.6
"2020-07-08 04:00:00",581.95
"2020-07-09 04:00:00",585.2
"2020-07-10 04:00:00",592.5
"2020-07-13 04:00:00",600.3
"2020-07-14 04:00:00",598.45
"2020-07-15 04:00:00",594.8
"2020-07-16 04:00:00",599.85
"2020-07-17 04:00:00",614.5
"2020-07-20 04:00:00",616.45
"2020-07-21 04:00:00",627.45
"2020-07-22 04:00:00",609.65
"2020-07-23 04:00:00",622.7
"2020-07-24 04:00:00",622.4
"2020-07-27 04:00:00",633.45
"2020-07-28 04:00:00",640.5
"2020-07-29 04:00:00",637.75
"2020-07-30 04:00:00",635.1
"2020-07-31 04:00:00",627.1
"2020-08-03 04:00:00",603
"2020-08-04 04:00:00",614.15
"2020-08-05 04:00:00",605
"2020-08-06 04:00:00",606.9
"2020-08-07 04:00:00",606.95
"2020-08-10 04:00:00",608.85
"2020-08-11 04:00:00",608.75
"2020-08-12 04:00:00",608.75
"2020-08-13 04:00:00",599.75
"2020-08-14 04:00:00",587.75
"2020-08-17 04:00:00",589.1
"2020-08-18 04:00:00",597.6
"2020-08-19 04:00:00",603.45
"2020-08-20 04:00:00",595.05
"2020-08-21 04:00:00",598.1
"2020-08-24 04:00:00",598.75
"2020-08-25 04:00:00",599.8
"2020-08-26 04:00:00",592.05
"2020-08-27 04:00:00",596.05
"2020-08-28 04:00:00",589.35
"2020-08-31 04:00:00",574.8
"2020-09-01 04:00:00",579.3
"2020-09-02 04:00:00",580.85
"2020-09-03 04:00:00",582.2
"2020-09-04 04:00:00",574.65
"2020-09-07 04:00:00",591.85
"2020-09-08 04:00:00",581.85
"2020-09-09 04:00:00",585.7
"2020-09-10 04:00:00",601.6
"2020-09-11 04:00:00",604.8
"2020-09-14 04:00:00",599.45
"2020-09-15 04:00:00",594.2
"2020-09-16 04:00:00",598.6
"2020-09-17 04:00:00",591.85
"2020-09-18 04:00:00",585.1
"2020-09-21 04:00:00",579.35
"2020-09-22 04:00:00",579.4
"2020-09-23 04:00:00",580.25
"2020-09-24 04:00:00",577.65
"2020-09-25 04:00:00",577.5
"2020-09-28 04:00:00",581.2
"2020-09-29 04:00:00",570.8,0
"2020-09-30 04:00:00",559.4
"2020-10-01 04:00:00",569.2
"2020-10-05 04:00:00",574.75
"2020-10-06 04:00:00",582.05
"2020-10-07 04:00:00",578.95
"2020-10-08 04:00:00",583.15
"2020-10-09 04:00:00",573.8
"2020-10-12 04:00:00",563.4
"2020-10-13 04:00:00",566.7
"2020-10-14 04:00:00",572.35
"2020-10-15 04:00:00",561.5
"2020-10-16 04:00:00",561.15
"2020-10-19 04:00:00",570.5
"2020-10-20 04:00:00",571
"2020-10-21 04:00:00",562.7
"2020-10-22 04:00:00",561.1
"2020-10-23 04:00:00",564.5
"2020-10-26 04:00:00",578.65
"2020-10-27 04:00:00",587.3
"2020-10-28 04:00:00",586.15
"2020-10-29 04:00:00",586.1
"2020-10-30 04:00:00",589.75
"2020-11-02 04:00:00",587.5
"2020-11-03 04:00:00",599.05
"2020-11-04 04:00:00",594.25
"2020-11-05 04:00:00",592.05
"2020-11-06 04:00:00",590.6
"2020-11-09 04:00:00",592.85
"2020-11-10 04:00:00",609.65
"2020-11-11 04:00:00",623.45
"2020-11-12 04:00:00",630.4
"2020-11-13 04:00:00",627.5
"2020-11-14 04:00:00",636.1
"2020-11-17 04:00:00",670.05
"2020-11-18 04:00:00",664.8
"2020-11-19 04:00:00",646.05
"2020-11-20 04:00:00",663.9
"2020-11-23 04:00:00",661.3
"2020-11-24 04:00:00",664.15
"2020-11-25 04:00:00",665.1
"2020-11-26 04:00:00",660.8
"2020-11-27 04:00:00",646.8
"2020-12-01 04:00:00",641.9
"2020-12-02 04:00:00",636.5
"2020-12-03 04:00:00",647.95
"2020-12-04 04:00:00",643.25
"2020-12-07 04:00:00",649.55
"2020-12-08 04:00:00",651.5
"2020-12-09 04:00:00",652.6
"2020-12-10 04:00:00",659.45
"2020-12-11 04:00:00",664.5
"2020-12-14 04:00:00",655.75
"2020-12-15 04:00:00",651.45
"2020-12-16 04:00:00",648.7
"2020-12-17 04:00:00",654.55
"2020-12-18 04:00:00",654.1
"2020-12-21 04:00:00",629.2
"2020-12-22 04:00:00",641.25
"2020-12-23 04:00:00",648.6
"2020-12-24 04:00:00",657.25
"2020-12-28 04:00:00",678.7
"2020-12-29 04:00:00",673.2
"2020-12-30 04:00:00",675.7,0
"2020-12-31 04:00:00",676.5
"2021-01-01 04:00:00",678.4
"2021-01-04 04:00:00",695.85
"2021-01-05 04:00:00",713.75
"2021-01-06 04:00:00",719.05
"2021-01-07 04:00:00",704.3
"2021-01-08 04:00:00",717
"2021-01-11 04:00:00",725.1
"2021-01-12 04:00:00",718.4
"2021-01-13 04:00:00",713.25
"2021-01-14 04:00:00",706.9
"2021-01-15 04:00:00",704.85
"2021-01-18 04:00:00",693.95
"2021-01-19 04:00:00",698.55
"2021-01-20 04:00:00",702.95
"2021-01-21 04:00:00",700.5
"2021-01-22 04:00:00",687.4
"2021-01-25 04:00:00",680.4
"2021-01-27 04:00:00",682.85
"2021-01-28 04:00:00",671.8
"2021-01-29 04:00:00",677.95
"2021-02-01 04:00:00",699.05
"2021-02-02 04:00:00",681.05
"2021-02-03 04:00:00",689.2
"2021-02-04 04:00:00",680.4
"2021-02-05 04:00:00",681.55
"2021-02-08 04:00:00",684.05
"2021-02-09 04:00:00",704.9
"2021-02-10 04:00:00",719.05
"2021-02-11 04:00:00",714.2
"2021-02-12 04:00:00",710.95
"2021-02-15 04:00:00",695.25
"2021-02-16 04:00:00",695.35
"2021-02-17 04:00:00",703.1
"2021-02-18 04:00:00",713.45
"2021-02-19 04:00:00",710.65
"2021-02-22 04:00:00",690.6
"2021-02-23 04:00:00",705.7
"2021-02-24 04:00:00",718.8
"2021-02-25 04:00:00",733.5
"2021-02-26 04:00:00",700.65
"2021-03-01 04:00:00",705.25
"2021-03-02 04:00:00",720.8
"2021-03-03 04:00:00",727.5
"2021-03-04 04:00:00",720.5
"2021-03-05 04:00:00",717.25
"2021-03-08 04:00:00",722.95
"2021-03-09 04:00:00",740.2
"2021-03-10 04:00:00",731.35
"2021-03-12 04:00:00",710.8
"2021-03-15 04:00:00",704.15
"2021-03-16 04:00:00",703.05
"2021-03-17 04:00:00",689.8
"2021-03-18 04:00:00",680.85
"2021-03-19 04:00:00",688.45
"2021-03-22 04:00:00",679.85
"2021-03-23 04:00:00",683.55
"2021-03-24 04:00:00",676.5
"2021-03-25 04:00:00",667
"2021-03-26 04:00:00",671.7
"2021-03-30 04:00:00",687.75,0
"2021-03-31 04:00:00",696.2
"2021-04-01 04:00:00",691
"2021-04-05 04:00:00",682.15
"2021-04-06 04:00:00",697.15
"2021-04-07 04:00:00",699.85
"2021-04-08 04:00:00",701.45
"2021-04-09 04:00:00",694.85
"2021-04-12 04:00:00",687.3
"2021-04-13 04:00:00",706.1
"2021-04-15 04:00:00",694.45
"2021-04-16 04:00:00",690.65
"2021-04-19 04:00:00",665.95
"2021-04-20 04:00:00",685.2
"2021-04-22 04:00:00",679.05
"2021-04-23 04:00:00",686.35
"2021-04-26 04:00:00",704.45
"2021-04-27 04:00:00",678.75
"2021-04-28 04:00:00",672.6
"2021-04-29 04:00:00",674.65
"2021-04-30 04:00:00",665.1
"2021-05-03 04:00:00",671.9
"2021-05-04 04:00:00",667.85
"2021-05-05 04:00:00",674.4
"2021-05-06 04:00:00",671.8
"2021-05-07 04:00:00",672.65
"2021-05-10 04:00:00",680.05
"2021-05-11 04:00:00",671.25
"2021-05-12 04:00:00",668.8
"2021-05-14 04:00:00",670.6
"2021-05-17 04:00:00",666.3
"2021-05-18 04:00:00",666.7
"2021-05-19 04:00:00",666.15
"2021-05-20 04:00:00",667.5
"2021-05-21 04:00:00",670.7
"2021-05-24 04:00:00",670.25
"2021-05-25 04:00:00",659.15
"2021-05-26 04:00:00",658.5
"2021-05-27 04:00:00",664.05
"2021-05-28 04:00:00",668.95
"2021-05-31 04:00:00",665.9
"2021-06-01 04:00:00",665.25
"2021-06-02 04:00:00",675.9
"2021-06-03 04:00:00",678.45
"2021-06-04 04:00:00",680.9
"2021-06-07 04:00:00",680.1
"2021-06-08 04:00:00",689.7
"2021-06-09 04:00:00",684.9
"2021-06-10 04:00:00",689.25
"2021-06-11 04:00:00",682.6
"2021-06-14 04:00:00",681.7
"2021-06-15 04:00:00",692.55
"2021-06-16 04:00:00",692.15
"2021-06-17 04:00:00",700.3
"2021-06-18 04:00:00",709.2
"2021-06-21 04:00:00",718.75
"2021-06-22 04:00:00",716.75
"2021-06-23 04:00:00",717.75
"2021-06-24 04:00:00",719.6
"2021-06-25 04:00:00",725.95
"2021-06-28 04:00:00",696.2
"2021-06-29 04:00:00",686.5,0.29
"2021-06-30 04:00:00",686.3
"2021-07-01 04:00:00",685.75
"2021-07-02 04:00:00",687.5
"2021-07-05 04:00:00",677.9
"2021-07-06 04:00:00",680.05
"2021-07-07 04:00:00",685.2
"2021-07-08 04:00:00",681.3
"2021-07-09 04:00:00",683.25
"2021-07-12 04:00:00",682.95
"2021-07-13 04:00:00",693.4
"2021-07-14 04:00:00",688.5
"2021-07-15 04:00:00",693.65
"2021-07-16 04:00:00",698
"2021-07-19 04:00:00",678.7
"2021-07-20 04:00:00",663.45
"2021-07-22 04:00:00",662.1
"2021-07-23 04:00:00",665.35
"2021-07-26 04:00:00",663.1
"2021-07-27 04:00:00",668.75
"2021-07-28 04:00:00",664.85
"2021-07-29 04:00:00",662.65
"2021-07-30 04:00:00",664.05
"2021-08-02 04:00:00",670.35
"2021-08-03 04:00:00",673.8
"2021-08-04 04:00:00",675.3
"2021-08-05 04:00:00",669.5
"2021-08-06 04:00:00",673.4
"2021-08-09 04:00:00",667
"2021-08-10 04:00:00",670.3
"2021-08-11 04:00:00",666.65
"2021-08-12 04:00:00",674.95
"2021-08-13 04:00:00",670.5
"2021-08-16 04:00:00",673.55
"2021-08-17 04:00:00",669.4
"2021-08-18 04:00:00",671.05
"2021-08-20 04:00:00",667.85
"2021-08-23 04:00:00",668.8
"2021-08-24 04:00:00",671.1
"2021-08-25 04:00:00",687.55
"2021-08-26 04:00:00",698.85
"2021-08-27 04:00:00",704.1
"2021-08-30 04:00:00",712.35
"2021-08-31 04:00:00",717.75
"2021-09-01 04:00:00",718.55
"2021-09-02 04:00:00",759
"2021-09-03 04:00:00",734.4
"2021-09-06 04:00:00",736.05
"2021-09-07 04:00:00",734.25
"2021-09-08 04:00:00",743.65
"2021-09-09 04:00:00",737.35
"2021-09-13 04:00:00",734.9
"2021-09-14 04:00:00",739.2
"2021-09-15 04:00:00",746.3
"2021-09-16 04:00:00",755.15
"2021-09-17 04:00:00",747.75
"2021-09-20 04:00:00",730.15
"2021-09-21 04:00:00",735.8
"2021-09-22 04:00:00",733.05
"2021-09-23 04:00:00",724.65
"2021-09-24 04:00:00",725.8
"2021-09-27 04:00:00",721
"2021-09-28 04:00:00",725.8
"2021-09-29 04:00:00",734.75,0.28
"2021-09-30 04:00:00",722.4
"2021-10-01 04:00:00",729.45
"2021-10-04 04:00:00",726.65
"2021-10-05 04:00:00",733.15
"2021-10-06 04:00:00",725.65
"2021-10-07 04:00:00",725.35
"2021-10-08 04:00:00",722.1
"2021-10-11 04:00:00",717.3
"2021-10-12 04:00:00",703.4
"2021-10-13 04:00:00",700.9
"2021-10-14 04:00:00",693.8
"2021-10-18 04:00:00",703.6
"2021-10-19 04:00:00",702.8
"2021-10-20 04:00:00",703.4
"2021-10-21 04:00:00",694.55
"2021-10-22 04:00:00",690.75
"2021-10-25 04:00:00",683.25
"2021-10-26 04:00:00",690.05
"2021-10-27 04:00:00",693.85
"2021-10-28 04:00:00",683.1
"2021-10-29 04:00:00",680.45
"2021-11-01 04:00:00",689.8
"2021-11-02 04:00:00",692.65
"2021-11-03 04:00:00",692.3
"2021-11-04 04:00:00",696.4
"2021-11-08 04:00:00",703.25
"2021-11-09 04:00:00",706.45
"2021-11-10 04:00:00",706.5
"2021-11-11 04:00:00",702.6
"2021-11-12 04:00:00",720.6
"2021-11-15 04:00:00",714.6
"2021-11-16 04:00:00",713.6
"2021-11-17 04:00:00",711.05
"2021-11-18 04:00:00",704.5
"2021-11-22 04:00:00",688.85
"2021-11-23 04:00:00",695.4
"2021-11-24 04:00:00",687.2
"2021-11-25 04:00:00",688.8
"2021-11-26 04:00:00",670.65
"2021-11-29 04:00:00",683.65
"2021-11-30 04:00:00",680.8
"2021-12-01 04:00:00",693.85
"2021-12-02 04:00:00",705.3
"2021-12-03 04:00:00",690.95
"2021-12-06 04:00:00",684.2
"2021-12-07 04:00:00",694.4
"2021-12-08 04:00:00",686.4
"2021-12-09 04:00:00",683.15
"2021-12-10 04:00:00",684.75
"2021-12-13 04:00:00",674.4
"2021-12-14 04:00:00",669.5
"2021-12-15 04:00:00",672.85
"2021-12-16 04:00:00",669.5
"2021-12-17 04:00:00",656.6
"2021-12-20 04:00:00",633.6
"2021-12-21 04:00:00",638.75
"2021-12-22 04:00:00",639.9
"2021-12-23 04:00:00",640.5
"2021-12-24 04:00:00",637.35
"2021-12-27 04:00:00",639.75
"2021-12-28 04:00:00",642.3
"2021-12-29 04:00:00",644.75
"2021-12-30 04:00:00",640.9,0.31
"2021-12-31 04:00:00",649.55
"2022-01-03 04:00:00",650.5
"2022-01-04 04:00:00",653.15
"2022-01-05 04:00:00",653.55
"2022-01-06 04:00:00",646.9
"2022-01-07 04:00:00",660.3
"2022-01-10 04:00:00",662.95
"2022-01-11 04:00:00",658.15
"2022-01-12 04:00:00",673.25
"2022-01-13 04:00:00",670.35
"2022-01-14 04:00:00",671.45
"2022-01-17 04:00:00",674.15
"2022-01-18 04:00:00",669.1
"2022-01-19 04:00:00",656.05
"2022-01-20 04:00:00",649.45
"2022-01-21 04:00:00",641.45
"2022-01-24 04:00:00",627.6
"2022-01-25 04:00:00",630.8
"2022-01-27 04:00:00",621.5
"2022-01-28 04:00:00",620.45
"2022-01-31 04:00:00",622.45
"2022-02-01 04:00:00",623.9
"2022-02-02 04:00:00",644.15
"2022-02-03 04:00:00",634.4
"2022-02-04 04:00:00",624.35
"2022-02-07 04:00:00",603.25
"2022-02-08 04:00:00",600.45
"2022-02-09 04:00:00",600.2
"2022-02-10 04:00:00",606.25
"2022-02-11 04:00:00",595.35
"2022-02-14 04:00:00",557.3
"2022-02-15 04:00:00",573.6
"2022-02-16 04:00:00",586.35
"2022-02-17 04:00:00",592.6
"2022-02-18 04:00:00",590.95
"2022-02-21 04:00:00",582
"2022-02-22 04:00:00",572.75
"2022-02-23 04:00:00",569.05
"2022-02-24 04:00:00",532.95
"2022-02-25 04:00:00",538.9
"2022-02-28 04:00:00",523.2
"2022-03-02 04:00:00",560.8
"2022-03-03 04:00:00",531.75
"2022-03-04 04:00:00",521.5
"2022-03-07 04:00:00",503.5
"2022-03-08 04:00:00",513.05
"2022-03-09 04:00:00",514.7
"2022-03-10 04:00:00",521.3
"2022-03-11 04:00:00",518.8
"2022-03-14 04:00:00",512.45
"2022-03-15 04:00:00",504.7
"2022-03-16 04:00:00",517.3
"2022-03-17 04:00:00",530.15
"2022-03-21 04:00:00",522.35
"2022-03-22 04:00:00",529.3
"2022-03-23 04:00:00",525.85
"2022-03-24 04:00:00",522.35
"2022-03-25 04:00:00",519.55
"2022-03-28 04:00:00",512.6
"2022-03-29 04:00:00",523
"2022-03-30 04:00:00",542.3,0.38
"2022-03-31 04:00:00",538.2
"2022-04-01 04:00:00",550.35
"2022-04-04 04:00:00",571.8
"2022-04-05 04:00:00",569.65
"2022-04-06 04:00:00",555.85
"2022-04-07 04:00:00",559
"2022-04-08 04:00:00",564.8
"2022-04-11 04:00:00",567.4
"2022-04-12 04:00:00",562.3
"2022-04-13 04:00:00",564.85
"2022-04-18 04:00:00",574.3
"2022-04-19 04:00:00",546.7
"2022-04-20 04:00:00",559.3
"2022-04-21 04:00:00",570.95
"2022-04-22 04:00:00",554.05
"2022-04-25 04:00:00",540
"2022-04-26 04:00:00",549.85
"2022-04-27 04:00:00",547.65
"2022-04-28 04:00:00",571.4
"2022-04-29 04:00:00",582.4
"2022-05-02 04:00:00",579.85
"2022-05-04 04:00:00",567.6
"2022-05-05 04:00:00",569.75
"2022-05-06 04:00:00",565.95
"2022-05-09 04:00:00",563.85
"2022-05-10 04:00:00",559.2
"2022-05-11 04:00:00",563.55
"2022-05-12 04:00:00",547.25
"2022-05-13 04:00:00",550.75
"2022-05-16 04:00:00",549.7
"2022-05-17 04:00:00",554.85
"2022-05-18 04:00:00",550
"2022-05-19 04:00:00",528.7
"2022-05-20 04:00:00",544.7
"2022-05-23 04:00:00",551.15
"2022-05-24 04:00:00",552.9
"2022-05-25 04:00:00",569.1
"2022-05-26 04:00:00",578.05
"2022-05-27 04:00:00",598.1
"2022-05-30 04:00:00",608.9
"2022-05-31 04:00:00",598.95
"2022-06-01 04:00:00",607.15
"2022-06-02 04:00:00",607.9
"2022-06-03 04:00:00",602.7
"2022-06-06 04:00:00",606.1
"2022-06-07 04:00:00",605.3
"2022-06-08 04:00:00",599.95
"2022-06-09 04:00:00",604.9
"2022-06-10 04:00:00",593.1
"2022-06-13 04:00:00",582
"2022-06-14 04:00:00",572.4
"2022-06-15 04:00:00",579.75
"2022-06-16 04:00:00",570.55
"2022-06-17 04:00:00",550.8
"2022-06-20 04:00:00",553.15
"2022-06-21 04:00:00",564.45
"2022-06-22 04:00:00",551.8
"2022-06-23 04:00:00",558.1
"2022-06-24 04:00:00",561.45
"2022-06-27 04:00:00",558
"2022-06-28 04:00:00",565.95
"2022-06-29 04:00:00",541.25,0.31
"2022-06-30 04:00:00",550
"2022-07-01 04:00:00",565.45
"2022-07-04 04:00:00",574.3
"2022-07-05 04:00:00",564.85
"2022-07-06 04:00:00",557.45
"2022-07-07 04:00:00",554.6
"2022-07-08 04:00:00",545.35
"2022-07-11 04:00:00",546.65
"2022-07-12 04:00:00",539.75
"2022-07-13 04:00:00",539.5
"2022-07-14 04:00:00",537.15
"2022-07-15 04:00:00",539.9
"2022-07-18 04:00:00",542.75
"2022-07-19 04:00:00",535.9
"2022-07-20 04:00:00",525.2
"2022-07-21 04:00:00",529.1
"2022-07-22 04:00:00",535
"2022-07-25 04:00:00",526.75
"2022-07-26 04:00:00",522.55
"2022-07-27 04:00:00",521.25
"2022-07-28 04:00:00",531.6
"2022-07-29 04:00:00",555.5
"2022-08-01 04:00:00",546.05
"2022-08-02 04:00:00",538.5
"2022-08-03 04:00:00",535.35
"2022-08-04 04:00:00",534.9
"2022-08-05 04:00:00",539.25
"2022-08-08 04:00:00",536.75
"2022-08-10 04:00:00",540.9
"2022-08-11 04:00:00",541.55
"2022-08-12 04:00:00",544.95
"2022-08-16 04:00:00",570.6
"2022-08-17 04:00:00",589.35
"2022-08-18 04:00:00",586.75
"2022-08-19 04:00:00",576.65
"2022-08-22 04:00:00",566.65
"2022-08-23 04:00:00",565.85
"2022-08-24 04:00:00",566.65
"2022-08-25 04:00:00",571.05
"2022-08-26 04:00:00",566.9
"2022-08-29 04:00:00",560.95
"2022-08-30 04:00:00",575.2
"2022-09-01 04:00:00",575.6
"2022-09-02 04:00:00",574.85
"2022-09-05 04:00:00",573.65
"2022-09-06 04:00:00",573.5
"2022-09-07 04:00:00",576.95
"2022-09-08 04:00:00",584.35
"2022-09-09 04:00:00",575.95
"2022-09-12 04:00:00",578.55
"2022-09-13 04:00:00",587.05
"2022-09-14 04:00:00",576.35
"2022-09-15 04:00:00",566.75
"2022-09-16 04:00:00",546.75
"2022-09-19 04:00:00",548.1
"2022-09-20 04:00:00",559.75
"2022-09-21 04:00:00",551.4
"2022-09-22 04:00:00",545.8
"2022-09-23 04:00:00",539.45
"2022-09-26 04:00:00",522.75
"2022-09-27 04:00:00",520.85
"2022-09-28 04:00:00",514.45
"2022-09-29 04:00:00",528,0.32
"2022-09-30 04:00:00",530.45
"2022-10-03 04:00:00",518.7
"2022-10-04 04:00:00",531.95
"2022-10-06 04:00:00",529.65
"2022-10-07 04:00:00",526.85
"2022-10-10 04:00:00",533.2
"2022-10-11 04:00:00",522.55
"2022-10-12 04:00:00",526.6
"2022-10-13 04:00:00",520.65
"2022-10-14 04:00:00",523
"2022-10-17 04:00:00",523.75
"2022-10-18 04:00:00",531.25
"2022-10-19 04:00:00",531.55
"2022-10-20 04:00:00",537.2
"2022-10-21 04:00:00",541.95
"2022-10-24 04:00:00",541.55
"2022-10-25 04:00:00",533.45
"2022-10-27 04:00:00",533
"2022-10-28 04:00:00",530.1
"2022-10-31 04:00:00",540.45
"2022-11-01 04:00:00",544.55
"2022-11-02 04:00:00",542.25
"2022-11-03 04:00:00",545.4
"2022-11-04 04:00:00",539.3
"2022-11-07 04:00:00",536
"2022-11-09 04:00:00",531.75
"2022-11-10 04:00:00",528.25
"2022-11-11 04:00:00",542.65
"2022-11-14 04:00:00",538.85
"2022-11-15 04:00:00",532.9
"2022-11-16 04:00:00",528.1
"2022-11-17 04:00:00",531.2
"2022-11-18 04:00:00",531.55
"2022-11-21 04:00:00",532.35
"2022-11-22 04:00:00",539.95
"2022-11-23 04:00:00",547.65
"2022-11-24 04:00:00",572.55
"2022-11-25 04:00:00",586.6
"2022-11-28 04:00:00",586
"2022-11-29 04:00:00",584.85
"2022-11-30 04:00:00",590.6
"2022-12-01 04:00:00",596.45
"2022-12-02 04:00:00",589.85
"2022-12-05 04:00:00",588.9
"2022-12-06 04:00:00",586.8
"2022-12-07 04:00:00",581.8
"2022-12-08 04:00:00",577.5
"2022-12-09 04:00:00",579.6
"2022-12-12 04:00:00",576.5
"2022-12-13 04:00:00",582.35
"2022-12-14 04:00:00",580.35
"2022-12-15 04:00:00",580.2
"2022-12-16 04:00:00",575.2
"2022-12-19 04:00:00",584.45
"2022-12-20 04:00:00",579.8
"2022-12-21 04:00:00",575.4
"2022-12-22 04:00:00",577.85
"2022-12-23 04:00:00",565.45
"2022-12-26 04:00:00",569.3
"2022-12-27 04:00:00",569.8
"2022-12-28 04:00:00",568.2
"2022-12-29 04:00:00",571
"2022-12-30 04:00:00",566.25,0.3
"2023-01-02 04:00:00",570.3
"2023-01-03 04:00:00",595.6
"2023-01-04 04:00:00",598.6
"2023-01-05 04:00:00",609.45
"2023-01-06 04:00:00",611.65
"2023-01-09 04:00:00",608.45
"2023-01-10 04:00:00",600.2
"2023-01-11 04:00:00",599.85
"2023-01-12 04:00:00",598.4
"2023-01-13 04:00:00",604.5
"2023-01-16 04:00:00",604.2
"2023-01-17 04:00:00",609.45
"2023-01-18 04:00:00",601.05
"2023-01-19 04:00:00",605.25
"2023-01-20 04:00:00",590.55
"2023-01-23 04:00:00",589.2
"2023-01-24 04:00:00",589.55
"2023-01-25 04:00:00",585.05
"2023-01-27 04:00:00",587.7
"2023-01-30 04:00:00",587.95
"2023-01-31 04:00:00",578.85
"2023-02-01 04:00:00",515.7
"2023-02-02 04:00:00",492.7
"2023-02-03 04:00:00",488.9
"2023-02-06 04:00:00",482.05
"2023-02-07 04:00:00",482.95
"2023-02-08 04:00:00",508.55
"2023-02-09 04:00:00",518.65
"2023-02-10 04:00:00",522.55
"2023-02-13 04:00:00",514.5
"2023-02-14 04:00:00",512.05
"2023-02-15 04:00:00",519.1
"2023-02-16 04:00:00",514.6
"2023-02-17 04:00:00",504.25
"2023-02-20 04:00:00",507.95
"2023-02-21 04:00:00",501.05
"2023-02-22 04:00:00",494.45
"2023-02-23 04:00:00",486.85
"2023-02-24 04:00:00",482.85
"2023-02-27 04:00:00",488.7
"2023-02-28 04:00:00",488.8
"2023-03-01 04:00:00",489.75
"2023-03-02 04:00:00",482.8
"2023-03-03 04:00:00",489.95
"2023-03-06 04:00:00",490.15
"2023-03-08 04:00:00",495.2
"2023-03-09 04:00:00",491.25
"2023-03-10 04:00:00",490.25
"2023-03-13 04:00:00",478.95
"2023-03-14 04:00:00",470.55
"2023-03-15 04:00:00",466.7
"2023-03-16 04:00:00",461.4
"2023-03-17 04:00:00",471.25
"2023-03-20 04:00:00",465.25
"2023-03-21 04:00:00",482.75
"2023-03-22 04:00:00",497.45
"2023-03-23 04:00:00",498.55
"2023-03-24 04:00:00",492.25
"2023-03-27 04:00:00",492.95
"2023-03-28 04:00:00",489.7
"2023-03-29 04:00:00",495.95
"2023-03-30 04:00:00",,0.34
"2023-03-31 04:00:00",499.2
"2023-04-03 04:00:00",503.7
"2023-04-05 04:00:00",507.75
"2023-04-06 04:00:00",514.65
"2023-04-10 04:00:00",513.7
"2023-04-11 04:00:00",513.55
"2023-04-12 04:00:00",517.05
"2023-04-13 04:00:00",531.85
"2023-04-17 04:00:00",533.4
"2023-04-18 04:00:00",532.3
"2023-04-19 04:00:00",524.8
"2023-04-20 04:00:00",530.25
"2023-04-21 04:00:00",513.3
"2023-04-24 04:00:00",547.55
"2023-04-25 04:00:00",529.75
"2023-04-26 04:00:00",531.6
"2023-04-27 04:00:00",517.85
"2023-04-28 04:00:00",529.75
"2023-05-02 04:00:00",544.5
"2023-05-03 04:00:00",538.7
"2023-05-04 04:00:00",546.5
"2023-05-05 04:00:00",539.7
"2023-05-08 04:00:00",549.55
"2023-05-09 04:00:00",552.05
"2023-05-10 04:00:00",562.65
"2023-05-11 04:00:00",567.4
"2023-05-12 04:00:00",560.65
"2023-05-15 04:00:00",559.3
"2023-05-16 04:00:00",559.5
"2023-05-17 04:00:00",560.1
"2023-05-18 04:00:00",561.55
"2023-05-19 04:00:00",557.6
"2023-05-22 04:00:00",567
"2023-05-23 04:00:00",562.7
"2023-05-24 04:00:00",566
"2023-05-25 04:00:00",572.05
"2023-05-26 04:00:00",577.2
"2023-05-29 04:00:00",579.05
"2023-05-30 04:00:00",585.15
"2023-05-31 04:00:00",592.35
"2023-06-01 04:00:00",582.2
"2023-06-02 04:00:00",576.4
"2023-06-05 04:00:00",574.15
"2023-06-06 04:00:00",579.7
"2023-06-07 04:00:00",594.45
"2023-06-08 04:00:00",593.9
"2023-06-09 04:00:00",581.7
"2023-06-12 04:00:00",584.4
"2023-06-13 04:00:00",584.8
"2023-06-14 04:00:00",585.05
"2023-06-15 04:00:00",578.15
"2023-06-16 04:00:00",609.55
"2023-06-19 04:00:00",626.55
"2023-06-20 04:00:00",643.7
"2023-06-21 04:00:00",642.5
"2023-06-22 04:00:00",639
"2023-06-23 04:00:00",626.9
"2023-06-26 04:00:00",630.25
"2023-06-27 04:00:00",667.2
"2023-06-28 04:00:00",651.95
"2023-06-29 04:00:00",,0.29
"2023-06-30 04:00:00",651.2
"2023-07-03 04:00:00",650.7
"2023-07-04 04:00:00",647
"2023-07-05 04:00:00",673.6
"2023-07-06 04:00:00",661.15
"2023-07-07 04:00:00",658.1
"2023-07-10 04:00:00",668.25
"2023-07-11 04:00:00",672.55
"2023-07-12 04:00:00",671.7
"2023-07-13 04:00:00",680.6
"2023-07-14 04:00:00",670.05
"2023-07-17 04:00:00",667.15
"2023-07-18 04:00:00",656.55
"2023-07-19 04:00:00",659.05
"2023-07-20 04:00:00",661.05
"2023-07-21 04:00:00",647.3
"2023-07-24 04:00:00",653.15
"2023-07-25 04:00:00",651.8
"2023-07-26 04:00:00",658.6
"2023-07-27 04:00:00",662.45
"2023-07-28 04:00:00",659.3
"2023-07-31 04:00:00",646.85
"2023-08-01 04:00:00",642.75
"2023-08-02 04:00:00",642.85
"2023-08-03 04:00:00",632.7
"2023-08-04 04:00:00",642.2
"2023-08-07 04:00:00",648.8
"2023-08-08 04:00:00",645.45
"2023-08-09 04:00:00",645.8
"2023-08-10 04:00:00",640
"2023-08-11 04:00:00",633.6
"2023-08-14 04:00:00",632.75
"2023-08-16 04:00:00",625.15
"2023-08-17 04:00:00",628.4
"2023-08-18 04:00:00",625.95
"2023-08-21 04:00:00",625.15
"2023-08-22 04:00:00",635.85
"2023-08-23 04:00:00",633.2
"2023-08-24 04:00:00",630.5
"2023-08-25 04:00:00",628.3
"2023-08-28 04:00:00",627.35
"2023-08-29 04:00:00",634.9
"2023-08-30 04:00:00",637.05
"2023-08-31 04:00:00",644.75
"2023-09-01 04:00:00",641.35
"2023-09-04 04:00:00",640.05
"2023-09-05 04:00:00",640.95
"2023-09-06 04:00:00",647.55
"2023-09-07 04:00:00",656.75
"2023-09-08 04:00:00",657.45
"2023-09-11 04:00:00",668.65
"2023-09-12 04:00:00",660.95
"2023-09-13 04:00:00",650.2
"2023-09-14 04:00:00",645.45
"2023-09-15 04:00:00",644.9
"2023-09-18 04:00:00",659.95
"2023-09-20 04:00:00",648.2
"2023-09-21 04:00:00",644.25
"2023-09-22 04:00:00",649.45
"2023-09-25 04:00:00",642.1
"2023-09-26 04:00:00",644.25
"2023-09-27 04:00:00",648.2
"2023-09-28 04:00:00",634.7
"2023-09-29 04:00:00",637.4,0.3
"2023-10-03 04:00:00",633.55
"2023-10-04 04:00:00",625.5
"2023-10-05 04:00:00",624.35
"2023-10-06 04:00:00",630.9
"2023-10-09 04:00:00",615.15
"2023-10-10 04:00:00",621.25
"2023-10-11 04:00:00",621.5
"2023-10-12 04:00:00",624.65
"2023-10-13 04:00:00",625.25
"2023-10-16 04:00:00",630.05
"2023-10-17 04:00:00",641.8
"2023-10-18 04:00:00",645
"2023-10-19 04:00:00",639
"2023-10-20 04:00:00",639.95
"2023-10-23 04:00:00",625.25
"2023-10-25 04:00:00",616.45
"2023-10-26 04:00:00",605.85
"2023-10-27 04:00:00",608.65
"2023-10-30 04:00:00",607.6
"2023-10-31 04:00:00",618.35
"2023-11-01 04:00:00",620.05
"2023-11-02 04:00:00",619.3
"2023-11-03 04:00:00",622.1
"2023-11-06 04:00:00",621.8
"2023-11-07 04:00:00",622.45
"2023-11-08 04:00:00",618.75
"2023-11-09 04:00:00",621.35
"2023-11-10 04:00:00",626.75
"2023-11-12 04:00:00",626.9
"2023-11-13 04:00:00",621.05
"2023-11-15 04:00:00",636.15
"2023-11-16 04:00:00",634.95
"2023-11-17 04:00:00",651.8
"2023-11-20 04:00:00",652.4
"2023-11-21 04:00:00",667.9
"2023-11-22 04:00:00",668.5
"2023-11-23 04:00:00",665
"2023-11-24 04:00:00",668
"2023-11-28 04:00:00",673.3
"2023-11-29 04:00:00",675.65
"2023-11-30 04:00:00",690.75
"2023-12-01 04:00:00",682.15
"2023-12-04 04:00:00",674.95
"2023-12-05 04:00:00",672.75
"2023-12-06 04:00:00",677.35
"2023-12-07 04:00:00",678.3
"2023-12-08 04:00:00",671.25
"2023-12-11 04:00:00",672.5
"2023-12-12 04:00:00",707.35
"2023-12-13 04:00:00",698.2
"2023-12-14 04:00:00",684.55
"2023-12-15 04:00:00",673.1
"2023-12-18 04:00:00",672.25
"2023-12-19 04:00:00",666.05
"2023-12-20 04:00:00",644.1
"2023-12-21 04:00:00",644.2
"2023-12-22 04:00:00",639.85
"2023-12-26 04:00:00",638
"2023-12-27 04:00:00",643.8
"2023-12-28 04:00:00",648.1
"2023-12-29 04:00:00",646.7
"2023-12-30 04:00:00",,0.29
"2024-01-01 04:00:00",648.7
"2024-01-02 04:00:00",645.5
"2024-01-03 04:00:00",637.2
"2024-01-04 04:00:00",647.95
"2024-01-05 04:00:00",646.75
"2024-01-08 04:00:00",645.85
"2024-01-09 04:00:00",640.9
"2024-01-10 04:00:00",644.95
"2024-01-11 04:00:00",644
"2024-01-12 04:00:00",637.6
"2024-01-15 04:00:00",614.45
"2024-01-16 04:00:00",611.25
"2024-01-17 04:00:00",606.6
"2024-01-18 04:00:00",607.8
"2024-01-19 04:00:00",615.9
"2024-01-20 04:00:00",608
"2024-01-23 04:00:00",586.15
"2024-01-24 04:00:00",581.65
"2024-01-25 04:00:00",579
"2024-01-29 04:00:00",578.55
"2024-01-30 04:00:00",575
"2024-01-31 04:00:00",576.6
"2024-02-01 04:00:00",587.1
"2024-02-02 04:00:00",578.8
"2024-02-05 04:00:00",563.35
"2024-02-06 04:00:00",592.75
"2024-02-07 04:00:00",605.15
"2024-02-08 04:00:00",591.7
"2024-02-09 04:00:00",584
"2024-02-12 04:00:00",577.2
"2024-02-13 04:00:00",589.55
"2024-02-14 04:00:00",585.35
"2024-02-15 04:00:00",585.1
"2024-02-16 04:00:00",592.45
"2024-02-19 04:00:00",585.2
"2024-02-20 04:00:00",587.95
"2024-02-21 04:00:00",577.45
"2024-02-22 04:00:00",574.65
"2024-02-23 04:00:00",580.7
"2024-02-26 04:00:00",576.35
"2024-02-27 04:00:00",581.6
"2024-02-28 04:00:00",580.6
"2024-02-29 04:00:00",582
"2024-03-01 04:00:00",589.95
"2024-03-04 04:00:00",610.3
"2024-03-05 04:00:00",607.7
"2024-03-06 04:00:00",613.95
"2024-03-07 04:00:00",621.95
"2024-03-11 04:00:00",620.85
"2024-03-12 04:00:00",621.55
"2024-03-13 04:00:00",610.05
"2024-03-14 04:00:00",622.25
"2024-03-15 04:00:00",632.35
"2024-03-18 04:00:00",634.1
"2024-03-19 04:00:00",632.5
"2024-03-20 04:00:00",626.4
"2024-03-21 04:00:00",622.25
"2024-03-22 04:00:00",623.85
"2024-03-26 04:00:00",626.9
"2024-03-27 04:00:00",626.35
"2024-03-28 04:00:00",633.35
"2024-03-30 04:00:00",,0.3
"2024-04-01 04:00:00",634.75
"2024-04-02 04:00:00",631.9
"2024-04-03 04:00:00",624.1
"2024-04-04 04:00:00",622.4
"2024-04-05 04:00:00",629.4
"2024-04-08 04:00:00",634.6
"2024-04-09 04:00:00",633.95
"2024-04-10 04:00:00",621.5
"2024-04-12 04:00:00",618.5
"2024-04-15 04:00:00",612.95
"2024-04-16 04:00:00",604.6
"2024-04-18 04:00:00",605.65
"2024-04-19 04:00:00",601.55
"2024-04-22 04:00:00",605.95
"2024-04-23 04:00:00",601.15
"2024-04-24 04:00:00",594.2
"2024-04-25 04:00:00",594.7
"2024-04-26 04:00:00",587.85
"2024-04-29 04:00:00",575.1
"2024-04-30 04:00:00",583.65
"2024-05-02 04:00:00",576.35
"2024-05-03 04:00:00",565.9
"2024-05-06 04:00:00",555.05
"2024-05-07 04:00:00",552.35
"2024-05-08 04:00:00",550.45
"2024-05-09 04:00:00",539.55
"2024-05-10 04:00:00",548.55
"2024-05-13 04:00:00",559.65
"2024-05-14 04:00:00",561.55
"2024-05-15 04:00:00",555.95
"2024-05-16 04:00:00",567.05
"2024-05-17 04:00:00",570.2
"2024-05-18 04:00:00",569.4
"2024-05-21 04:00:00",565.6
"2024-05-22 04:00:00",560.4
"2024-05-23 04:00:00",565.65
"2024-05-24 04:00:00",565.1
"2024-05-27 04:00:00",564.25
"2024-05-28 04:00:00",578.45
"2024-05-29 04:00:00",561.85
"2024-05-30 04:00:00",550.75
"2024-05-31 04:00:00",549.85
"2024-06-03 04:00:00",550.1
"2024-06-04 04:00:00",534.45
"2024-06-05 04:00:00",551.95
"2024-06-06 04:00:00",555.25
"2024-06-07 04:00:00",562.95
"2024-06-10 04:00:00",569.2
"2024-06-11 04:00:00",571.7
"2024-06-12 04:00:00",572.7
"2024-06-13 04:00:00",593.5
"2024-06-14 04:00:00",598.35
"2024-06-18 04:00:00",601.2
"2024-06-19 04:00:00",596.2
"2024-06-20 04:00:00",590.1
"2024-06-21 04:00:00",580.95
"2024-06-24 04:00:00",579.5
"2024-06-25 04:00:00",590.95
"2024-06-26 04:00:00",589.05
"2024-06-27 04:00:00",593.25
"2024-06-28 04:00:00",595.05
"2024-06-29 04:00:00",,0.34
"2024-07-01 04:00:00",600.75
"2024-07-02 04:00:00",589.8
"2024-07-03 04:00:00",596.15
"2024-07-04 04:00:00",603.95
"2024-07-05 04:00:00",607.35
"2024-07-08 04:00:00",620.9
"2024-07-09 04:00:00",623.65
"2024-07-10 04:00:00",632.75
"2024-07-11 04:00:00",634.25
"2024-07-12 04:00:00",635.55
"2024-07-15 04:00:00",638.05
"2024-07-16 04:00:00",646.75
"2024-07-18 04:00:00",648.9
"2024-07-19 04:00:00",635.9
"2024-07-22 04:00:00",637.4
"2024-07-23 04:00:00",643.95
"2024-07-24 04:00:00",672.8
"2024-07-25 04:00:00",683.15
"2024-07-26 04:00:00",703.35
"2024-07-29 04:00:00",696.85
"2024-07-30 04:00:00",697.2
"2024-07-31 04:00:00",715.5
"2024-08-01 04:00:00",713.6
"2024-08-02 04:00:00",707.4
"2024-08-05 04:00:00",710.9
"2024-08-06 04:00:00",679.6
"2024-08-07 04:00:00",696.25
"2024-08-08 04:00:00",710.35
"2024-08-09 04:00:00",702.4
"2024-08-12 04:00:00",702.45
"2024-08-13 04:00:00",685
"2024-08-14 04:00:00",686.35
"2024-08-16 04:00:00",689.4
"2024-08-19 04:00:00",685.7
"2024-08-20 04:00:00",710.6
"2024-08-21 04:00:00",724.55
"2024-08-22 04:00:00",726
"2024-08-23 04:00:00",729
"2024-08-26 04:00:00",725.65
"2024-08-27 04:00:00",739.55
"2024-08-28 04:00:00",742.1
"2024-08-29 04:00:00",736.9
"2024-08-30 04:00:00",738.7
"2024-09-02 04:00:00",745.3
"2024-09-03 04:00:00",758.75
"2024-09-04 04:00:00",758.8
"2024-09-05 04:00:00",751.85
"2024-09-06 04:00:00",738.4
"2024-09-09 04:00:00",735.8
"2024-09-10 04:00:00",702.9
"2024-09-11 04:00:00",700.15
"2024-09-12 04:00:00",714.55
"2024-09-13 04:00:00",705.4
"2024-09-16 04:00:00",701.35
"2024-09-17 04:00:00",698.9
"2024-09-18 04:00:00",698.8
"2024-09-19 04:00:00",701.5
"2024-09-20 04:00:00",711.1
"2024-09-23 04:00:00",727.5
"2024-09-24 04:00:00",720.7
"2024-09-25 04:00:00",716.55
"2024-09-26 04:00:00",729.55
"2024-09-27 04:00:00",730.2
"2024-09-29 04:00:00",,0.28
"2024-09-30 04:00:00",718
"2024-10-01 04:00:00",710.2
"2024-10-03 04:00:00",702.25
"2024-10-04 04:00:00",708.8
"2024-10-07 04:00:00",705.85
"2024-10-08 04:00:00",710.1
"2024-10-09 04:00:00",717.3
"2024-10-10 04:00:00",723.65
"2024-10-11 04:00:00",723.85
"2024-10-14 04:00:00",740.6
"2024-10-15 04:00:00",714.25
"2024-10-16 04:00:00",726.8
"2024-10-17 04:00:00",726.1
"2024-10-18 04:00:00",742.45
"2024-10-21 04:00:00",745.85
"2024-10-22 04:00:00",728.2
"2024-10-23 04:00:00",723.75
"2024-10-24 04:00:00",714.85
"2024-10-25 04:00:00",709.45
"2024-10-28 04:00:00",718.25
"2024-10-29 04:00:00",742.4
"2024-10-30 04:00:00",727.05
"2024-10-31 04:00:00",720.15
"2024-11-01 04:00:00",723.7
"2024-11-04 04:00:00",710.85
"2024-11-05 04:00:00",717.25
"2024-11-06 04:00:00",708.7
"2024-11-07 04:00:00",711.7
"2024-11-08 04:00:00",708.5
"2024-11-11 04:00:00",705.35
"2024-11-12 04:00:00",700
"2024-11-13 04:00:00",685.05
"2024-11-14 04:00:00",694
"2024-11-18 04:00:00",690.5
"2024-11-19 04:00:00",680.4
"2024-11-21 04:00:00",674.4
"2024-11-22 04:00:00",688.2
"2024-11-25 04:00:00",684.8
"2024-11-26 04:00:00",682.4
"2024-11-27 04:00:00",680.55
"2024-11-28 04:00:00",657.7
"2024-11-29 04:00:00",657.75
"2024-12-02 04:00:00",640.2
"2024-12-03 04:00:00",634
"2024-12-04 04:00:00",650.25
"2024-12-05 04:00:00",643.15
"2024-12-06 04:00:00",636.5
"2024-12-09 04:00:00",641.8
"2024-12-10 04:00:00",633.3
"2024-12-11 04:00:00",634.65
"2024-12-12 04:00:00",626.55
"2024-12-13 04:00:00",632.55
"2024-12-16 04:00:00",634.95
"2024-12-17 04:00:00",626.75
"2024-12-18 04:00:00",624.55
"2024-12-19 04:00:00",623.55
"2024-12-20 04:00:00",623.8
"2024-12-23 04:00:00",622.55
"2024-12-24 04:00:00",622.5
"2024-12-26 04:00:00",626.4
"2024-12-27 04:00:00",621.9
"2024-12-30 04:00:00",617.4,0.32
"2024-12-31 04:00:00",617.05
"2025-01-01 04:00:00",617.2
"2025-01-02 04:00:00",620.15
"2025-01-03 04:00:00",623
"2025-01-06 04:00:00",605.95
"2025-01-07 04:00:00",619.85
"2025-01-08 04:00:00",618
"2025-01-09 04:00:00",612.2
"2025-01-10 04:00:00",608.65
"2025-01-13 04:00:00",599.75
"2025-01-14 04:00:00",600.45
"2025-01-15 04:00:00",594.2
"2025-01-16 04:00:00",641.4
"2025-01-17 04:00:00",642.2
"2025-01-20 04:00:00",634.05
"2025-01-21 04:00:00",624
"2025-01-22 04:00:00",618.2
"2025-01-23 04:00:00",621
"2025-01-24 04:00:00",621.1
"2025-01-27 04:00:00",610.2
"2025-01-28 04:00:00",611.55
"2025-01-29 04:00:00",628.35
"2025-01-30 04:00:00",634.15
"2025-01-31 04:00:00",638.05
"2025-02-01 04:00:00",625.5
"2025-02-03 04:00:00",621.4
"2025-02-04 04:00:00",625.9
"2025-02-05 04:00:00",627.85
"2025-02-06 04:00:00",631.95
"2025-02-07 04:00:00",635.7
"2025-02-10 04:00:00",635.7
"2025-02-11 04:00:00",618.6
"2025-02-12 04:00:00",629.15
"2025-02-13 04:00:00",629.6
"2025-02-14 04:00:00",626.2
"2025-02-17 04:00:00",623.25
"2025-02-18 04:00:00",618.95
"2025-02-19 04:00:00",622.85
"2025-02-20 04:00:00",620
"2025-02-21 04:00:00",622.85
"2025-02-24 04:00:00",617
"2025-02-25 04:00:00",622.15
"2025-02-27 04:00:00",618.4
"2025-02-28 04:00:00",608.5
"2025-03-03 04:00:00",618
"2025-03-04 04:00:00",616.5
"2025-03-05 04:00:00",621.2
"2025-03-06 04:00:00",618.25
"2025-03-07 04:00:00",625.2
"2025-03-10 04:00:00",625.9
"2025-03-11 04:00:00",636.95
"2025-03-12 04:00:00",632
"2025-03-13 04:00:00",622.4
"2025-03-17 04:00:00",629.8
"2025-03-18 04:00:00",640.55
"2025-03-19 04:00:00",664.55
"2025-03-20 04:00:00",674.35
"2025-03-21 04:00:00",679.6
"2025-03-24 04:00:00",679.9
"2025-03-25 04:00:00",673.1
"2025-03-26 04:00:00",668.4
"2025-03-27 04:00:00",681.9
"2025-03-28 04:00:00",685.7
"2025-03-30 04:00:00",,0.29
"2025-04-01 04:00:00",692.9
"2025-04-02 04:00:00",696.15
"2025-04-03 04:00:00",692.9
"2025-04-04 04:00:00",689.05
"2025-04-07 04:00:00",665.95
"2025-04-08 04:00:00",685.75
"2025-04-09 04:00:00",684.8
"2025-04-11 04:00:00",685.55
"2025-04-15 04:00:00",704.7
"2025-04-16 04:00:00",716.05
"2025-04-17 04:00:00",720.05
"2025-04-21 04:00:00",712.2
"2025-04-22 04:00:00",712.55
"2025-04-23 04:00:00",709.1
"2025-04-24 04:00:00",708.4
"2025-04-25 04:00:00",704.55
"2025-04-28 04:00:00",710.85
"2025-04-29 04:00:00",715.05
"2025-04-30 04:00:00",743.7
"2025-05-02 04:00:00",727.75
"2025-05-05 04:00:00",738.9
"2025-05-06 04:00:00",722.6
"2025-05-07 04:00:00",723.9
"2025-05-08 04:00:00",722.95
"2025-05-09 04:00:00",713.6
"2025-05-12 04:00:00",734.6
"2025-05-13 04:00:00",735.05
"2025-05-14 04:00:00",741.7
"2025-05-15 04:00:00",751.2
"2025-05-16 04:00:00",750.55
"2025-05-19 04:00:00",750.95
"2025-05-20 04:00:00",747.05
"2025-05-21 04:00:00",759.7
"2025-05-22 04:00:00",755.85
"2025-05-23 04:00:00",780.4
"2025-05-26 04:00:00",780
"2025-05-27 04:00:00",775.8
"2025-05-28 04:00:00",789.45
"2025-05-29 04:00:00",780.9
"2025-05-30 04:00:00",776.85
"2025-06-02 04:00:00",766.7
"2025-06-03 04:00:00",757.9
"2025-06-04 04:00:00",758.8
"2025-06-05 04:00:00",761.6
"2025-06-06 04:00:00",755.1
"2025-06-09 04:00:00",760.4
"2025-06-10 04:00:00",762.45
"2025-06-11 04:00:00",764.2
"2025-06-12 04:00:00",754.5
"2025-06-13 04:00:00",752.85
"2025-06-16 04:00:00",770.55
"2025-06-17 04:00:00",773.95
"2025-06-18 04:00:00",766.2
"2025-06-19 04:00:00",761.85
"2025-06-20 04:00:00",778.95
"2025-06-23 04:00:00",774.15
"2025-06-24 04:00:00",779.7
"2025-06-25 04:00:00",785.1
"2025-06-26 04:00:00",799.45
"2025-06-27 04:00:00",806.95
"2025-06-29 04:00:00",,0.26
"2025-06-30 04:00:00",814.3
"2025-07-01 04:00:00",809.9
"2025-07-02 04:00:00",789.7
"2025-07-03 04:00:00",785.85
"2025-07-04 04:00:00",785.1
"2025-07-07 04:00:00",789.45
"2025-07-08 04:00:00",794.15
"2025-07-09 04:00:00",786.3
"2025-07-10 04:00:00",771.25
"2025-07-11 04:00:00",759
"2025-07-14 04:00:00",764.75
"2025-07-15 04:00:00",756.85
"2025-07-16 04:00:00",755.95
"2025-07-17 04:00:00",751.8
"2025-07-18 04:00:00",739.5
"2025-07-21 04:00:00",752.3
"2025-07-22 04:00:00",763.3
"2025-07-23 04:00:00",762.5
"2025-07-24 04:00:00",757.3
"2025-07-25 04:00:00",762.35
"2025-07-28 04:00:00",761.2
"2025-07-29 04:00:00",756.35
"2025-07-30 04:00:00",757.45
"2025-07-31 04:00:00",755.5
"2025-08-01 04:00:00",741.7
"2025-08-04 04:00:00",739.8
"2025-08-05 04:00:00",738.5
"2025-08-06 04:00:00",752.55
"2025-08-07 04:00:00",755.7
"2025-08-08 04:00:00",761.55
"2025-08-11 04:00:00",764.75
"2025-08-12 04:00:00",766.2
"2025-08-13 04:00:00",776.6
"2025-08-14 04:00:00",788.75
"2025-08-18 04:00:00",791
"2025-08-19 04:00:00",793.75
"2025-08-20 04:00:00",796.55
"2025-08-21 04:00:00",795.45
"2025-08-22 04:00:00",788.75
"2025-08-25 04:00:00",787
"2025-08-26 04:00:00",776.6
"2025-08-28 04:00:00",775.35
"2025-08-29 04:00:00",772.05
"2025-09-01 04:00:00",781.8
"2025-09-02 04:00:00",782.75
"2025-09-03 04:00:00",776.45
"2025-09-04 04:00:00",754.25
"2025-09-05 04:00:00",759.55
"2025-09-08 04:00:00",753.75
"2025-09-09 04:00:00",761.1
"2025-09-10 04:00:00",777.6
"2025-09-11 04:00:00",774.25
"2025-09-12 04:00:00",779.65
"2025-09-15 04:00:00",777.2
"2025-09-16 04:00:00",774.35
"2025-09-17 04:00:00",768.05
"2025-09-18 04:00:00",784.6
"2025-09-19 04:00:00",782.2
"2025-09-22 04:00:00",787.8
"2025-09-23 04:00:00",775.05
"2025-09-24 04:00:00",770.25
"2025-09-25 04:00:00",765.05
"2025-09-26 04:00:00",764.4
"2025-09-29 04:00:00",756.6,0.28
"2025-09-30 04:00:00",756.45
"2025-10-01 04:00:00",764
"2025-10-03 04:00:00",759.2
"2025-10-06 04:00:00",763.05
"2025-10-07 04:00:00",755.6
"2025-10-08 04:00:00",747.3
"2025-10-09 04:00:00",754.35
"2025-10-10 04:00:00",747.3
"2025-10-13 04:00:00",746.55
"2025-10-14 04:00:00",743.55
"2025-10-15 04:00:00",761.15
"2025-10-16 04:00:00",742.85
"2025-10-17 04:00:00",745.95
"2025-10-20 04:00:00",742.25
"2025-10-21 04:00:00",743.7
"2025-10-23 04:00:00",743.65
"2025-10-24 04:00:00",734.95
"2025-10-27 04:00:00",737.25
"2025-10-28 04:00:00",747
"2025-10-29 04:00:00",761.3
"2025-10-30 04:00:00",746.6
"2025-10-31 04:00:00",731.85
"2025-11-03 04:00:00",736
"2025-11-04 04:00:00",742.45
"2025-11-06 04:00:00",736.05
"2025-11-07 04:00:00",749.25
"2025-11-10 04:00:00",750.7
"2025-11-11 04:00:00",763.9
"2025-11-12 04:00:00",777.9