"DateTime","SBILIFE","SBILIFE - PB"
"2017-10-03 04:00:00",707.55,12.88
"2017-10-04 04:00:00",703.65,12.75
"2017-10-05 04:00:00",694.55,12.73
"2017-10-06 04:00:00",696.75,12.73
"2017-10-09 04:00:00",698.65,12.8
"2017-10-10 04:00:00",700,12.64
"2017-10-11 04:00:00",689.9,12.57
"2017-10-12 04:00:00",687.7,12.68
"2017-10-13 04:00:00",689.7,12.68
"2017-10-16 04:00:00",670.1,12.31
"2017-10-17 04:00:00",673.05,12.26
"2017-10-18 04:00:00",668.4,12.26
"2017-10-23 04:00:00",665.8,12.29
"2017-10-24 04:00:00",665.85,12.26
"2017-10-25 04:00:00",669.9,12.2
"2017-10-26 04:00:00",666.85,12.16
"2017-10-27 04:00:00",662.2,12.16
"2017-10-30 04:00:00",655,12.05
"2017-10-31 04:00:00",662.1,11.81
"2017-11-01 04:00:00",647.05,11.81
"2017-11-02 04:00:00",642.75,11.8
"2017-11-03 04:00:00",642.25,11.8
"2017-11-06 04:00:00",656.75,11.78
"2017-11-07 04:00:00",642.35,11.59
"2017-11-08 04:00:00",631.6,12.08
"2017-11-09 04:00:00",657.95,12.37
"2017-11-10 04:00:00",676.55,12.37
"2017-11-13 04:00:00",665,12.1
"2017-11-14 04:00:00",660,11.9
"2017-11-15 04:00:00",649.35,11.91
"2017-11-16 04:00:00",649.9,12.05
"2017-11-17 04:00:00",659.55,12.05
"2017-11-20 04:00:00",661.45,12.64
"2017-11-21 04:00:00",687.45,12.72
"2017-11-22 04:00:00",693.15,12.24
"2017-11-23 04:00:00",666.3,12.02
"2017-11-24 04:00:00",655.7,12.02
"2017-11-27 04:00:00",653.7,12
"2017-11-28 04:00:00",653.45,12.06
"2017-11-29 04:00:00",656.2,12.03
"2017-11-30 04:00:00",654.9,12.04
"2017-12-01 04:00:00",655.9,12.04
"2017-12-04 04:00:00",661.75,12.09
"2017-12-05 04:00:00",659.1,12.02
"2017-12-06 04:00:00",656.1,12.24
"2017-12-07 04:00:00",668.4,12.54
"2017-12-08 04:00:00",685.7,12.54
"2017-12-11 04:00:00",674.75,12.39
"2017-12-12 04:00:00",676.05,12.51
"2017-12-13 04:00:00",675.35,12.48
"2017-12-14 04:00:00",679.9,12.66
"2017-12-15 04:00:00",689,12.66
"2017-12-18 04:00:00",692.15,12.79
"2017-12-19 04:00:00",697.3,12.75
"2017-12-20 04:00:00",697.15,12.84
"2017-12-21 04:00:00",701.8,12.89
"2017-12-22 04:00:00",702.85,12.89
"2017-12-26 04:00:00",701.7,12.84
"2017-12-27 04:00:00",700.45,12.75
"2017-12-28 04:00:00",698.9,12.76
"2017-12-29 04:00:00",695.35,12.76
"2018-01-01 04:00:00",699.5,12.53
"2018-01-02 04:00:00",685.1,12.74
"2018-01-03 04:00:00",690.5,12.84
"2018-01-04 04:00:00",701.6,12.86
"2018-01-05 04:00:00",701.95,12.86
"2018-01-08 04:00:00",704.15,13.06
"2018-01-09 04:00:00",717.25,13.02
"2018-01-10 04:00:00",711.6,12.87
"2018-01-11 04:00:00",703.8,12.87
"2018-01-12 04:00:00",701.75,12.87
"2018-01-15 04:00:00",716.75,12.86
"2018-01-16 04:00:00",700.85,12.92
"2018-01-17 04:00:00",705.25,12.93
"2018-01-18 04:00:00",707.8,13.01
"2018-01-19 04:00:00",711.5,13.01
"2018-01-22 04:00:00",714.65,13.13
"2018-01-23 04:00:00",716.9,12.85
"2018-01-24 04:00:00",702.6,12.53
"2018-01-25 04:00:00",682.05,12.53
"2018-01-29 04:00:00",681.85,12.25
"2018-01-30 04:00:00",667.9,12.11
"2018-01-31 04:00:00",660.65,12.99
"2018-02-01 04:00:00",708.7,13.03
"2018-02-02 04:00:00",718.3,13.03
"2018-02-05 04:00:00",695.05,12.7
"2018-02-06 04:00:00",695.25,13.1
"2018-02-07 04:00:00",713.7,13.1
"2018-02-08 04:00:00",715,13.03
"2018-02-09 04:00:00",709.9,13.03
"2018-02-12 04:00:00",685.8,12.59
"2018-02-14 04:00:00",682.25,12.53
"2018-02-15 04:00:00",682.4,12.7
"2018-02-16 04:00:00",689.25,12.7
"2018-02-19 04:00:00",685.25,12.36
"2018-02-20 04:00:00",674.65,12.39
"2018-02-21 04:00:00",675.5,12.21
"2018-02-22 04:00:00",666.2,12.38
"2018-02-23 04:00:00",675.7,12.38
"2018-02-26 04:00:00",682.2,12.65
"2018-02-27 04:00:00",689.45,12.7
"2018-02-28 04:00:00",694.5,12.65
"2018-03-01 04:00:00",690,12.65
"2018-03-05 04:00:00",672.55,11.96
"2018-03-06 04:00:00",655.05,11.99
"2018-03-07 04:00:00",652.6,11.91
"2018-03-08 04:00:00",653.3,12.29
"2018-03-09 04:00:00",670.3,12.29
"2018-03-12 04:00:00",678.55,12.49
"2018-03-13 04:00:00",677.5,12.38
"2018-03-14 04:00:00",674.15,12.41
"2018-03-15 04:00:00",675,12.34
"2018-03-16 04:00:00",668.45,12.34
"2018-03-19 04:00:00",674.1,12.63
"2018-03-20 04:00:00",686.6,12.38
"2018-03-21 04:00:00",672.9,12.27
"2018-03-22 04:00:00",664.9,12.18
"2018-03-23 04:00:00",664.5,12.18
"2018-03-26 04:00:00",663.1,12.26
"2018-03-27 04:00:00",672.95,12.49
"2018-03-28 04:00:00",678.25,12.49
"2018-04-02 04:00:00",683.9,12.48
"2018-04-03 04:00:00",680,12.42
"2018-04-04 04:00:00",679.95,12.38
"2018-04-05 04:00:00",675,12.47
"2018-04-06 04:00:00",679.65,12.47
"2018-04-09 04:00:00",678.7,12.76
"2018-04-10 04:00:00",695.7,13.18
"2018-04-11 04:00:00",719,13.12
"2018-04-12 04:00:00",719.05,13.16
"2018-04-13 04:00:00",711.65,13.16
"2018-04-16 04:00:00",708.9,13.21
"2018-04-17 04:00:00",721.4,13.28
"2018-04-18 04:00:00",721.35,13.27
"2018-04-19 04:00:00",722.9,13.15
"2018-04-20 04:00:00",716.15,13.15
"2018-04-23 04:00:00",716.95,13.81
"2018-04-24 04:00:00",746,14.06
"2018-04-25 04:00:00",766.1,13.81
"2018-04-26 04:00:00",762.8,11.59
"2018-04-27 04:00:00",758.85,11.59
"2018-04-30 04:00:00",743.1,11.38
"2018-05-02 04:00:00",746.55,11.07
"2018-05-03 04:00:00",732,10.76
"2018-05-04 04:00:00",702.1,10.76
"2018-05-07 04:00:00",703.6,10.79
"2018-05-08 04:00:00",702.45,10.83
"2018-05-09 04:00:00",699.95,11
"2018-05-10 04:00:00",713.75,10.71
"2018-05-11 04:00:00",698.3,10.71
"2018-05-14 04:00:00",691.15,10.43
"2018-05-15 04:00:00",678.9,10.26
"2018-05-16 04:00:00",667.65,10.29
"2018-05-17 04:00:00",669.7,10.24
"2018-05-18 04:00:00",665.2,10.24
"2018-05-21 04:00:00",655.2,10.17
"2018-05-22 04:00:00",659.95,10.37
"2018-05-23 04:00:00",679.05,10.36
"2018-05-24 04:00:00",678.3,10.5
"2018-05-25 04:00:00",683.85,10.5
"2018-05-28 04:00:00",685.35,10.67
"2018-05-29 04:00:00",695.3,10.64
"2018-05-30 04:00:00",694.3,10.58
"2018-05-31 04:00:00",689.8,10.36
"2018-06-01 04:00:00",676,10.36
"2018-06-04 04:00:00",660.05,10.27
"2018-06-05 04:00:00",665,10.47
"2018-06-06 04:00:00",683.1,10.63
"2018-06-07 04:00:00",692,10.63
"2018-06-08 04:00:00",692.35,10.63
"2018-06-11 04:00:00",712.5,11.06
"2018-06-12 04:00:00",719.9,10.77
"2018-06-13 04:00:00",702.25,10.58
"2018-06-14 04:00:00",689.9,10.36
"2018-06-15 04:00:00",671.8,10.36
"2018-06-18 04:00:00",671.85,10.35
"2018-06-19 04:00:00",673.45,10.39
"2018-06-20 04:00:00",676.2,10.37
"2018-06-21 04:00:00",675.45,10.52
"2018-06-22 04:00:00",685.2,10.52
"2018-06-25 04:00:00",689.75,10.47
"2018-06-26 04:00:00",684.7,10.43
"2018-06-27 04:00:00",677.75,10.35
"2018-06-28 04:00:00",666.4,10.37
"2018-06-29 04:00:00",674.35,10.37
"2018-07-02 04:00:00",669.4,10.31
"2018-07-03 04:00:00",,10.19
"2018-07-04 04:00:00",664.05,10.19
"2018-07-05 04:00:00",665.1,10.25
"2018-07-06 04:00:00",668.05,10.25
"2018-07-09 04:00:00",664.85,10.15
"2018-07-10 04:00:00",661.35,10.18
"2018-07-11 04:00:00",662.1,10.2
"2018-07-12 04:00:00",664.7,10.15
"2018-07-13 04:00:00",661.05,10.15
"2018-07-16 04:00:00",656.2,10.23
"2018-07-17 04:00:00",664.55,10.04
"2018-07-18 04:00:00",649.2,9.7
"2018-07-19 04:00:00",633.75,9.76
"2018-07-20 04:00:00",633.05,9.76
"2018-07-23 04:00:00",652.75,9.98
"2018-07-24 04:00:00",654.65,10.15
"2018-07-25 04:00:00",659.75,10.29
"2018-07-26 04:00:00",673.2,10.67
"2018-07-27 04:00:00",694.05,10.67
"2018-07-30 04:00:00",689.35,10.59
"2018-07-31 04:00:00",686,10.59
"2018-08-01 04:00:00",695.35,10.67
"2018-08-02 04:00:00",695.2,10.58
"2018-08-03 04:00:00",689.8,10.58
"2018-08-06 04:00:00",686.6,10.54
"2018-08-07 04:00:00",686.1,10.37
"2018-08-08 04:00:00",677.2,10.33
"2018-08-09 04:00:00",673.4,10
"2018-08-10 04:00:00",649.9,10
"2018-08-13 04:00:00",653.7,10.12
"2018-08-14 04:00:00",658.85,10.12
"2018-08-16 04:00:00",648.55,10.06
"2018-08-17 04:00:00",654.95,10.06
"2018-08-20 04:00:00",672.55,10.29
"2018-08-21 04:00:00",670.1,10.29
"2018-08-23 04:00:00",670.05,10.14
"2018-08-24 04:00:00",660.85,10.14
"2018-08-27 04:00:00",660.4,10.11
"2018-08-28 04:00:00",658.25,10.26
"2018-08-29 04:00:00",669.3,10.17
"2018-08-30 04:00:00",664.2,10.37
"2018-08-31 04:00:00",672.4,10.37
"2018-09-03 04:00:00",666.95,10.24
"2018-09-04 04:00:00",664.85,10.32
"2018-09-05 04:00:00",669.4,10.44
"2018-09-06 04:00:00",679.05,10.52
"2018-09-07 04:00:00",676.1,10.52
"2018-09-10 04:00:00",676,10.34
"2018-09-11 04:00:00",676.6,10.29
"2018-09-12 04:00:00",673.3,10.29
"2018-09-14 04:00:00",670.05,10.29
"2018-09-17 04:00:00",642.65,9.53
"2018-09-18 04:00:00",623,9.38
"2018-09-19 04:00:00",612.45,9.38
"2018-09-21 04:00:00",613.35,9.4
"2018-09-24 04:00:00",586.9,8.72
"2018-09-25 04:00:00",566.05,8.85
"2018-09-26 04:00:00",577.25,8.45
"2018-09-27 04:00:00",551.8,7.88
"2018-09-28 04:00:00",511.6,7.88
"2018-10-01 04:00:00",521.35,8.02
"2018-10-03 04:00:00",542.05,8.6
"2018-10-04 04:00:00",565.4,8.31
"2018-10-05 04:00:00",558.3,8.31
"2018-10-08 04:00:00",549.45,8.29
"2018-10-09 04:00:00",540.3,8.76
"2018-10-10 04:00:00",561.05,8.32
"2018-10-11 04:00:00",540.85,8.48
"2018-10-12 04:00:00",552.5,8.48
"2018-10-15 04:00:00",538.7,8.41
"2018-10-16 04:00:00",546.6,8.63
"2018-10-17 04:00:00",559.95,8.63
"2018-10-19 04:00:00",564.15,8.65
"2018-10-22 04:00:00",557.85,8.98
"2018-10-23 04:00:00",579.45,8.66
"2018-10-24 04:00:00",563.75,8.74
"2018-10-25 04:00:00",563.4,8.83
"2018-10-26 04:00:00",570.4,8.83
"2018-10-29 04:00:00",578.9,8.58
"2018-10-30 04:00:00",558.9,8.68
"2018-10-31 04:00:00",560.4,8.68
"2018-11-01 04:00:00",563.8,8.62
"2018-11-02 04:00:00",563.3,8.62
"2018-11-05 04:00:00",577.9,8.91
"2018-11-06 04:00:00",579.65,8.89
"2018-11-07 04:00:00",577.75,8.89
"2018-11-09 04:00:00",574.85,8.78
"2018-11-12 04:00:00",575.05,8.79
"2018-11-13 04:00:00",572.15,8.95
"2018-11-14 04:00:00",583,8.94
"2018-11-15 04:00:00",579.05,8.86
"2018-11-16 04:00:00",577.3,8.86
"2018-11-19 04:00:00",568.75,8.68
"2018-11-20 04:00:00",565.55,8.59
"2018-11-21 04:00:00",560.2,8.76
"2018-11-22 04:00:00",572.7,8.76
"2018-11-26 04:00:00",568.2,8.73
"2018-11-27 04:00:00",570.5,8.76
"2018-11-28 04:00:00",568.95,8.75
"2018-11-29 04:00:00",571.65,8.75
"2018-11-30 04:00:00",571.4,8.75
"2018-12-03 04:00:00",569.35,8.8
"2018-12-04 04:00:00",569.85,8.82
"2018-12-05 04:00:00",572.8,8.75
"2018-12-06 04:00:00",567.8,8.63
"2018-12-07 04:00:00",562.55,8.63
"2018-12-10 04:00:00",562.45,8.62
"2018-12-11 04:00:00",562.65,8.77
"2018-12-12 04:00:00",570.25,8.83
"2018-12-13 04:00:00",571,8.7
"2018-12-14 04:00:00",567,8.7
"2018-12-17 04:00:00",589.8,9.01
"2018-12-18 04:00:00",587.6,8.92
"2018-12-19 04:00:00",583.05,9.11
"2018-12-20 04:00:00",592.45,8.88
"2018-12-21 04:00:00",597.5,8.88
"2018-12-24 04:00:00",579.45,8.86
"2018-12-26 04:00:00",574.85,9.14
"2018-12-27 04:00:00",590.6,9.18
"2018-12-28 04:00:00",598.8,9.18
"2018-12-31 04:00:00",597.85,9.14
"2019-01-01 04:00:00",598.85,9.25
"2019-01-02 04:00:00",601.7,9.26
"2019-01-03 04:00:00",600.05,9.22
"2019-01-04 04:00:00",602.85,9.22
"2019-01-07 04:00:00",602.45,9.41
"2019-01-08 04:00:00",612.5,9.95
"2019-01-09 04:00:00",642.95,9.73
"2019-01-10 04:00:00",634.75,9.88
"2019-01-11 04:00:00",638.5,9.88
"2019-01-14 04:00:00",620.1,9.56
"2019-01-15 04:00:00",623.9,9.56
"2019-01-16 04:00:00",621.4,9.64
"2019-01-17 04:00:00",623.35,9.45
"2019-01-18 04:00:00",620.2,9.45
"2019-01-21 04:00:00",617.65,9.52
"2019-01-22 04:00:00",619.9,9.48
"2019-01-23 04:00:00",620,9.49
"2019-01-24 04:00:00",618.25,9.46
"2019-01-25 04:00:00",619.6,9.46
"2019-01-28 04:00:00",599.25,9.35
"2019-01-29 04:00:00",606.1,9.21
"2019-01-30 04:00:00",599.95,9.14
"2019-01-31 04:00:00",595,9.14
"2019-02-01 04:00:00",590.95,9.06
"2019-02-04 04:00:00",589.75,8.94
"2019-02-05 04:00:00",584,8.91
"2019-02-06 04:00:00",579.4,8.85
"2019-02-07 04:00:00",577.25,8.88
"2019-02-08 04:00:00",577.55,8.88
"2019-02-11 04:00:00",566.85,8.82
"2019-02-12 04:00:00",574.7,8.75
"2019-02-13 04:00:00",569.85,8.8
"2019-02-14 04:00:00",568.55,8.77
"2019-02-15 04:00:00",568.85,8.77
"2019-02-18 04:00:00",567.45,8.62
"2019-02-19 04:00:00",562.45,8.6
"2019-02-20 04:00:00",561.6,8.6
"2019-02-21 04:00:00",561.9,8.6
"2019-02-22 04:00:00",559.85,8.6
"2019-02-25 04:00:00",561,8.6
"2019-02-26 04:00:00",559.4,8.59
"2019-02-27 04:00:00",563.3,8.65
"2019-02-28 04:00:00",578.55,8.92
"2019-03-01 04:00:00",607.9,9.21
"2019-03-05 04:00:00",607.75,9.31
"2019-03-06 04:00:00",607.95,9.3
"2019-03-07 04:00:00",592.1,9.07
"2019-03-08 04:00:00",587.15,9.01
"2019-03-11 04:00:00",622.45,9.54
"2019-03-12 04:00:00",622.9,9.55
"2019-03-13 04:00:00",615.35,9.43
"2019-03-14 04:00:00",614.9,9.42
"2019-03-15 04:00:00",615.05,9.48
"2019-03-18 04:00:00",610.8,9.41
"2019-03-19 04:00:00",611.9,9.32
"2019-03-20 04:00:00",612.85,9.42
"2019-03-22 04:00:00",615.5,9.49
"2019-03-25 04:00:00",611.05,9.41
"2019-03-26 04:00:00",609.6,9.33
"2019-03-27 04:00:00",618.7,9.53
"2019-03-28 04:00:00",616.2,9.46
"2019-03-29 04:00:00",583.4,8.95
"2019-04-01 04:00:00",598.2,9.21
"2019-04-02 04:00:00",601.15,9.22
"2019-04-03 04:00:00",601.95,9.22
"2019-04-04 04:00:00",594.7,9.14
"2019-04-05 04:00:00",612.1,9.38
"2019-04-08 04:00:00",619.8,9.52
"2019-04-09 04:00:00",618.2,9.54
"2019-04-10 04:00:00",621.35,9.51
"2019-04-11 04:00:00",624.95,9.59
"2019-04-12 04:00:00",625.2,9.6
"2019-04-15 04:00:00",623.35,9.6
"2019-04-16 04:00:00",617.7,9.46
"2019-04-18 04:00:00",614.9,9.46
"2019-04-22 04:00:00",616.3,9.41
"2019-04-23 04:00:00",600.2,9.22
"2019-04-24 04:00:00",610.3,9.36
"2019-04-25 04:00:00",614.35,9.44
"2019-04-26 04:00:00",637.25,8.38
"2019-04-30 04:00:00",639.85,8.47
"2019-05-02 04:00:00",650.5,8.6
"2019-05-03 04:00:00",664.15,8.8
"2019-05-06 04:00:00",660,8.68
"2019-05-07 04:00:00",662.1,8.76
"2019-05-08 04:00:00",650.55,8.61
"2019-05-09 04:00:00",652.25,8.68
"2019-05-10 04:00:00",642.05,8.5
"2019-05-13 04:00:00",620,8.2
"2019-05-14 04:00:00",615.6,8.15
"2019-05-15 04:00:00",628.85,8.4
"2019-05-16 04:00:00",630.95,8.36
"2019-05-17 04:00:00",629.75,8.29
"2019-05-20 04:00:00",645.7,8.54
"2019-05-21 04:00:00",659.7,8.73
"2019-05-22 04:00:00",659.65,8.7
"2019-05-23 04:00:00",671.4,8.91
"2019-05-24 04:00:00",686,9.07
"2019-05-27 04:00:00",698.9,9.25
"2019-05-28 04:00:00",698.75,9.25
"2019-05-29 04:00:00",680,9
"2019-05-30 04:00:00",679.9,9.01
"2019-05-31 04:00:00",694.25,9.21
"2019-06-03 04:00:00",695.6,9.18
"2019-06-04 04:00:00",698.4,9.25
"2019-06-06 04:00:00",696.35,9.25
"2019-06-07 04:00:00",698.45,9.25
"2019-06-10 04:00:00",699.1,9.25
"2019-06-11 04:00:00",701,9.26
"2019-06-12 04:00:00",699.95,9.26
"2019-06-13 04:00:00",699.35,9.26
"2019-06-14 04:00:00",699.55,9.26
"2019-06-17 04:00:00",700,9.26
"2019-06-18 04:00:00",704.05,9.31
"2019-06-19 04:00:00",696.3,9.13
"2019-06-20 04:00:00",698.45,9.25
"2019-06-21 04:00:00",699.95,9.23
"2019-06-24 04:00:00",710.6,9.4
"2019-06-25 04:00:00",674.35,9
"2019-06-26 04:00:00",717.45,9.47
"2019-06-27 04:00:00",726.95,9.71
"2019-06-28 04:00:00",723.7,9.58
"2019-07-01 04:00:00",735.9,9.74
"2019-07-02 04:00:00",749.8,9.92
"2019-07-03 04:00:00",756.9,10.02
"2019-07-04 04:00:00",757.4,10.02
"2019-07-05 04:00:00",753.55,9.97
"2019-07-08 04:00:00",759.2,10.05
"2019-07-09 04:00:00",759,10.04
"2019-07-10 04:00:00",741.95,9.82
"2019-07-11 04:00:00",754.1,9.98
"2019-07-12 04:00:00",780.7,10.33
"2019-07-15 04:00:00",783.55,10.37
"2019-07-16 04:00:00",775.85,10.27
"2019-07-17 04:00:00",765.25,10.13
"2019-07-18 04:00:00",740.85,9.8
"2019-07-19 04:00:00",744.85,9.86
"2019-07-22 04:00:00",762.15,10.09
"2019-07-23 04:00:00",775.95,10.27
"2019-07-24 04:00:00",772.5,10.22
"2019-07-25 04:00:00",797.4,10.55
"2019-07-26 04:00:00",795.1,10.52
"2019-07-29 04:00:00",797.35,10.55
"2019-07-30 04:00:00",797.4,10.55
"2019-07-31 04:00:00",797.55,10.55
"2019-08-01 04:00:00",777,10.28
"2019-08-02 04:00:00",791.65,10.48
"2019-08-05 04:00:00",790.4,10.46
"2019-08-06 04:00:00",787.2,10.42
"2019-08-07 04:00:00",786.55,10.41
"2019-08-08 04:00:00",812.9,10.76
"2019-08-09 04:00:00",801.7,10.61
"2019-08-13 04:00:00",771.25,10.21
"2019-08-14 04:00:00",812.15,10.75
"2019-08-16 04:00:00",835.35,11.05
"2019-08-19 04:00:00",849.9,11.25
"2019-08-20 04:00:00",853.85,11.3
"2019-08-21 04:00:00",829.45,10.98
"2019-08-22 04:00:00",815.2,10.79
"2019-08-23 04:00:00",821.25,10.87
"2019-08-26 04:00:00",827.1,10.94
"2019-08-27 04:00:00",834.25,11.04
"2019-08-28 04:00:00",828.45,10.96
"2019-08-29 04:00:00",835.1,11.05
"2019-08-30 04:00:00",838.7,11.1
"2019-09-03 04:00:00",811.2,10.73
"2019-09-04 04:00:00",826.4,10.94
"2019-09-05 04:00:00",831.25,11
"2019-09-06 04:00:00",835.55,11.06
"2019-09-09 04:00:00",806.8,10.68
"2019-09-11 04:00:00",799.65,10.58
"2019-09-12 04:00:00",792.85,10.49
"2019-09-13 04:00:00",798.3,10.56
"2019-09-16 04:00:00",796.45,10.54
"2019-09-17 04:00:00",798.2,10.56
"2019-09-18 04:00:00",802.95,10.63
"2019-09-19 04:00:00",801.85,10.61
"2019-09-20 04:00:00",816.15,10.8
"2019-09-23 04:00:00",791.7,10.8
"2019-09-24 04:00:00",795.15,10.8
"2019-09-25 04:00:00",796.55,10.54
"2019-09-26 04:00:00",816.4,10.8
"2019-09-27 04:00:00",842.5,11.15
"2019-09-30 04:00:00",846.4,11.2
"2019-10-01 04:00:00",827.65,10.95
"2019-10-03 04:00:00",830.65,10.99
"2019-10-04 04:00:00",824.25,10.91
"2019-10-07 04:00:00",827.9,10.96
"2019-10-09 04:00:00",837.25,11.08
"2019-10-10 04:00:00",827.2,10.95
"2019-10-11 04:00:00",839.6,11.11
"2019-10-14 04:00:00",828.7,10.97
"2019-10-15 04:00:00",838.05,11.09
"2019-10-16 04:00:00",877.35,11.61
"2019-10-17 04:00:00",902.9,11.95
"2019-10-18 04:00:00",925.95,12.25
"2019-10-22 04:00:00",989.15,13.09
"2019-10-23 04:00:00",985.95,13.05
"2019-10-24 04:00:00",969.65,12.83
"2019-10-25 04:00:00",982.15,13
"2019-10-29 04:00:00",1014.35,13.42
"2019-10-30 04:00:00",999.8,13.23
"2019-10-31 04:00:00",991.5,13.12
"2019-11-01 04:00:00",997.5,13.2
"2019-11-04 04:00:00",998.7,13.22
"2019-11-05 04:00:00",969.8,12.83
"2019-11-06 04:00:00",968.95,12.82
"2019-11-07 04:00:00",986.45,13.05
"2019-11-08 04:00:00",982.2,13
"2019-11-11 04:00:00",969.95,12.84
"2019-11-13 04:00:00",988.15,13.08
"2019-11-14 04:00:00",999.9,13.23
"2019-11-15 04:00:00",1002.85,13.27
"2019-11-18 04:00:00",1000.05,13.23
"2019-11-19 04:00:00",936.55,12.39
"2019-11-20 04:00:00",939.7,12.44
"2019-11-21 04:00:00",929.6,12.3
"2019-11-22 04:00:00",942.65,12.47
"2019-11-25 04:00:00",951.6,12.59
"2019-11-26 04:00:00",958.95,12.69
"2019-11-27 04:00:00",948.2,12.55
"2019-11-28 04:00:00",971.15,12.85
"2019-11-29 04:00:00",960.05,12.7
"2019-12-02 04:00:00",943.85,12.49
"2019-12-03 04:00:00",963.4,12.75
"2019-12-04 04:00:00",972.25,12.87
"2019-12-05 04:00:00",966.4,12.79
"2019-12-06 04:00:00",964.2,12.76
"2019-12-09 04:00:00",942,12.47
"2019-12-10 04:00:00",949.85,12.57
"2019-12-11 04:00:00",966.55,12.79
"2019-12-12 04:00:00",960.4,12.71
"2019-12-13 04:00:00",974.9,12.9
"2019-12-16 04:00:00",969.55,12.83
"2019-12-17 04:00:00",972.55,12.87
"2019-12-18 04:00:00",964.75,12.77
"2019-12-19 04:00:00",969.75,12.83
"2019-12-20 04:00:00",992.75,13.14
"2019-12-23 04:00:00",996.8,13.19
"2019-12-24 04:00:00",994.75,13.16
"2019-12-26 04:00:00",991,13.11
"2019-12-27 04:00:00",988.65,13.08
"2019-12-30 04:00:00",976.35,12.92
"2019-12-31 04:00:00",961.6,12.72
"2020-01-01 04:00:00",976.4,12.92
"2020-01-02 04:00:00",969.35,12.83
"2020-01-03 04:00:00",975.1,12.9
"2020-01-06 04:00:00",983.1,13.01
"2020-01-07 04:00:00",984.9,13.03
"2020-01-08 04:00:00",987.75,13.07
"2020-01-09 04:00:00",988.5,13.08
"2020-01-10 04:00:00",989,13.09
"2020-01-13 04:00:00",989.85,13.1
"2020-01-14 04:00:00",987.8,13.07
"2020-01-15 04:00:00",998.15,13.21
"2020-01-16 04:00:00",999.9,13.23
"2020-01-17 04:00:00",996.35,13.18
"2020-01-20 04:00:00",981.5,12.99
"2020-01-21 04:00:00",972.75,12.87
"2020-01-22 04:00:00",981.7,12.99
"2020-01-23 04:00:00",985.95,13.05
"2020-01-24 04:00:00",999.8,13.23
"2020-01-27 04:00:00",992.15,13.13
"2020-01-28 04:00:00",987.85,13.07
"2020-01-29 04:00:00",1007.8,13.34
"2020-01-30 04:00:00",998.25,13.21
"2020-01-31 04:00:00",994.1,13.15
"2020-02-01 04:00:00",893.1,11.82
"2020-02-03 04:00:00",912.65,12.08
"2020-02-04 04:00:00",911.6,12.06
"2020-02-05 04:00:00",910.55,12.05
"2020-02-06 04:00:00",919.5,12.17
"2020-02-07 04:00:00",947.3,12.54
"2020-02-10 04:00:00",952.8,12.61
"2020-02-11 04:00:00",939.75,12.44
"2020-02-12 04:00:00",932.85,12.34
"2020-02-13 04:00:00",927.55,12.27
"2020-02-14 04:00:00",914.25,12.1
"2020-02-17 04:00:00",914.4,12.1
"2020-02-18 04:00:00",916.05,12.12
"2020-02-19 04:00:00",938.2,12.42
"2020-02-20 04:00:00",928.75,12.29
"2020-02-24 04:00:00",916.6,12.13
"2020-02-25 04:00:00",901.2,11.93
"2020-02-26 04:00:00",891.35,11.8
"2020-02-27 04:00:00",905.35,11.98
"2020-02-28 04:00:00",890.4,11.78
"2020-03-02 04:00:00",894.15,11.83
"2020-03-03 04:00:00",899.85,11.91
"2020-03-04 04:00:00",885.1,11.71
"2020-03-05 04:00:00",884.45,11.7
"2020-03-06 04:00:00",853.95,11.3
"2020-03-09 04:00:00",825.3,10.92
"2020-03-11 04:00:00",808.95,10.7
"2020-03-12 04:00:00",751.7,9.95
"2020-03-13 04:00:00",761.95,10.08
"2020-03-16 04:00:00",731.55,9.68
"2020-03-17 04:00:00",687,9.09
"2020-03-18 04:00:00",596.25,7.89
"2020-03-19 04:00:00",607.7,8.04
"2020-03-20 04:00:00",633.5,8.38
"2020-03-23 04:00:00",539.2,7.14
"2020-03-24 04:00:00",546.25,7.23
"2020-03-25 04:00:00",587.85,7.78
"2020-03-26 04:00:00",618.15,8.18
"2020-03-27 04:00:00",602.85,7.98
"2020-03-30 04:00:00",622,8.23
"2020-03-31 04:00:00",641,8.48
"2020-04-01 04:00:00",635.1,8.4
"2020-04-03 04:00:00",650.15,8.6
"2020-04-07 04:00:00",735.3,9.73
"2020-04-08 04:00:00",742.8,9.83
"2020-04-09 04:00:00",739.45,9.79
"2020-04-13 04:00:00",707.75,9.37
"2020-04-15 04:00:00",700.9,9.27
"2020-04-16 04:00:00",685.25,9.07
"2020-04-17 04:00:00",702.45,9.3
"2020-04-20 04:00:00",700,9.26
"2020-04-21 04:00:00",671.3,8.88
"2020-04-22 04:00:00",704.8,9.33
"2020-04-23 04:00:00",717.65,9.5
"2020-04-24 04:00:00",679.15,8.99
"2020-04-27 04:00:00",714.1,9.45
"2020-04-28 04:00:00",719.85,9.53
"2020-04-29 04:00:00",713.35,9.44
"2020-04-30 04:00:00",726.85,9.62
"2020-05-04 04:00:00",687.65,9.1
"2020-05-05 04:00:00",713.55,8.18
"2020-05-06 04:00:00",731.15,8.38
"2020-05-07 04:00:00",735.15,8.43
"2020-05-08 04:00:00",760.05,8.72
"2020-05-11 04:00:00",750.5,8.61
"2020-05-12 04:00:00",744.6,8.54
"2020-05-13 04:00:00",760.5,8.72
"2020-05-14 04:00:00",746.75,8.56
"2020-05-15 04:00:00",751.95,8.62
"2020-05-18 04:00:00",700.75,8.04
"2020-05-19 04:00:00",702.95,8.06
"2020-05-20 04:00:00",715.8,8.21
"2020-05-21 04:00:00",730.4,8.38
"2020-05-22 04:00:00",729.95,8.37
"2020-05-26 04:00:00",754.45,8.65
"2020-05-27 04:00:00",741.15,8.5
"2020-05-28 04:00:00",748.1,8.58
"2020-05-29 04:00:00",768.65,8.81
"2020-06-01 04:00:00",774.8,8.88
"2020-06-02 04:00:00",779.5,8.94
"2020-06-03 04:00:00",807.1,9.26
"2020-06-04 04:00:00",794.8,9.11
"2020-06-05 04:00:00",796.7,9.14
"2020-06-08 04:00:00",779.3,8.94
"2020-06-09 04:00:00",758.5,8.7
"2020-06-10 04:00:00",741.7,8.51
"2020-06-11 04:00:00",740.9,8.61
"2020-06-12 04:00:00",750.45,8.61
"2020-06-15 04:00:00",745.3,8.55
"2020-06-16 04:00:00",764.1,8.76
"2020-06-17 04:00:00",772.05,8.85
"2020-06-18 04:00:00",771.6,8.85
"2020-06-19 04:00:00",775.85,8.9
"2020-06-22 04:00:00",777.95,8.92
"2020-06-23 04:00:00",796.65,9.14
"2020-06-24 04:00:00",780.75,8.95
"2020-06-25 04:00:00",786.25,9.02
"2020-06-26 04:00:00",784.35,8.99
"2020-06-29 04:00:00",786.8,9.02
"2020-06-30 04:00:00",806.45,9.25
"2020-07-01 04:00:00",805.25,9.23
"2020-07-02 04:00:00",814.05,9.33
"2020-07-03 04:00:00",844.05,9.68
"2020-07-06 04:00:00",863.5,9.9
"2020-07-07 04:00:00",868.65,9.96
"2020-07-08 04:00:00",850.75,9.76
"2020-07-09 04:00:00",840.25,9.64
"2020-07-10 04:00:00",860.2,9.86
"2020-07-13 04:00:00",862.95,9.9
"2020-07-14 04:00:00",859.75,9.86
"2020-07-15 04:00:00",855.85,9.81
"2020-07-16 04:00:00",865.2,9.92
"2020-07-17 04:00:00",875.2,10.04
"2020-07-20 04:00:00",854.45,9.8
"2020-07-21 04:00:00",888.35,10.19
"2020-07-22 04:00:00",859.2,9.85
"2020-07-23 04:00:00",877.8,10.07
"2020-07-24 04:00:00",867.4,9.95
"2020-07-27 04:00:00",867.45,9.95
"2020-07-28 04:00:00",883.35,10.13
"2020-07-29 04:00:00",881.1,10.1
"2020-07-30 04:00:00",913.55,10.48
"2020-07-31 04:00:00",912.85,10.47
"2020-08-03 04:00:00",875.1,10.03
"2020-08-04 04:00:00",875.8,10.04
"2020-08-05 04:00:00",860.9,9.87
"2020-08-06 04:00:00",875.4,10.04
"2020-08-07 04:00:00",868.6,9.96
"2020-08-10 04:00:00",865.75,9.93
"2020-08-11 04:00:00",860.6,9.87
"2020-08-12 04:00:00",856.9,9.83
"2020-08-13 04:00:00",861.5,9.88
"2020-08-14 04:00:00",839.3,9.62
"2020-08-17 04:00:00",842.35,9.66
"2020-08-18 04:00:00",860.45,9.87
"2020-08-19 04:00:00",863.65,9.9
"2020-08-20 04:00:00",852.85,9.78
"2020-08-21 04:00:00",861.25,9.88
"2020-08-24 04:00:00",860.85,9.87
"2020-08-25 04:00:00",847.9,9.72
"2020-08-26 04:00:00",839.2,9.62
"2020-08-27 04:00:00",841.25,9.65
"2020-08-28 04:00:00",851.55,9.76
"2020-08-31 04:00:00",827.75,9.49
"2020-09-01 04:00:00",835.9,9.59
"2020-09-02 04:00:00",850.3,9.75
"2020-09-03 04:00:00",852.3,9.77
"2020-09-04 04:00:00",834.55,9.57
"2020-09-07 04:00:00",838.45,9.61
"2020-09-08 04:00:00",845,9.69
"2020-09-09 04:00:00",830.5,9.52
"2020-09-10 04:00:00",845.2,9.69
"2020-09-11 04:00:00",864.4,9.91
"2020-09-14 04:00:00",857.1,9.83
"2020-09-15 04:00:00",864.7,9.92
"2020-09-16 04:00:00",867.65,9.95
"2020-09-17 04:00:00",856.15,9.82
"2020-09-18 04:00:00",848.1,9.73
"2020-09-21 04:00:00",840.1,9.63
"2020-09-22 04:00:00",831.85,9.54
"2020-09-23 04:00:00",833,9.55
"2020-09-24 04:00:00",804.4,9.22
"2020-09-25 04:00:00",797.05,9.14
"2020-09-28 04:00:00",813,9.32
"2020-09-29 04:00:00",809.1,9.28
"2020-09-30 04:00:00",811.45,9.3
"2020-10-01 04:00:00",818.9,9.39
"2020-10-05 04:00:00",824.95,9.46
"2020-10-06 04:00:00",830.05,9.52
"2020-10-07 04:00:00",827.95,9.49
"2020-10-08 04:00:00",821.05,9.42
"2020-10-09 04:00:00",805.9,9.24
"2020-10-12 04:00:00",791.65,9.08
"2020-10-13 04:00:00",786.55,9.02
"2020-10-14 04:00:00",810.6,9.3
"2020-10-15 04:00:00",804.75,9.23
"2020-10-16 04:00:00",799.55,9.17
"2020-10-19 04:00:00",798.3,9.15
"2020-10-20 04:00:00",800.75,9.18
"2020-10-21 04:00:00",785.35,9.01
"2020-10-22 04:00:00",780.8,8.95
"2020-10-23 04:00:00",770.7,8.84
"2020-10-26 04:00:00",778.85,8.93
"2020-10-27 04:00:00",774.45,8.88
"2020-10-28 04:00:00",771,8.84
"2020-10-29 04:00:00",761.5,8.73
"2020-10-30 04:00:00",769.15,8.82
"2020-11-02 04:00:00",766.05,8.78
"2020-11-03 04:00:00",788.9,9.05
"2020-11-04 04:00:00",791,9.07
"2020-11-05 04:00:00",805,9.23
"2020-11-06 04:00:00",801.25,9.19
"2020-11-09 04:00:00",808.15,9.27
"2020-11-10 04:00:00",829.4,9.51
"2020-11-11 04:00:00",839.55,9.63
"2020-11-12 04:00:00",837.75,9.61
"2020-11-13 04:00:00",831.85,9.54
"2020-11-14 04:00:00",840.45,9.64
"2020-11-17 04:00:00",863.15,9.9
"2020-11-18 04:00:00",857.95,9.9
"2020-11-19 04:00:00",846.75,9.71
"2020-11-20 04:00:00",845.45,9.69
"2020-11-23 04:00:00",831.6,9.54
"2020-11-24 04:00:00",838.95,9.62
"2020-11-25 04:00:00",849.05,9.74
"2020-11-26 04:00:00",851.5,9.76
"2020-11-27 04:00:00",846.05,9.7
"2020-12-01 04:00:00",851.35,9.76
"2020-12-02 04:00:00",875.55,10.04
"2020-12-03 04:00:00",858.15,9.84
"2020-12-04 04:00:00",863,9.9
"2020-12-07 04:00:00",851.75,9.77
"2020-12-08 04:00:00",853.8,9.79
"2020-12-09 04:00:00",858,9.84
"2020-12-10 04:00:00",856.05,9.82
"2020-12-11 04:00:00",849.7,9.74
"2020-12-14 04:00:00",850.2,9.75
"2020-12-15 04:00:00",856.2,9.82
"2020-12-16 04:00:00",857.5,9.83
"2020-12-17 04:00:00",856.35,9.82
"2020-12-18 04:00:00",857.15,9.83
"2020-12-21 04:00:00",840.85,9.64
"2020-12-22 04:00:00",853.95,9.79
"2020-12-23 04:00:00",854.95,9.8
"2020-12-24 04:00:00",873.9,10.02
"2020-12-28 04:00:00",901.65,10.34
"2020-12-29 04:00:00",899.3,10.31
"2020-12-30 04:00:00",902.95,10.35
"2020-12-31 04:00:00",904.25,10.37
"2021-01-01 04:00:00",895.4,10.27
"2021-01-04 04:00:00",911.4,10.45
"2021-01-05 04:00:00",905.55,10.38
"2021-01-06 04:00:00",910.3,10.44
"2021-01-07 04:00:00",914.15,10.48
"2021-01-08 04:00:00",935.5,10.73
"2021-01-11 04:00:00",936.25,10.74
"2021-01-12 04:00:00",925,10.61
"2021-01-13 04:00:00",926.55,10.62
"2021-01-14 04:00:00",925.15,10.61
"2021-01-15 04:00:00",910.25,10.44
"2021-01-18 04:00:00",892.9,10.24
"2021-01-19 04:00:00",904.4,10.37
"2021-01-20 04:00:00",896.75,10.28
"2021-01-21 04:00:00",878.3,10.07
"2021-01-22 04:00:00",862.55,9.89
"2021-01-25 04:00:00",862.85,9.89
"2021-01-27 04:00:00",881.75,10.11
"2021-01-28 04:00:00",872.55,10.01
"2021-01-29 04:00:00",864.45,9.91
"2021-02-01 04:00:00",874.5,10.03
"2021-02-02 04:00:00",865.35,9.92
"2021-02-03 04:00:00",866.15,9.93
"2021-02-04 04:00:00",863.9,9.91
"2021-02-05 04:00:00",864.2,9.91
"2021-02-08 04:00:00",859.1,9.85
"2021-02-09 04:00:00",888.7,10.19
"2021-02-10 04:00:00",911.35,10.45
"2021-02-11 04:00:00",907.35,10.4
"2021-02-12 04:00:00",896.85,10.28
"2021-02-15 04:00:00",877.25,10.06
"2021-02-16 04:00:00",872,10
"2021-02-17 04:00:00",877.15,10.06
"2021-02-18 04:00:00",893.5,10.25
"2021-02-19 04:00:00",881.5,10.11
"2021-02-22 04:00:00",849.05,9.74
"2021-02-23 04:00:00",869.7,9.97
"2021-02-24 04:00:00",871.55,9.99
"2021-02-25 04:00:00",872.4,10
"2021-02-26 04:00:00",866.9,9.94
"2021-03-01 04:00:00",876.4,10.05
"2021-03-02 04:00:00",879.15,10.08
"2021-03-03 04:00:00",906.45,10.39
"2021-03-04 04:00:00",915.9,10.5
"2021-03-05 04:00:00",903.55,10.36
"2021-03-08 04:00:00",923.85,10.59
"2021-03-09 04:00:00",971.3,11.14
"2021-03-10 04:00:00",940.75,10.79
"2021-03-12 04:00:00",914.2,10.48
"2021-03-15 04:00:00",920,10.55
"2021-03-16 04:00:00",914.05,10.48
"2021-03-17 04:00:00",888.95,10.19
"2021-03-18 04:00:00",890.45,10.21
"2021-03-19 04:00:00",906.7,10.4
"2021-03-22 04:00:00",900.2,10.32
"2021-03-23 04:00:00",898.9,10.31
"2021-03-24 04:00:00",880.7,10.1
"2021-03-25 04:00:00",864.1,9.91
"2021-03-26 04:00:00",873.95,10.02
"2021-03-30 04:00:00",872.15,10
"2021-03-31 04:00:00",880.85,10.1
"2021-04-01 04:00:00",883.45,10.13
"2021-04-05 04:00:00",872.55,10.01
"2021-04-06 04:00:00",897.55,10.29
"2021-04-07 04:00:00",918.5,10.53
"2021-04-08 04:00:00",908.5,10.42
"2021-04-09 04:00:00",910.1,10.44
"2021-04-12 04:00:00",872.45,10
"2021-04-13 04:00:00",897.8,10.3
"2021-04-15 04:00:00",908.7,10.42
"2021-04-16 04:00:00",914.2,10.48
"2021-04-19 04:00:00",906.25,10.39
"2021-04-20 04:00:00",898.95,10.31
"2021-04-22 04:00:00",914.4,10.49
"2021-04-23 04:00:00",922.85,10.58
"2021-04-26 04:00:00",942.5,10.81
"2021-04-27 04:00:00",928.75,10.65
"2021-04-28 04:00:00",930.4,10.67
"2021-04-29 04:00:00",928.2,10.64
"2021-04-30 04:00:00",928.7,10.65
"2021-05-03 04:00:00",958.6,7.32
"2021-05-04 04:00:00",982.9,7.51
"2021-05-05 04:00:00",973.1,7.43
"2021-05-06 04:00:00",969.4,7.4
"2021-05-07 04:00:00",1000.25,7.64
"2021-05-10 04:00:00",1005,7.68
"2021-05-11 04:00:00",1000.95,7.64
"2021-05-12 04:00:00",972.9,7.43
"2021-05-14 04:00:00",978.4,7.47
"2021-05-17 04:00:00",963.65,7.36
"2021-05-18 04:00:00",968.45,7.4
"2021-05-19 04:00:00",978.05,7.47
"2021-05-20 04:00:00",969.15,7.4
"2021-05-21 04:00:00",969.25,7.4
"2021-05-24 04:00:00",962.5,7.35
"2021-05-25 04:00:00",965.3,7.37
"2021-05-26 04:00:00",971.75,7.42
"2021-05-27 04:00:00",982.1,7.5
"2021-05-28 04:00:00",976.85,7.46
"2021-05-31 04:00:00",975.65,7.45
"2021-06-01 04:00:00",966.3,7.38
"2021-06-02 04:00:00",984.4,7.52
"2021-06-03 04:00:00",986.85,7.54
"2021-06-04 04:00:00",989.15,7.55
"2021-06-07 04:00:00",988.5,7.55
"2021-06-08 04:00:00",979.85,7.48
"2021-06-09 04:00:00",998.6,7.63
"2021-06-10 04:00:00",997.55,7.62
"2021-06-11 04:00:00",988.1,7.55
"2021-06-14 04:00:00",986.15,7.53
"2021-06-15 04:00:00",995.85,7.61
"2021-06-16 04:00:00",991.8,7.57
"2021-06-17 04:00:00",983.3,7.51
"2021-06-18 04:00:00",982.55,7.5
"2021-06-21 04:00:00",981.55,7.5
"2021-06-22 04:00:00",1007,7.69
"2021-06-23 04:00:00",1000.55,7.64
"2021-06-24 04:00:00",1002.15,7.65
"2021-06-25 04:00:00",1007.15,7.69
"2021-06-28 04:00:00",1002.1,7.65
"2021-06-29 04:00:00",999.4,7.63
"2021-06-30 04:00:00",1008.15,7.7
"2021-07-01 04:00:00",1006.9,7.69
"2021-07-02 04:00:00",1007.2,7.69
"2021-07-05 04:00:00",1009.85,7.71
"2021-07-06 04:00:00",1023.15,7.81
"2021-07-07 04:00:00",1014.4,7.75
"2021-07-08 04:00:00",1021.6,7.8
"2021-07-09 04:00:00",1019.6,7.79
"2021-07-12 04:00:00",1033.45,7.89
"2021-07-13 04:00:00",1052.65,8.04
"2021-07-14 04:00:00",1052.4,8.04
"2021-07-15 04:00:00",1052.95,8.04
"2021-07-16 04:00:00",1050.25,8.02
"2021-07-19 04:00:00",1037.85,7.93
"2021-07-20 04:00:00",1014.75,7.75
"2021-07-22 04:00:00",1026,7.84
"2021-07-23 04:00:00",1050.45,8.02
"2021-07-26 04:00:00",1076.65,8.22
"2021-07-27 04:00:00",1105.15,8.44
"2021-07-28 04:00:00",1133.4,8.66
"2021-07-29 04:00:00",1128.85,8.62
"2021-07-30 04:00:00",1098.6,8.39
"2021-08-02 04:00:00",1107.2,8.46
"2021-08-03 04:00:00",1131.7,8.64
"2021-08-04 04:00:00",1136.85,8.68
"2021-08-05 04:00:00",1134.75,8.67
"2021-08-06 04:00:00",1150.7,8.79
"2021-08-09 04:00:00",1136.45,8.68
"2021-08-10 04:00:00",1127.6,8.61
"2021-08-11 04:00:00",1135.4,8.67
"2021-08-12 04:00:00",1134.05,8.66
"2021-08-13 04:00:00",1138.6,8.7
"2021-08-16 04:00:00",1139.1,8.7
"2021-08-17 04:00:00",1134.8,8.67
"2021-08-18 04:00:00",1114.05,8.51
"2021-08-20 04:00:00",1125.3,8.59
"2021-08-23 04:00:00",1135.45,8.67
"2021-08-24 04:00:00",1160.4,8.86
"2021-08-25 04:00:00",1156.15,8.83
"2021-08-26 04:00:00",1151.8,8.8
"2021-08-27 04:00:00",1184.05,9.04
"2021-08-30 04:00:00",1180.7,9.02
"2021-08-31 04:00:00",1192.05,9.1
"2021-09-01 04:00:00",1220.5,9.32
"2021-09-02 04:00:00",1243.4,9.5
"2021-09-03 04:00:00",1244.15,9.5
"2021-09-06 04:00:00",1244.65,9.51
"2021-09-07 04:00:00",1238.75,9.46
"2021-09-08 04:00:00",1220.05,9.32
"2021-09-09 04:00:00",1173.2,8.96
"2021-09-13 04:00:00",1165.15,8.9
"2021-09-14 04:00:00",1170.9,8.94
"2021-09-15 04:00:00",1172.45,8.95
"2021-09-16 04:00:00",1184.9,9.05
"2021-09-17 04:00:00",1198.8,9.16
"2021-09-20 04:00:00",1177.5,8.99
"2021-09-21 04:00:00",1184.6,9.05
"2021-09-22 04:00:00",1191.3,9.1
"2021-09-23 04:00:00",1218.3,9.3
"2021-09-24 04:00:00",1222.05,9.33
"2021-09-27 04:00:00",1222.8,9.34
"2021-09-28 04:00:00",1210.3,9.24
"2021-09-29 04:00:00",1205.95,9.21
"2021-09-30 04:00:00",1215.1,9.28
"2021-10-01 04:00:00",1209.05,9.23
"2021-10-04 04:00:00",1230.85,9.4
"2021-10-05 04:00:00",1261.95,9.64
"2021-10-06 04:00:00",1212.05,9.26
"2021-10-07 04:00:00",1215.05,9.28
"2021-10-08 04:00:00",1196.45,9.14
"2021-10-11 04:00:00",1206.1,9.21
"2021-10-12 04:00:00",1210.6,9.25
"2021-10-13 04:00:00",1191.75,9.1
"2021-10-14 04:00:00",1185.55,9.05
"2021-10-18 04:00:00",1192.5,9.11
"2021-10-19 04:00:00",1193.45,9.11
"2021-10-20 04:00:00",1168.75,8.93
"2021-10-21 04:00:00",1158.3,8.85
"2021-10-22 04:00:00",1167.2,8.91
"2021-10-25 04:00:00",1129.7,8.63
"2021-10-26 04:00:00",1172.05,8.95
"2021-10-27 04:00:00",1186,9.06
"2021-10-28 04:00:00",1167.1,8.91
"2021-10-29 04:00:00",1145.55,8.75
"2021-11-01 04:00:00",1163.35,8.88
"2021-11-02 04:00:00",1166.05,8.91
"2021-11-03 04:00:00",1178.8,9
"2021-11-04 04:00:00",1181.75,9.03
"2021-11-08 04:00:00",1200.65,9.17
"2021-11-09 04:00:00",1207.25,9.22
"2021-11-10 04:00:00",1183.75,9.04
"2021-11-11 04:00:00",1153.2,8.81
"2021-11-12 04:00:00",1174.9,8.97
"2021-11-15 04:00:00",1159.9,8.86
"2021-11-16 04:00:00",1153,8.81
"2021-11-17 04:00:00",1187.2,9.07
"2021-11-18 04:00:00",1182.05,9.03
"2021-11-22 04:00:00",1150.65,8.79
"2021-11-23 04:00:00",1153.5,8.81
"2021-11-24 04:00:00",1163.75,8.89
"2021-11-25 04:00:00",1159.5,8.86
"2021-11-26 04:00:00",1130.35,8.63
"2021-11-29 04:00:00",1136.25,8.68
"2021-11-30 04:00:00",1160.55,8.86
"2021-12-01 04:00:00",1164.85,8.9
"2021-12-02 04:00:00",1188.05,9.07
"2021-12-03 04:00:00",1165.95,8.9
"2021-12-06 04:00:00",1148.5,8.77
"2021-12-07 04:00:00",1159.15,8.85
"2021-12-08 04:00:00",1169.5,8.93
"2021-12-09 04:00:00",1161.35,8.87
"2021-12-10 04:00:00",1175.6,8.98
"2021-12-13 04:00:00",1186.65,9.06
"2021-12-14 04:00:00",1188.55,9.08
"2021-12-15 04:00:00",1174.65,8.97
"2021-12-16 04:00:00",1163.8,8.89
"2021-12-17 04:00:00",1142.55,8.73
"2021-12-20 04:00:00",1125.7,8.6
"2021-12-21 04:00:00",1135.25,8.67
"2021-12-22 04:00:00",1124.3,8.59
"2021-12-23 04:00:00",1125.45,8.6
"2021-12-24 04:00:00",1148.2,8.77
"2021-12-27 04:00:00",1161.95,8.87
"2021-12-28 04:00:00",1177.6,8.99
"2021-12-29 04:00:00",1185.65,9.06
"2021-12-30 04:00:00",1195.2,9.13
"2021-12-31 04:00:00",1196,9.13
"2022-01-03 04:00:00",1209.4,9.24
"2022-01-04 04:00:00",1220.6,9.32
"2022-01-05 04:00:00",1219.85,9.32
"2022-01-06 04:00:00",1205.6,9.21
"2022-01-07 04:00:00",1217.4,9.3
"2022-01-10 04:00:00",1229.1,9.39
"2022-01-11 04:00:00",1233.4,9.42
"2022-01-12 04:00:00",1249.4,9.54
"2022-01-13 04:00:00",1258.7,9.61
"2022-01-14 04:00:00",1263.6,9.65
"2022-01-17 04:00:00",1287.95,9.84
"2022-01-18 04:00:00",1265.9,9.67
"2022-01-19 04:00:00",1248.1,9.53
"2022-01-20 04:00:00",1238.7,9.46
"2022-01-21 04:00:00",1240.65,9.48
"2022-01-24 04:00:00",1225,9.36
"2022-01-25 04:00:00",1228,9.38
"2022-01-27 04:00:00",1211.65,9.25
"2022-01-28 04:00:00",1205.55,9.21
"2022-01-31 04:00:00",1233.25,9.42
"2022-02-01 04:00:00",1214.95,9.28
"2022-02-02 04:00:00",1220.1,9.32
"2022-02-03 04:00:00",1185.2,9.05
"2022-02-04 04:00:00",1172.1,8.95
"2022-02-07 04:00:00",1144,8.74
"2022-02-08 04:00:00",1131.15,8.64
"2022-02-09 04:00:00",1125.7,8.6
"2022-02-10 04:00:00",1146.25,8.75
"2022-02-11 04:00:00",1133.3,8.66
"2022-02-14 04:00:00",1096.3,8.37
"2022-02-15 04:00:00",1119.95,8.55
"2022-02-16 04:00:00",1122.15,8.57
"2022-02-17 04:00:00",1126.35,8.6
"2022-02-18 04:00:00",1150.5,8.79
"2022-02-21 04:00:00",1134.75,8.67
"2022-02-22 04:00:00",1100.95,8.41
"2022-02-23 04:00:00",1101.75,8.41
"2022-02-24 04:00:00",1054.2,8.05
"2022-02-25 04:00:00",1055.6,8.06
"2022-02-28 04:00:00",1060.15,8.1
"2022-03-02 04:00:00",1121.15,8.56
"2022-03-03 04:00:00",1081.3,8.26
"2022-03-04 04:00:00",1057.35,8.08
"2022-03-07 04:00:00",1028.9,7.86
"2022-03-08 04:00:00",1031.95,7.88
"2022-03-09 04:00:00",1025.2,7.83
"2022-03-10 04:00:00",1050.05,8.02
"2022-03-11 04:00:00",1058.5,8.08
"2022-03-14 04:00:00",1069.7,8.17
"2022-03-15 04:00:00",1070.55,8.18
"2022-03-16 04:00:00",1085.75,8.29
"2022-03-17 04:00:00",1128.55,8.62
"2022-03-21 04:00:00",1095.8,8.37
"2022-03-22 04:00:00",1097.65,8.38
"2022-03-23 04:00:00",1092.25,8.34
"2022-03-24 04:00:00",1088.95,8.32
"2022-03-25 04:00:00",1092.6,8.34
"2022-03-28 04:00:00",1077,8.23
"2022-03-29 04:00:00",1101.25,8.41
"2022-03-30 04:00:00",1121.8,8.57
"2022-03-31 04:00:00",1121.45,8.56
"2022-04-01 04:00:00",1113.35,8.5
"2022-04-04 04:00:00",1126.3,8.6
"2022-04-05 04:00:00",1118.35,8.54
"2022-04-06 04:00:00",1107.1,8.46
"2022-04-07 04:00:00",1108.85,8.47
"2022-04-08 04:00:00",1160.45,8.86
"2022-04-11 04:00:00",1142.5,8.73
"2022-04-12 04:00:00",1149.1,8.78
"2022-04-13 04:00:00",1146.9,8.76
"2022-04-18 04:00:00",1173.4,8.96
"2022-04-19 04:00:00",1124.7,8.59
"2022-04-20 04:00:00",1128.35,8.62
"2022-04-21 04:00:00",1144.55,8.74
"2022-04-22 04:00:00",1137.25,8.69
"2022-04-25 04:00:00",1091.25,8.33
"2022-04-26 04:00:00",1094.85,8.36
"2022-04-27 04:00:00",1074.2,8.2
"2022-04-28 04:00:00",1116.85,9.63
"2022-04-29 04:00:00",1105.5,9.54
"2022-05-02 04:00:00",1081.05,9.33
"2022-05-04 04:00:00",1077.85,9.3
"2022-05-05 04:00:00",1083.65,9.35
"2022-05-06 04:00:00",1059.15,9.14
"2022-05-09 04:00:00",1064.45,9.18
"2022-05-10 04:00:00",1081.05,9.33
"2022-05-11 04:00:00",1087.15,9.38
"2022-05-12 04:00:00",1060.6,9.15
"2022-05-13 04:00:00",1044.95,9.01
"2022-05-16 04:00:00",1044.65,9.01
"2022-05-17 04:00:00",1070.4,9.23
"2022-05-18 04:00:00",1073.9,9.26
"2022-05-19 04:00:00",1056.65,9.11
"2022-05-20 04:00:00",1071.35,9.24
"2022-05-23 04:00:00",1076.5,9.29
"2022-05-24 04:00:00",1073.4,9.26
"2022-05-25 04:00:00",1096,9.45
"2022-05-26 04:00:00",1105.35,9.54
"2022-05-27 04:00:00",1121.1,9.67
"2022-05-30 04:00:00",1148.4,9.91
"2022-05-31 04:00:00",1174.15,10.13
"2022-06-01 04:00:00",1152.75,9.94
"2022-06-02 04:00:00",1143.75,9.87
"2022-06-03 04:00:00",1141.15,9.84
"2022-06-06 04:00:00",1142,9.85
"2022-06-07 04:00:00",1134.3,9.78
"2022-06-08 04:00:00",1136.05,9.8
"2022-06-09 04:00:00",1163.7,10.04
"2022-06-10 04:00:00",1154.9,9.96
"2022-06-13 04:00:00",1133.7,9.78
"2022-06-14 04:00:00",1132.1,9.77
"2022-06-15 04:00:00",1125.75,9.71
"2022-06-16 04:00:00",1105.15,9.53
"2022-06-17 04:00:00",1082.1,9.33
"2022-06-20 04:00:00",1075.95,9.28
"2022-06-21 04:00:00",1096.35,9.46
"2022-06-22 04:00:00",1070.45,9.23
"2022-06-23 04:00:00",1073.85,9.26
"2022-06-24 04:00:00",1078.55,9.3
"2022-06-27 04:00:00",1084.55,9.36
"2022-06-28 04:00:00",1078.05,9.3
"2022-06-29 04:00:00",1067.65,9.21
"2022-06-30 04:00:00",1081.6,9.33
"2022-07-01 04:00:00",1099.85,9.49
"2022-07-04 04:00:00",1117.65,9.64
"2022-07-05 04:00:00",1111,9.58
"2022-07-06 04:00:00",1116.1,9.63
"2022-07-07 04:00:00",1124.6,9.7
"2022-07-08 04:00:00",1146.9,9.89
"2022-07-11 04:00:00",1147.4,9.9
"2022-07-12 04:00:00",1139.75,9.83
"2022-07-13 04:00:00",1139.85,9.83
"2022-07-14 04:00:00",1138.95,9.82
"2022-07-15 04:00:00",1155.45,9.97
"2022-07-18 04:00:00",1177.15,10.15
"2022-07-19 04:00:00",1169.95,10.09
"2022-07-20 04:00:00",1186.05,10.23
"2022-07-21 04:00:00",1168.55,10.08
"2022-07-22 04:00:00",1164.95,10.05
"2022-07-25 04:00:00",1144.95,9.88
"2022-07-26 04:00:00",1138.2,9.82
"2022-07-27 04:00:00",1149.35,9.91
"2022-07-28 04:00:00",1191.45,10.28
"2022-07-29 04:00:00",1294.4,11.17
"2022-08-01 04:00:00",1313.3,11.33
"2022-08-02 04:00:00",1285.2,11.09
"2022-08-03 04:00:00",1283.55,11.07
"2022-08-04 04:00:00",1278.8,11.03
"2022-08-05 04:00:00",1266.65,10.93
"2022-08-08 04:00:00",1269.9,10.95
"2022-08-10 04:00:00",1273.2,10.98
"2022-08-11 04:00:00",1261.5,10.88
"2022-08-12 04:00:00",1286.55,11.1
"2022-08-16 04:00:00",1309.6,11.3
"2022-08-17 04:00:00",1305.35,11.26
"2022-08-18 04:00:00",1324.2,11.42
"2022-08-19 04:00:00",1296.95,11.19
"2022-08-22 04:00:00",1276,11.01
"2022-08-23 04:00:00",1279.25,11.04
"2022-08-24 04:00:00",1287.5,11.11
"2022-08-25 04:00:00",1297,11.19
"2022-08-26 04:00:00",1313.7,11.33
"2022-08-29 04:00:00",1298.2,11.2
"2022-08-30 04:00:00",1329.1,11.47
"2022-09-01 04:00:00",1296.55,11.18
"2022-09-02 04:00:00",1288.2,11.11
"2022-09-05 04:00:00",1293.4,11.16
"2022-09-06 04:00:00",1311.35,11.31
"2022-09-07 04:00:00",1331.55,11.49
"2022-09-08 04:00:00",1317.7,11.37
"2022-09-09 04:00:00",1297.45,11.19
"2022-09-12 04:00:00",1306,11.27
"2022-09-13 04:00:00",1324.4,11.42
"2022-09-14 04:00:00",1303.3,11.24
"2022-09-15 04:00:00",1295,11.17
"2022-09-16 04:00:00",1272.25,10.97
"2022-09-19 04:00:00",1303.3,11.24
"2022-09-20 04:00:00",1309.3,11.29
"2022-09-21 04:00:00",1306.3,11.27
"2022-09-22 04:00:00",1285.5,11.09
"2022-09-23 04:00:00",1273,10.98
"2022-09-26 04:00:00",1259.8,10.87
"2022-09-27 04:00:00",1242.3,10.72
"2022-09-28 04:00:00",1238.8,10.69
"2022-09-29 04:00:00",1239.8,10.69
"2022-09-30 04:00:00",1250.45,10.79
"2022-10-03 04:00:00",1237.25,10.67
"2022-10-04 04:00:00",1260.65,10.87
"2022-10-06 04:00:00",1245.15,10.74
"2022-10-07 04:00:00",1243.2,10.72
"2022-10-10 04:00:00",1239.3,10.69
"2022-10-11 04:00:00",1206.35,10.41
"2022-10-12 04:00:00",1212.2,10.46
"2022-10-13 04:00:00",1187.9,10.25
"2022-10-14 04:00:00",1179.8,10.18
"2022-10-17 04:00:00",1189.8,10.26
"2022-10-18 04:00:00",1219.05,10.52
"2022-10-19 04:00:00",1227.1,10.59
"2022-10-20 04:00:00",1222.95,10.55
"2022-10-21 04:00:00",1246.35,10.75
"2022-10-24 04:00:00",1257.6,10.85
"2022-10-25 04:00:00",1254.85,10.82
"2022-10-27 04:00:00",1252.9,10.81
"2022-10-28 04:00:00",1252.8,10.81
"2022-10-31 04:00:00",1265.95,10.92
"2022-11-01 04:00:00",1268.75,10.94
"2022-11-02 04:00:00",1272.65,10.98
"2022-11-03 04:00:00",1276.05,11.01
"2022-11-04 04:00:00",1265.6,10.92
"2022-11-07 04:00:00",1278.65,11.03
"2022-11-09 04:00:00",1263.8,10.9
"2022-11-10 04:00:00",1238.35,10.68
"2022-11-11 04:00:00",1250.25,10.78
"2022-11-14 04:00:00",1248.6,10.77
"2022-11-15 04:00:00",1259.3,10.86
"2022-11-16 04:00:00",1254.9,10.83
"2022-11-17 04:00:00",1254.35,10.82
"2022-11-18 04:00:00",1242.75,10.72
"2022-11-21 04:00:00",1226.6,10.58
"2022-11-22 04:00:00",1229.05,10.6
"2022-11-23 04:00:00",1226.3,10.58
"2022-11-24 04:00:00",1240.65,10.7
"2022-11-25 04:00:00",1235.25,10.66
"2022-11-28 04:00:00",1253.5,10.81
"2022-11-29 04:00:00",1258.4,10.86
"2022-11-30 04:00:00",1282.9,11.07
"2022-12-01 04:00:00",1290.75,11.13
"2022-12-02 04:00:00",1295.15,11.17
"2022-12-05 04:00:00",1284.55,11.08
"2022-12-06 04:00:00",1285.1,11.09
"2022-12-07 04:00:00",1262.05,10.89
"2022-12-08 04:00:00",1266.85,10.93
"2022-12-09 04:00:00",1269.65,10.95
"2022-12-12 04:00:00",1263.2,10.9
"2022-12-13 04:00:00",1277.8,11.02
"2022-12-14 04:00:00",1269.75,10.95
"2022-12-15 04:00:00",1273.5,10.99
"2022-12-16 04:00:00",1254.15,10.82
"2022-12-19 04:00:00",1267.5,10.93
"2022-12-20 04:00:00",1231.25,10.62
"2022-12-21 04:00:00",1234.35,10.65
"2022-12-22 04:00:00",1244.75,10.74
"2022-12-23 04:00:00",1224.6,10.56
"2022-12-26 04:00:00",1243.3,10.73
"2022-12-27 04:00:00",1241.05,10.71
"2022-12-28 04:00:00",1242.05,10.71
"2022-12-29 04:00:00",1258.6,10.86
"2022-12-30 04:00:00",1231.3,10.62
"2023-01-02 04:00:00",1240.05,10.7
"2023-01-03 04:00:00",1268.4,10.94
"2023-01-04 04:00:00",1259.05,10.86
"2023-01-05 04:00:00",1267.65,10.94
"2023-01-06 04:00:00",1269.05,10.95
"2023-01-09 04:00:00",1306.35,11.27
"2023-01-10 04:00:00",1302.6,11.24
"2023-01-11 04:00:00",1291.3,11.14
"2023-01-12 04:00:00",1315.7,11.35
"2023-01-13 04:00:00",1312.95,11.33
"2023-01-16 04:00:00",1300.9,11.22
"2023-01-17 04:00:00",1298.45,11.2
"2023-01-18 04:00:00",1310.65,11.31
"2023-01-19 04:00:00",1323.1,11.41
"2023-01-20 04:00:00",1296.1,11.18
"2023-01-23 04:00:00",1295.4,11.17
"2023-01-24 04:00:00",1273.25,10.98
"2023-01-25 04:00:00",1257.45,10.85
"2023-01-27 04:00:00",1250.25,10.78
"2023-01-30 04:00:00",1233.45,10.64
"2023-01-31 04:00:00",1219.55,10.52
"2023-02-01 04:00:00",1109.4,9.57
"2023-02-02 04:00:00",1107.5,9.55
"2023-02-03 04:00:00",1138.05,9.82
"2023-02-06 04:00:00",1138.4,9.82
"2023-02-07 04:00:00",1131.75,9.76
"2023-02-08 04:00:00",1164.5,10.05
"2023-02-09 04:00:00",1180.45,10.18
"2023-02-10 04:00:00",1184.5,10.22
"2023-02-13 04:00:00",1179.1,10.17
"2023-02-14 04:00:00",1161.7,10.02
"2023-02-15 04:00:00",1180.35,10.18
"2023-02-16 04:00:00",1174.1,10.13
"2023-02-17 04:00:00",1149.7,9.92
"2023-02-20 04:00:00",1158.4,9.99
"2023-02-21 04:00:00",1150.35,9.92
"2023-02-22 04:00:00",1131.15,9.76
"2023-02-23 04:00:00",1135.4,9.79
"2023-02-24 04:00:00",1122.05,9.68
"2023-02-27 04:00:00",1129.15,9.74
"2023-02-28 04:00:00",1121,9.67
"2023-03-01 04:00:00",1118.15,9.65
"2023-03-02 04:00:00",1100.15,9.49
"2023-03-03 04:00:00",1129.25,9.74
"2023-03-06 04:00:00",1128.7,9.74
"2023-03-08 04:00:00",1129.2,9.74
"2023-03-09 04:00:00",1096.7,9.46
"2023-03-10 04:00:00",1095.9,9.45
"2023-03-13 04:00:00",1072.5,9.25
"2023-03-14 04:00:00",1077.1,9.29
"2023-03-15 04:00:00",1067.05,9.2
"2023-03-16 04:00:00",1062.65,9.17
"2023-03-17 04:00:00",1071.6,9.24
"2023-03-20 04:00:00",1074.1,9.27
"2023-03-21 04:00:00",1097.7,9.47
"2023-03-22 04:00:00",1113.1,9.6
"2023-03-23 04:00:00",1118.65,9.65
"2023-03-24 04:00:00",1112.2,9.59
"2023-03-27 04:00:00",1099.3,9.48
"2023-03-28 04:00:00",1091.3,9.41
"2023-03-29 04:00:00",1098.7,9.48
"2023-03-31 04:00:00",1101.1,9.5
"2023-04-03 04:00:00",1103.8,9.52
"2023-04-05 04:00:00",1105.55,9.54
"2023-04-06 04:00:00",1116.25,9.63
"2023-04-10 04:00:00",1106.25,9.54
"2023-04-11 04:00:00",1112.65,9.6
"2023-04-12 04:00:00",1126.85,9.72
"2023-04-13 04:00:00",1130.25,9.75
"2023-04-17 04:00:00",1145.35,9.88
"2023-04-18 04:00:00",1145.55,9.88
"2023-04-19 04:00:00",1123.4,9.69
"2023-04-20 04:00:00",1128.85,9.74
"2023-04-21 04:00:00",1106.55,9.55
"2023-04-24 04:00:00",1105.7,9.54
"2023-04-25 04:00:00",1105.85,9.54
"2023-04-26 04:00:00",1118.3,9.65
"2023-04-27 04:00:00",1137.05,8.76
"2023-04-28 04:00:00",1140.1,8.78
"2023-05-02 04:00:00",1150.9,8.86
"2023-05-03 04:00:00",1136.9,8.76
"2023-05-04 04:00:00",1167.45,8.99
"2023-05-05 04:00:00",1173.7,9.04
"2023-05-08 04:00:00",1182.35,9.11
"2023-05-09 04:00:00",1183.15,9.11
"2023-05-10 04:00:00",1188.8,9.16
"2023-05-11 04:00:00",1185.4,9.13
"2023-05-12 04:00:00",1187.05,9.14
"2023-05-15 04:00:00",1189.45,9.16
"2023-05-16 04:00:00",1180.75,9.09
"2023-05-17 04:00:00",1162.6,8.95
"2023-05-18 04:00:00",1152.7,8.88
"2023-05-19 04:00:00",1154.15,8.89
"2023-05-22 04:00:00",1150.8,8.86
"2023-05-23 04:00:00",1165.6,8.98
"2023-05-24 04:00:00",1175.35,9.05
"2023-05-25 04:00:00",1177.35,9.07
"2023-05-26 04:00:00",1195.75,9.21
"2023-05-29 04:00:00",1218.1,9.38
"2023-05-30 04:00:00",1215.9,9.36
"2023-05-31 04:00:00",1235,9.51
"2023-06-01 04:00:00",1207.75,9.3
"2023-06-02 04:00:00",1202.5,9.26
"2023-06-05 04:00:00",1215.4,9.36
"2023-06-06 04:00:00",1223,9.42
"2023-06-07 04:00:00",1245.8,9.59
"2023-06-08 04:00:00",1238.9,9.54
"2023-06-09 04:00:00",1232.4,9.49
"2023-06-12 04:00:00",1238.9,9.54
"2023-06-13 04:00:00",1243.3,9.58
"2023-06-14 04:00:00",1242.3,9.57
"2023-06-15 04:00:00",1241.1,9.56
"2023-06-16 04:00:00",1281.35,9.87
"2023-06-19 04:00:00",1280.5,9.86
"2023-06-20 04:00:00",1295.35,9.98
"2023-06-21 04:00:00",1294.95,9.97
"2023-06-22 04:00:00",1276.5,9.83
"2023-06-23 04:00:00",1262.7,9.72
"2023-06-26 04:00:00",1266.35,9.75
"2023-06-27 04:00:00",1286.4,9.91
"2023-06-28 04:00:00",1299.9,10.01
"2023-06-30 04:00:00",1306.9,10.07
"2023-07-03 04:00:00",1297.95,10
"2023-07-04 04:00:00",1289.25,9.93
"2023-07-05 04:00:00",1291.55,9.95
"2023-07-06 04:00:00",1292.95,9.96
"2023-07-07 04:00:00",1294,9.97
"2023-07-10 04:00:00",1293.3,9.96
"2023-07-11 04:00:00",1295,9.97
"2023-07-12 04:00:00",1300.6,10.02
"2023-07-13 04:00:00",1313.95,10.12
"2023-07-14 04:00:00",1320.3,10.17
"2023-07-17 04:00:00",1314.5,10.12
"2023-07-18 04:00:00",1314.55,10.12
"2023-07-19 04:00:00",1310.45,10.09
"2023-07-20 04:00:00",1314.05,10.12
"2023-07-21 04:00:00",1290.7,9.94
"2023-07-24 04:00:00",1317.15,10.14
"2023-07-25 04:00:00",1301.1,10.02
"2023-07-26 04:00:00",1292.65,9.96
"2023-07-27 04:00:00",1296.5,9.99
"2023-07-28 04:00:00",1289.75,9.93
"2023-07-31 04:00:00",1282.15,9.87
"2023-08-01 04:00:00",1279.95,9.86
"2023-08-02 04:00:00",1262.25,9.72
"2023-08-03 04:00:00",1253.75,9.66
"2023-08-04 04:00:00",1267.9,9.77
"2023-08-07 04:00:00",1302.55,10.03
"2023-08-08 04:00:00",1349.35,10.39
"2023-08-09 04:00:00",1349.35,10.39
"2023-08-10 04:00:00",1334.35,10.28
"2023-08-11 04:00:00",1311.5,10.1
"2023-08-14 04:00:00",1297.1,9.99
"2023-08-16 04:00:00",1291.3,9.95
"2023-08-17 04:00:00",1284.45,9.89
"2023-08-18 04:00:00",1282.45,9.88
"2023-08-21 04:00:00",1278.55,9.85
"2023-08-22 04:00:00",1286.75,9.91
"2023-08-23 04:00:00",1300.25,10.01
"2023-08-24 04:00:00",1293.75,9.96
"2023-08-25 04:00:00",1296.4,9.98
"2023-08-28 04:00:00",1291.55,9.95
"2023-08-29 04:00:00",1297.2,9.99
"2023-08-30 04:00:00",1300.6,10.02
"2023-08-31 04:00:00",1292.55,9.95
"2023-09-01 04:00:00",1320.55,10.17
"2023-09-04 04:00:00",1328.35,10.23
"2023-09-05 04:00:00",1309.45,10.09
"2023-09-06 04:00:00",1319.8,10.16
"2023-09-07 04:00:00",1347.5,10.38
"2023-09-08 04:00:00",1341.45,10.33
"2023-09-11 04:00:00",1350.15,10.4
"2023-09-12 04:00:00",1346.5,10.37
"2023-09-13 04:00:00",1345.5,10.36
"2023-09-14 04:00:00",1352.75,10.42
"2023-09-15 04:00:00",1372.65,10.57
"2023-09-18 04:00:00",1373.7,10.58
"2023-09-20 04:00:00",1345.2,10.36
"2023-09-21 04:00:00",1334.2,10.28
"2023-09-22 04:00:00",1318.85,10.16
"2023-09-25 04:00:00",1294.15,9.97
"2023-09-26 04:00:00",1289.7,9.93
"2023-09-27 04:00:00",1301,10.02
"2023-09-28 04:00:00",1289.4,9.93
"2023-09-29 04:00:00",1305.4,10.05
"2023-10-03 04:00:00",1292.45,9.95
"2023-10-04 04:00:00",1270.55,9.79
"2023-10-05 04:00:00",1274.45,9.82
"2023-10-06 04:00:00",1282.95,9.88
"2023-10-09 04:00:00",1277.25,9.84
"2023-10-10 04:00:00",1302.05,10.03
"2023-10-11 04:00:00",1309.35,10.08
"2023-10-12 04:00:00",1313.65,10.12
"2023-10-13 04:00:00",1316.45,10.14
"2023-10-16 04:00:00",1322.2,10.18
"2023-10-17 04:00:00",1348.35,10.45
"2023-10-18 04:00:00",1356.35,10.45
"2023-10-19 04:00:00",1348.15,10.38
"2023-10-20 04:00:00",1362.65,10.49
"2023-10-23 04:00:00",1338.4,10.31
"2023-10-25 04:00:00",1314.15,10.12
"2023-10-26 04:00:00",1305.6,10.06
"2023-10-27 04:00:00",1302.9,10.03
"2023-10-30 04:00:00",1326.2,10.21
"2023-10-31 04:00:00",1367.85,10.53
"2023-11-01 04:00:00",1336.05,10.29
"2023-11-02 04:00:00",1343.5,10.35
"2023-11-03 04:00:00",1329.35,10.24
"2023-11-06 04:00:00",1331.85,10.26
"2023-11-07 04:00:00",1340.85,10.33
"2023-11-08 04:00:00",1345.5,10.36
"2023-11-09 04:00:00",1350.7,10.4
"2023-11-10 04:00:00",1355.4,10.44
"2023-11-12 04:00:00",1358.85,10.47
"2023-11-13 04:00:00",1328.35,10.23
"2023-11-15 04:00:00",1357.1,10.45
"2023-11-16 04:00:00",1359.95,10.47
"2023-11-17 04:00:00",1413.95,10.89
"2023-11-20 04:00:00",1385.3,10.67
"2023-11-21 04:00:00",1423.65,10.96
"2023-11-22 04:00:00",1430.1,11.01
"2023-11-23 04:00:00",1410.95,10.87
"2023-11-24 04:00:00",1409.7,10.86
"2023-11-28 04:00:00",1412.45,10.88
"2023-11-29 04:00:00",1407.85,10.84
"2023-11-30 04:00:00",1435.25,11.05
"2023-12-01 04:00:00",1423.65,10.96
"2023-12-04 04:00:00",1454,11.2
"2023-12-05 04:00:00",1460.95,11.25
"2023-12-06 04:00:00",1450.7,11.17
"2023-12-07 04:00:00",1455.75,11.21
"2023-12-08 04:00:00",1465.2,11.28
"2023-12-11 04:00:00",1460.6,11.25
"2023-12-12 04:00:00",1481.45,11.41
"2023-12-13 04:00:00",1466.8,11.3
"2023-12-14 04:00:00",1469.85,11.32
"2023-12-15 04:00:00",1452.5,11.19
"2023-12-18 04:00:00",1446.95,11.14
"2023-12-19 04:00:00",1424.55,10.97
"2023-12-20 04:00:00",1409.25,10.85
"2023-12-21 04:00:00",1403.75,10.81
"2023-12-22 04:00:00",1394.3,10.74
"2023-12-26 04:00:00",1395.3,10.75
"2023-12-27 04:00:00",1421.35,10.95
"2023-12-28 04:00:00",1435.3,11.05
"2023-12-29 04:00:00",1432.6,11.03
"2024-01-01 04:00:00",1432.1,11.03
"2024-01-02 04:00:00",1437.65,11.07
"2024-01-03 04:00:00",1422.7,10.96
"2024-01-04 04:00:00",1431.6,11.03
"2024-01-05 04:00:00",1454.15,11.2
"2024-01-08 04:00:00",1421.05,10.94
"2024-01-09 04:00:00",1449.35,11.16
"2024-01-10 04:00:00",1451.45,11.18
"2024-01-11 04:00:00",1427.8,11
"2024-01-12 04:00:00",1435.3,11.05
"2024-01-15 04:00:00",1430.05,11.01
"2024-01-16 04:00:00",1408.8,10.85
"2024-01-17 04:00:00",1421.15,10.95
"2024-01-18 04:00:00",1404.9,10.82
"2024-01-19 04:00:00",1440.6,11.1
"2024-01-20 04:00:00",1442.2,11.11
"2024-01-23 04:00:00",1375.5,10.59
"2024-01-24 04:00:00",1410.55,10.86
"2024-01-25 04:00:00",1380.9,10.64
"2024-01-29 04:00:00",1418.4,10.92
"2024-01-30 04:00:00",1399,10.77
"2024-01-31 04:00:00",1401.15,10.79
"2024-02-01 04:00:00",1432.75,11.03
"2024-02-02 04:00:00",1435.45,11.06
"2024-02-05 04:00:00",1419.85,10.94
"2024-02-06 04:00:00",1464,11.28
"2024-02-07 04:00:00",1469.45,11.32
"2024-02-08 04:00:00",1459.05,11.24
"2024-02-09 04:00:00",1439.7,11.09
"2024-02-12 04:00:00",1436,11.06
"2024-02-13 04:00:00",1467.6,11.3
"2024-02-14 04:00:00",1453.7,11.2
"2024-02-15 04:00:00",1453.35,11.19
"2024-02-16 04:00:00",1508.45,11.62
"2024-02-19 04:00:00",1488.85,11.47
"2024-02-20 04:00:00",1513.55,11.66
"2024-02-21 04:00:00",1501.7,11.57
"2024-02-22 04:00:00",1509.65,11.63
"2024-02-23 04:00:00",1529.15,11.78
"2024-02-26 04:00:00",1549.15,11.93
"2024-02-27 04:00:00",1542.7,11.88
"2024-02-28 04:00:00",1540.2,11.86
"2024-02-29 04:00:00",1552.55,11.96
"2024-03-01 04:00:00",1542.15,11.88
"2024-03-02 04:00:00",,11.91
"2024-03-04 04:00:00",1517.95,11.69
"2024-03-05 04:00:00",1491.25,11.49
"2024-03-06 04:00:00",1520.4,11.71
"2024-03-07 04:00:00",1510.4,11.63
"2024-03-11 04:00:00",1532.1,11.8
"2024-03-12 04:00:00",1516.4,11.68
"2024-03-13 04:00:00",1487.35,11.46
"2024-03-14 04:00:00",1505.85,11.6
"2024-03-15 04:00:00",1500,11.55
"2024-03-18 04:00:00",1489.7,11.47
"2024-03-19 04:00:00",1461.35,11.25
"2024-03-20 04:00:00",1458.4,11.23
"2024-03-21 04:00:00",1468.05,11.31
"2024-03-22 04:00:00",1501.1,11.56
"2024-03-26 04:00:00",1486.4,11.45
"2024-03-27 04:00:00",1479.55,11.4
"2024-03-28 04:00:00",1500.25,11.55
"2024-04-01 04:00:00",1489.95,11.48
"2024-04-02 04:00:00",1470.6,11.33
"2024-04-03 04:00:00",1460.8,11.25
"2024-04-04 04:00:00",1463.75,11.27
"2024-04-05 04:00:00",1485.3,11.44
"2024-04-08 04:00:00",1518.8,11.7
"2024-04-09 04:00:00",1510.55,11.63
"2024-04-10 04:00:00",1503.35,11.58
"2024-04-12 04:00:00",1493.15,11.5
"2024-04-15 04:00:00",1466.9,11.3
"2024-04-16 04:00:00",1462.75,11.27
"2024-04-18 04:00:00",1456.95,11.22
"2024-04-19 04:00:00",1447.55,11.15
"2024-04-22 04:00:00",1475.4,11.36
"2024-04-23 04:00:00",1469.85,11.32
"2024-04-24 04:00:00",1460.05,11.24
"2024-04-25 04:00:00",1444.45,11.12
"2024-04-26 04:00:00",1415.25,9.52
"2024-04-29 04:00:00",1422.35,9.57
"2024-04-30 04:00:00",1436.55,9.66
"2024-05-02 04:00:00",1460.9,9.82
"2024-05-03 04:00:00",1443.25,9.71
"2024-05-06 04:00:00",1440.6,9.69
"2024-05-07 04:00:00",1450.15,9.75
"2024-05-08 04:00:00",1426.75,9.59
"2024-05-09 04:00:00",1422.4,9.57
"2024-05-10 04:00:00",1431.95,9.63
"2024-05-13 04:00:00",1425.1,9.58
"2024-05-14 04:00:00",1432.85,9.64
"2024-05-15 04:00:00",1430.1,9.62
"2024-05-16 04:00:00",1452.2,9.77
"2024-05-17 04:00:00",1434.2,9.64
"2024-05-18 04:00:00",1439.85,9.68
"2024-05-21 04:00:00",1429.65,9.61
"2024-05-22 04:00:00",1427.4,9.6
"2024-05-23 04:00:00",1446.8,9.73
"2024-05-24 04:00:00",1436.25,9.66
"2024-05-27 04:00:00",1410.2,9.48
"2024-05-28 04:00:00",1450.75,9.76
"2024-05-29 04:00:00",1412.8,9.5
"2024-05-30 04:00:00",1380.05,9.28
"2024-05-31 04:00:00",1386.4,9.32
"2024-06-03 04:00:00",1391.5,9.36
"2024-06-04 04:00:00",1338.85,9
"2024-06-05 04:00:00",1390.1,9.35
"2024-06-06 04:00:00",1442.85,9.7
"2024-06-07 04:00:00",1425.85,9.59
"2024-06-10 04:00:00",1432.3,9.63
"2024-06-11 04:00:00",1428.05,9.6
"2024-06-12 04:00:00",1452.7,9.77
"2024-06-13 04:00:00",1449.9,9.75
"2024-06-14 04:00:00",1469.9,9.88
"2024-06-18 04:00:00",1473.55,9.91
"2024-06-19 04:00:00",1449.2,9.75
"2024-06-20 04:00:00",1455.5,9.79
"2024-06-21 04:00:00",1464.15,9.85
"2024-06-24 04:00:00",1452.75,9.77
"2024-06-25 04:00:00",1462,9.83
"2024-06-26 04:00:00",1450.9,9.76
"2024-06-27 04:00:00",1463.45,9.84
"2024-06-28 04:00:00",1491.95,10.03
"2024-07-01 04:00:00",1501.85,10.1
"2024-07-02 04:00:00",1494.9,10.05
"2024-07-03 04:00:00",1496.35,10.06
"2024-07-04 04:00:00",1507.75,10.14
"2024-07-05 04:00:00",1529.4,10.29
"2024-07-08 04:00:00",1514.95,10.19
"2024-07-09 04:00:00",1524.75,10.25
"2024-07-10 04:00:00",1558.8,10.48
"2024-07-11 04:00:00",1558.8,10.48
"2024-07-12 04:00:00",1562.85,10.51
"2024-07-15 04:00:00",1613.45,10.85
"2024-07-16 04:00:00",1621.35,10.9
"2024-07-18 04:00:00",1659.8,11.16
"2024-07-19 04:00:00",1647.7,11.08
"2024-07-22 04:00:00",1621.15,10.9
"2024-07-23 04:00:00",1594.85,10.73
"2024-07-24 04:00:00",1632.95,10.98
"2024-07-25 04:00:00",1695.4,11.4
"2024-07-26 04:00:00",1750.95,11.77
"2024-07-29 04:00:00",1746.7,11.75
"2024-07-30 04:00:00",1721.05,11.57
"2024-07-31 04:00:00",1753.65,11.79
"2024-08-01 04:00:00",1767.25,11.88
"2024-08-02 04:00:00",1744.9,11.73
"2024-08-05 04:00:00",1722.2,11.58
"2024-08-06 04:00:00",1674.5,11.26
"2024-08-07 04:00:00",1685.7,11.34
"2024-08-08 04:00:00",1706.3,11.47
"2024-08-09 04:00:00",1725.1,11.6
"2024-08-12 04:00:00",1705,11.47
"2024-08-13 04:00:00",1682.4,11.31
"2024-08-14 04:00:00",1692.1,11.38
"2024-08-16 04:00:00",1688.9,11.36
"2024-08-19 04:00:00",1671.55,11.24
"2024-08-20 04:00:00",1761.3,11.84
"2024-08-21 04:00:00",1800.6,12.11
"2024-08-22 04:00:00",1795.25,12.07
"2024-08-23 04:00:00",1789.3,12.03
"2024-08-26 04:00:00",1796.25,12.08
"2024-08-27 04:00:00",1838.95,12.37
"2024-08-28 04:00:00",1843.7,12.4
"2024-08-29 04:00:00",1843.7,12.4
"2024-08-30 04:00:00",1850.3,12.44
"2024-09-02 04:00:00",1888.75,12.7
"2024-09-03 04:00:00",1928.65,12.97
"2024-09-04 04:00:00",1912.2,12.86
"2024-09-05 04:00:00",1907.85,12.83
"2024-09-06 04:00:00",1896.3,12.75
"2024-09-09 04:00:00",1901.75,12.79
"2024-09-10 04:00:00",1853.45,12.46
"2024-09-11 04:00:00",1859.15,12.5
"2024-09-12 04:00:00",1875.95,12.62
"2024-09-13 04:00:00",1846.5,12.42
"2024-09-16 04:00:00",1821.25,12.25
"2024-09-17 04:00:00",1819.15,12.23
"2024-09-18 04:00:00",1842.45,12.39
"2024-09-19 04:00:00",1840.95,12.38
"2024-09-20 04:00:00",1870.25,12.58
"2024-09-23 04:00:00",1920.15,12.91
"2024-09-24 04:00:00",1864.35,12.54
"2024-09-25 04:00:00",1863.6,12.53
"2024-09-26 04:00:00",1898.3,12.77
"2024-09-27 04:00:00",1882.65,12.66
"2024-09-30 04:00:00",1844,12.4
"2024-10-01 04:00:00",1834.2,12.33
"2024-10-03 04:00:00",1805.55,12.14
"2024-10-04 04:00:00",1798.1,12.09
"2024-10-07 04:00:00",1787.95,12.02
"2024-10-08 04:00:00",1728.05,11.62
"2024-10-09 04:00:00",1737.4,11.68
"2024-10-10 04:00:00",1734.5,11.66
"2024-10-11 04:00:00",1735.05,11.67
"2024-10-14 04:00:00",1738.3,11.69
"2024-10-15 04:00:00",1723.75,11.59
"2024-10-16 04:00:00",1733.75,11.66
"2024-10-17 04:00:00",1702,11.45
"2024-10-18 04:00:00",1706.05,11.47
"2024-10-21 04:00:00",1711.85,11.51
"2024-10-22 04:00:00",1698.15,11.42
"2024-10-23 04:00:00",1716,11.54
"2024-10-24 04:00:00",1635.3,11
"2024-10-25 04:00:00",1616.75,10.87
"2024-10-28 04:00:00",1605.9,10.8
"2024-10-29 04:00:00",1661.35,11.17
"2024-10-30 04:00:00",1624.15,10.92
"2024-10-31 04:00:00",1622.15,10.91
"2024-11-01 04:00:00",1628.85,10.95
"2024-11-04 04:00:00",1608.8,10.82
"2024-11-05 04:00:00",1633.2,10.98
"2024-11-06 04:00:00",1603.95,10.79
"2024-11-07 04:00:00",1589.85,10.69
"2024-11-08 04:00:00",1569.95,10.56
"2024-11-11 04:00:00",1566,10.53
"2024-11-12 04:00:00",1562.45,10.51
"2024-11-13 04:00:00",1546.7,10.4
"2024-11-14 04:00:00",1562.3,10.51
"2024-11-18 04:00:00",1562.6,10.51
"2024-11-19 04:00:00",1522.9,10.24
"2024-11-21 04:00:00",1477.95,9.94
"2024-11-22 04:00:00",1485.15,9.99
"2024-11-25 04:00:00",1495.2,10.06
"2024-11-26 04:00:00",1506.75,10.13
"2024-11-27 04:00:00",1505.4,10.12
"2024-11-28 04:00:00",1428.6,9.61
"2024-11-29 04:00:00",1437.75,9.67
"2024-12-02 04:00:00",1422.05,9.56
"2024-12-03 04:00:00",1440.95,9.69
"2024-12-04 04:00:00",1452.6,9.77
"2024-12-05 04:00:00",1431.85,9.63
"2024-12-06 04:00:00",1448.55,9.74
"2024-12-09 04:00:00",1469.3,9.88
"2024-12-10 04:00:00",1461.85,9.83
"2024-12-11 04:00:00",1456.15,9.79
"2024-12-12 04:00:00",1432.5,9.63
"2024-12-13 04:00:00",1428.8,9.61
"2024-12-16 04:00:00",1421.65,9.56
"2024-12-17 04:00:00",1409.7,9.48
"2024-12-18 04:00:00",1398,9.4
"2024-12-19 04:00:00",1405.9,9.45
"2024-12-20 04:00:00",1400.6,9.42
"2024-12-23 04:00:00",1405.3,9.45
"2024-12-24 04:00:00",1387,9.33
"2024-12-26 04:00:00",1409.05,9.48
"2024-12-27 04:00:00",1405.3,9.45
"2024-12-30 04:00:00",1403.85,9.44
"2024-12-31 04:00:00",1390.4,9.35
"2025-01-01 04:00:00",1400.4,9.42
"2025-01-02 04:00:00",1422.25,9.56
"2025-01-03 04:00:00",1447.7,9.74
"2025-01-06 04:00:00",1434.65,9.65
"2025-01-07 04:00:00",1477.75,9.94
"2025-01-08 04:00:00",1463.15,9.84
"2025-01-09 04:00:00",1468.45,9.88
"2025-01-10 04:00:00",1478.3,9.94
"2025-01-13 04:00:00",1467.4,9.87
"2025-01-14 04:00:00",1499.25,10.08
"2025-01-15 04:00:00",1472.75,9.9
"2025-01-16 04:00:00",1513.6,10.18
"2025-01-17 04:00:00",1540.5,10.36
"2025-01-20 04:00:00",1499.7,10.09
"2025-01-21 04:00:00",1466.55,9.86
"2025-01-22 04:00:00",1460.05,9.82
"2025-01-23 04:00:00",1449.85,9.75
"2025-01-24 04:00:00",1440.4,9.69
"2025-01-27 04:00:00",1424.4,9.58
"2025-01-28 04:00:00",1419.5,9.55
"2025-01-29 04:00:00",1460.9,9.82
"2025-01-30 04:00:00",1472.9,9.91
"2025-01-31 04:00:00",1483.6,9.98
"2025-02-01 04:00:00",1454.35,9.78
"2025-02-03 04:00:00",1459.95,9.82
"2025-02-04 04:00:00",1472.4,9.9
"2025-02-05 04:00:00",1469.15,9.88
"2025-02-06 04:00:00",1465.1,9.85
"2025-02-07 04:00:00",1470.95,9.89
"2025-02-10 04:00:00",1448.2,9.74
"2025-02-11 04:00:00",1419,9.54
"2025-02-12 04:00:00",1452.15,9.77
"2025-02-13 04:00:00",1470.5,9.89
"2025-02-14 04:00:00",1465.45,9.85
"2025-02-17 04:00:00",1476.2,9.93
"2025-02-18 04:00:00",1475.35,9.92
"2025-02-19 04:00:00",1475.6,9.92
"2025-02-20 04:00:00",1469.8,9.88
"2025-02-21 04:00:00",1495.4,10.06
"2025-02-24 04:00:00",1486.5,10
"2025-02-25 04:00:00",1471.75,9.9
"2025-02-27 04:00:00",1469.75,9.88
"2025-02-28 04:00:00",1430.5,9.62
"2025-03-03 04:00:00",1408.5,9.47
"2025-03-04 04:00:00",1393.1,9.37
"2025-03-05 04:00:00",1420.7,9.55
"2025-03-06 04:00:00",1421.3,9.56
"2025-03-07 04:00:00",1411.6,9.49
"2025-03-10 04:00:00",1419.45,9.55
"2025-03-11 04:00:00",1417.25,9.53
"2025-03-12 04:00:00",1409,9.48
"2025-03-13 04:00:00",1385.55,9.32
"2025-03-17 04:00:00",1434.25,9.65
"2025-03-18 04:00:00",1457.5,9.8
"2025-03-19 04:00:00",1484.9,9.99
"2025-03-20 04:00:00",1498.35,10.08
"2025-03-21 04:00:00",1546.4,10.4
"2025-03-24 04:00:00",1569.8,10.56
"2025-03-25 04:00:00",1557.2,10.47
"2025-03-26 04:00:00",1541.3,10.37
"2025-03-27 04:00:00",1544.9,10.39
"2025-03-28 04:00:00",1547.85,10.41
"2025-04-01 04:00:00",1545.25,10.39
"2025-04-02 04:00:00",1559.85,10.49
"2025-04-03 04:00:00",1542.25,10.37
"2025-04-04 04:00:00",1512.6,10.17
"2025-04-07 04:00:00",1460.8,9.82
"2025-04-08 04:00:00",1488,10.01
"2025-04-09 04:00:00",1481.65,9.96
"2025-04-11 04:00:00",1521.9,10.23
"2025-04-15 04:00:00",1562.6,10.51
"2025-04-16 04:00:00",1565.4,10.53
"2025-04-17 04:00:00",1608.2,10.81
"2025-04-21 04:00:00",1628.5,10.95
"2025-04-22 04:00:00",1619,10.89
"2025-04-23 04:00:00",1615.5,10.86
"2025-04-24 04:00:00",1608.2,9.49
"2025-04-25 04:00:00",1695.1,10.01
"2025-04-28 04:00:00",1736.1,10.25
"2025-04-29 04:00:00",1730.1,10.21
"2025-04-30 04:00:00",1765.8,10.42
"2025-05-02 04:00:00",1764.7,10.42
"2025-05-05 04:00:00",1769.9,10.45
"2025-05-06 04:00:00",1726,10.19
"2025-05-07 04:00:00",1744.5,10.3
"2025-05-08 04:00:00",1731.5,10.22
"2025-05-09 04:00:00",1699.8,10.03
"2025-05-12 04:00:00",1751.5,10.34
"2025-05-13 04:00:00",1740,10.27
"2025-05-14 04:00:00",1755.2,10.36
"2025-05-15 04:00:00",1784.6,10.53
"2025-05-16 04:00:00",1773.4,10.47
"2025-05-19 04:00:00",1770,10.45
"2025-05-20 04:00:00",1757.8,10.38
"2025-05-21 04:00:00",1763.9,10.41
"2025-05-22 04:00:00",1759.3,10.38
"2025-05-23 04:00:00",1798.7,10.62
"2025-05-26 04:00:00",1801.6,10.63
"2025-05-27 04:00:00",1803.3,10.64
"2025-05-28 04:00:00",1807.4,10.67
"2025-05-29 04:00:00",1825,10.77
"2025-05-30 04:00:00",1812.2,10.7
"2025-06-02 04:00:00",1802.5,10.64
"2025-06-03 04:00:00",1775.3,10.48
"2025-06-04 04:00:00",1775.9,10.48
"2025-06-05 04:00:00",1774.8,10.48
"2025-06-06 04:00:00",1780.6,10.51
"2025-06-09 04:00:00",1790.8,10.57
"2025-06-10 04:00:00",1785.5,10.54
"2025-06-11 04:00:00",1799.3,10.62
"2025-06-12 04:00:00",1766,10.42
"2025-06-13 04:00:00",1755.2,10.36
"2025-06-16 04:00:00",1797.8,10.61
"2025-06-17 04:00:00",1800.2,10.63
"2025-06-18 04:00:00",1797.2,10.61
"2025-06-19 04:00:00",1789.4,10.56
"2025-06-20 04:00:00",1810.9,10.69
"2025-06-23 04:00:00",1818.6,10.73
"2025-06-24 04:00:00",1843,10.88
"2025-06-25 04:00:00",1842.7,10.88
"2025-06-26 04:00:00",1860.8,10.98
"2025-06-27 04:00:00",1850.6,10.92
"2025-06-30 04:00:00",1838.3,10.85
"2025-07-01 04:00:00",1862.5,10.99
"2025-07-02 04:00:00",1856.8,10.96
"2025-07-03 04:00:00",1810.2,10.68
"2025-07-04 04:00:00",1799.7,10.62
"2025-07-07 04:00:00",1808.3,10.67
"2025-07-08 04:00:00",1816.9,10.72
"2025-07-09 04:00:00",1814.9,10.71
"2025-07-10 04:00:00",1810.2,10.68
"2025-07-11 04:00:00",1835.2,10.83
"2025-07-14 04:00:00",1851.3,10.93
"2025-07-15 04:00:00",1824.8,10.77
"2025-07-16 04:00:00",1829.1,10.8
"2025-07-17 04:00:00",1802.8,10.64
"2025-07-18 04:00:00",1788.4,10.56
"2025-07-21 04:00:00",1804.7,10.65
"2025-07-22 04:00:00",1809,10.68
"2025-07-23 04:00:00",1809.5,10.68
"2025-07-24 04:00:00",1793.6,10.59
"2025-07-25 04:00:00",1832.1,10.81
"2025-07-28 04:00:00",1850.5,10.92
"2025-07-29 04:00:00",1833.4,10.82
"2025-07-30 04:00:00",1839.1,10.86
"2025-07-31 04:00:00",1840.7,10.86
"2025-08-01 04:00:00",1796.2,10.6
"2025-08-04 04:00:00",1831.5,10.81
"2025-08-05 04:00:00",1857,10.96
"2025-08-06 04:00:00",1854.3,10.95
"2025-08-07 04:00:00",1861.1,10.99
"2025-08-08 04:00:00",1833.6,10.82
"2025-08-11 04:00:00",1851,10.93
"2025-08-12 04:00:00",1838,10.85
"2025-08-13 04:00:00",1840.3,10.86
"2025-08-14 04:00:00",1840.6,10.86
"2025-08-18 04:00:00",1863,11
"2025-08-19 04:00:00",1854.1,10.94
"2025-08-20 04:00:00",1858.5,10.97
"2025-08-21 04:00:00",1877.3,11.08
"2025-08-22 04:00:00",1859,10.97
"2025-08-25 04:00:00",1846.8,10.9
"2025-08-26 04:00:00",1816.6,10.72
"2025-08-28 04:00:00",1816.8,10.72
"2025-08-29 04:00:00",1805.5,10.66
"2025-09-01 04:00:00",1809.8,10.68
"2025-09-02 04:00:00",1814.5,10.71
"2025-09-03 04:00:00",1810.7,10.69
"2025-09-04 04:00:00",1791.1,10.57
"2025-09-05 04:00:00",1805.3,10.66
"2025-09-08 04:00:00",1780.9,10.51
"2025-09-09 04:00:00",1805.7,10.66
"2025-09-10 04:00:00",1833.7,10.82
"2025-09-11 04:00:00",1814.2,10.71
"2025-09-12 04:00:00",1830.2,10.8
"2025-09-15 04:00:00",1822.2,10.76
"2025-09-16 04:00:00",1818.8,10.74
"2025-09-17 04:00:00",1804,10.65
"2025-09-18 04:00:00",1821.8,10.75
"2025-09-19 04:00:00",1841.7,10.87
"2025-09-22 04:00:00",1857.7,10.97
"2025-09-23 04:00:00",1819.4,10.74
"2025-09-24 04:00:00",1817.1,10.73
"2025-09-25 04:00:00",1809.8,10.68
"2025-09-26 04:00:00",1798.8,10.62
"2025-09-29 04:00:00",1788.7,10.56
"2025-09-30 04:00:00",1790.6,10.57
"2025-10-01 04:00:00",1801.1,10.63
"2025-10-03 04:00:00",1785.1,10.54
"2025-10-06 04:00:00",1770.9,10.45
"2025-10-07 04:00:00",1784.1,10.53
"2025-10-08 04:00:00",1772.9,10.46
"2025-10-09 04:00:00",1809.8,10.68
"2025-10-10 04:00:00",1810.4,10.69
"2025-10-13 04:00:00",1815.3,10.72
"2025-10-14 04:00:00",1816.2,10.72
"2025-10-15 04:00:00",1840.6,10.86
"2025-10-16 04:00:00",1835.7,10.84
"2025-10-17 04:00:00",1844.1,10.89
"2025-10-20 04:00:00",1839.7,10.86
"2025-10-21 04:00:00",1841,10.87
"2025-10-23 04:00:00",1852.7,10.94
"2025-10-24 04:00:00",1839.8,10.86
"2025-10-27 04:00:00",1903.1,11.23
"2025-10-28 04:00:00",1936.8,11.43
"2025-10-29 04:00:00",1970.4,11.63
"2025-10-30 04:00:00",1968.4,11.62
"2025-10-31 04:00:00",1955.7,11.54
"2025-11-03 04:00:00",1969.6,11.63
"2025-11-04 04:00:00",1971.5,11.64
"2025-11-06 04:00:00",1970.8,11.63
"2025-11-07 04:00:00",1998.9,11.8
"2025-11-10 04:00:00",1989.3,11.74
"2025-11-11 04:00:00",1997.3,11.79
"2025-11-12 04:00:00",1999.9