"DateTime","SBILIFE","SBILIFE - PE"
"2017-10-03 04:00:00",707.55,66.86
"2017-10-04 04:00:00",703.65,66.19
"2017-10-05 04:00:00",694.55,66.11
"2017-10-06 04:00:00",696.75,66.11
"2017-10-09 04:00:00",698.65,66.43
"2017-10-10 04:00:00",700,65.62
"2017-10-11 04:00:00",689.9,65.24
"2017-10-12 04:00:00",687.7,65.83
"2017-10-13 04:00:00",689.7,65.83
"2017-10-16 04:00:00",670.1,63.93
"2017-10-17 04:00:00",673.05,63.62
"2017-10-18 04:00:00",668.4,63.62
"2017-10-23 04:00:00",665.8,63.81
"2017-10-24 04:00:00",665.85,63.62
"2017-10-25 04:00:00",669.9,63.33
"2017-10-26 04:00:00",666.85,63.14
"2017-10-27 04:00:00",662.2,63.14
"2017-10-30 04:00:00",655,62.56
"2017-10-31 04:00:00",662.1,60.6
"2017-11-01 04:00:00",647.05,60.55
"2017-11-02 04:00:00",642.75,60.51
"2017-11-03 04:00:00",642.25,60.51
"2017-11-06 04:00:00",656.75,60.41
"2017-11-07 04:00:00",642.35,59.47
"2017-11-08 04:00:00",631.6,61.98
"2017-11-09 04:00:00",657.95,63.46
"2017-11-10 04:00:00",676.55,63.46
"2017-11-13 04:00:00",665,62.07
"2017-11-14 04:00:00",660,61.03
"2017-11-15 04:00:00",649.35,61.07
"2017-11-16 04:00:00",649.9,61.83
"2017-11-17 04:00:00",659.55,61.83
"2017-11-20 04:00:00",661.45,64.83
"2017-11-21 04:00:00",687.45,65.26
"2017-11-22 04:00:00",693.15,62.77
"2017-11-23 04:00:00",666.3,61.67
"2017-11-24 04:00:00",655.7,61.67
"2017-11-27 04:00:00",653.7,61.54
"2017-11-28 04:00:00",653.45,61.87
"2017-11-29 04:00:00",656.2,61.68
"2017-11-30 04:00:00",654.9,61.73
"2017-12-01 04:00:00",655.9,61.73
"2017-12-04 04:00:00",661.75,62.04
"2017-12-05 04:00:00",659.1,61.64
"2017-12-06 04:00:00",656.1,62.78
"2017-12-07 04:00:00",668.4,64.32
"2017-12-08 04:00:00",685.7,64.32
"2017-12-11 04:00:00",674.75,63.57
"2017-12-12 04:00:00",676.05,64.18
"2017-12-13 04:00:00",675.35,64.02
"2017-12-14 04:00:00",679.9,64.93
"2017-12-15 04:00:00",689,64.93
"2017-12-18 04:00:00",692.15,65.62
"2017-12-19 04:00:00",697.3,65.4
"2017-12-20 04:00:00",697.15,65.87
"2017-12-21 04:00:00",701.8,66.11
"2017-12-22 04:00:00",702.85,66.11
"2017-12-26 04:00:00",701.7,65.86
"2017-12-27 04:00:00",700.45,65.41
"2017-12-28 04:00:00",698.9,65.42
"2017-12-29 04:00:00",695.35,65.42
"2018-01-01 04:00:00",699.5,64.26
"2018-01-02 04:00:00",685.1,65.36
"2018-01-03 04:00:00",690.5,65.88
"2018-01-04 04:00:00",701.6,65.97
"2018-01-05 04:00:00",701.95,65.97
"2018-01-08 04:00:00",704.15,66.98
"2018-01-09 04:00:00",717.25,66.81
"2018-01-10 04:00:00",711.6,66.01
"2018-01-11 04:00:00",703.8,66.01
"2018-01-12 04:00:00",701.75,66.01
"2018-01-15 04:00:00",716.75,65.96
"2018-01-16 04:00:00",700.85,66.25
"2018-01-17 04:00:00",705.25,66.33
"2018-01-18 04:00:00",707.8,66.72
"2018-01-19 04:00:00",711.5,66.72
"2018-01-22 04:00:00",714.65,67.33
"2018-01-23 04:00:00",716.9,65.92
"2018-01-24 04:00:00",702.6,64.27
"2018-01-25 04:00:00",682.05,64.27
"2018-01-29 04:00:00",681.85,62.86
"2018-01-30 04:00:00",667.9,59.87
"2018-01-31 04:00:00",660.65,64.22
"2018-02-01 04:00:00",708.7,64.43
"2018-02-02 04:00:00",718.3,64.43
"2018-02-05 04:00:00",695.05,62.77
"2018-02-06 04:00:00",695.25,64.77
"2018-02-07 04:00:00",713.7,64.77
"2018-02-08 04:00:00",715,64.4
"2018-02-09 04:00:00",709.9,64.4
"2018-02-12 04:00:00",685.8,62.23
"2018-02-14 04:00:00",682.25,61.95
"2018-02-15 04:00:00",682.4,62.77
"2018-02-16 04:00:00",689.25,62.77
"2018-02-19 04:00:00",685.25,61.12
"2018-02-20 04:00:00",674.65,61.24
"2018-02-21 04:00:00",675.5,60.39
"2018-02-22 04:00:00",666.2,61.23
"2018-02-23 04:00:00",675.7,61.23
"2018-02-26 04:00:00",682.2,62.54
"2018-02-27 04:00:00",689.45,62.77
"2018-02-28 04:00:00",694.5,62.54
"2018-03-01 04:00:00",690,62.54
"2018-03-05 04:00:00",672.55,59.14
"2018-03-06 04:00:00",655.05,59.28
"2018-03-07 04:00:00",652.6,58.87
"2018-03-08 04:00:00",653.3,60.78
"2018-03-09 04:00:00",670.3,60.78
"2018-03-12 04:00:00",678.55,61.77
"2018-03-13 04:00:00",677.5,61.23
"2018-03-14 04:00:00",674.15,61.36
"2018-03-15 04:00:00",675,61
"2018-03-16 04:00:00",668.45,61
"2018-03-19 04:00:00",674.1,62.45
"2018-03-20 04:00:00",686.6,61.23
"2018-03-21 04:00:00",672.9,60.68
"2018-03-22 04:00:00",664.9,60.23
"2018-03-23 04:00:00",664.5,60.23
"2018-03-26 04:00:00",663.1,60.59
"2018-03-27 04:00:00",672.95,61.77
"2018-03-28 04:00:00",678.25,61.77
"2018-04-02 04:00:00",683.9,61.72
"2018-04-03 04:00:00",680,61.42
"2018-04-04 04:00:00",679.95,61.23
"2018-04-05 04:00:00",675,61.64
"2018-04-06 04:00:00",679.65,61.64
"2018-04-09 04:00:00",678.7,63.07
"2018-04-10 04:00:00",695.7,65.17
"2018-04-11 04:00:00",719,64.87
"2018-04-12 04:00:00",719.05,65.04
"2018-04-13 04:00:00",711.65,65.04
"2018-04-16 04:00:00",708.9,65.32
"2018-04-17 04:00:00",721.4,65.67
"2018-04-18 04:00:00",721.35,65.61
"2018-04-19 04:00:00",722.9,64.99
"2018-04-20 04:00:00",716.15,64.99
"2018-04-23 04:00:00",716.95,68.3
"2018-04-24 04:00:00",746,69.53
"2018-04-25 04:00:00",766.1,68.29
"2018-04-26 04:00:00",762.8,65.75
"2018-04-27 04:00:00",758.85,65.75
"2018-04-30 04:00:00",743.1,64.58
"2018-05-02 04:00:00",746.55,62.83
"2018-05-03 04:00:00",732,61.08
"2018-05-04 04:00:00",702.1,61.08
"2018-05-07 04:00:00",703.6,61.24
"2018-05-08 04:00:00",702.45,61.46
"2018-05-09 04:00:00",699.95,62.39
"2018-05-10 04:00:00",713.75,60.76
"2018-05-11 04:00:00",698.3,60.76
"2018-05-14 04:00:00",691.15,59.18
"2018-05-15 04:00:00",678.9,58.21
"2018-05-16 04:00:00",667.65,58.39
"2018-05-17 04:00:00",669.7,58.12
"2018-05-18 04:00:00",665.2,58.12
"2018-05-21 04:00:00",655.2,57.69
"2018-05-22 04:00:00",659.95,58.83
"2018-05-23 04:00:00",679.05,58.78
"2018-05-24 04:00:00",678.3,59.58
"2018-05-25 04:00:00",683.85,59.58
"2018-05-28 04:00:00",685.35,60.56
"2018-05-29 04:00:00",695.3,60.39
"2018-05-30 04:00:00",694.3,60.04
"2018-05-31 04:00:00",689.8,58.78
"2018-06-01 04:00:00",676,58.78
"2018-06-04 04:00:00",660.05,58.3
"2018-06-05 04:00:00",665,59.44
"2018-06-06 04:00:00",683.1,60.31
"2018-06-07 04:00:00",692,60.34
"2018-06-08 04:00:00",692.35,60.34
"2018-06-11 04:00:00",712.5,62.76
"2018-06-12 04:00:00",719.9,61.09
"2018-06-13 04:00:00",702.25,60.05
"2018-06-14 04:00:00",689.9,58.78
"2018-06-15 04:00:00",671.8,58.78
"2018-06-18 04:00:00",671.85,58.74
"2018-06-19 04:00:00",673.45,58.97
"2018-06-20 04:00:00",676.2,58.87
"2018-06-21 04:00:00",675.45,59.69
"2018-06-22 04:00:00",685.2,59.69
"2018-06-25 04:00:00",689.75,59.4
"2018-06-26 04:00:00",684.7,59.17
"2018-06-27 04:00:00",677.75,58.74
"2018-06-28 04:00:00",666.4,58.85
"2018-06-29 04:00:00",674.35,58.85
"2018-07-02 04:00:00",669.4,58.48
"2018-07-03 04:00:00",,57.8
"2018-07-04 04:00:00",664.05,57.81
"2018-07-05 04:00:00",665.1,58.17
"2018-07-06 04:00:00",668.05,58.17
"2018-07-09 04:00:00",664.85,57.6
"2018-07-10 04:00:00",661.35,57.78
"2018-07-11 04:00:00",662.1,57.87
"2018-07-12 04:00:00",664.7,57.61
"2018-07-13 04:00:00",661.05,57.61
"2018-07-16 04:00:00",656.2,58.04
"2018-07-17 04:00:00",664.55,56.99
"2018-07-18 04:00:00",649.2,55.03
"2018-07-19 04:00:00",633.75,55.41
"2018-07-20 04:00:00",633.05,55.41
"2018-07-23 04:00:00",652.75,56.65
"2018-07-24 04:00:00",654.65,57.61
"2018-07-25 04:00:00",659.75,58.39
"2018-07-26 04:00:00",673.2,58.49
"2018-07-27 04:00:00",694.05,58.49
"2018-07-30 04:00:00",689.35,58.05
"2018-07-31 04:00:00",686,58.05
"2018-08-01 04:00:00",695.35,58.49
"2018-08-02 04:00:00",695.2,57.96
"2018-08-03 04:00:00",689.8,57.96
"2018-08-06 04:00:00",686.6,57.73
"2018-08-07 04:00:00",686.1,56.81
"2018-08-08 04:00:00",677.2,56.62
"2018-08-09 04:00:00",673.4,54.79
"2018-08-10 04:00:00",649.9,54.79
"2018-08-13 04:00:00",653.7,55.45
"2018-08-14 04:00:00",658.85,55.45
"2018-08-16 04:00:00",648.55,55.12
"2018-08-17 04:00:00",654.95,55.12
"2018-08-20 04:00:00",672.55,56.39
"2018-08-21 04:00:00",670.1,56.39
"2018-08-23 04:00:00",670.05,55.59
"2018-08-24 04:00:00",660.85,55.59
"2018-08-27 04:00:00",660.4,55.38
"2018-08-28 04:00:00",658.25,56.25
"2018-08-29 04:00:00",669.3,55.71
"2018-08-30 04:00:00",664.2,56.81
"2018-08-31 04:00:00",672.4,56.81
"2018-09-03 04:00:00",666.95,56.13
"2018-09-04 04:00:00",664.85,56.56
"2018-09-05 04:00:00",669.4,57.23
"2018-09-06 04:00:00",679.05,57.65
"2018-09-07 04:00:00",676.1,57.65
"2018-09-10 04:00:00",676,56.64
"2018-09-11 04:00:00",676.6,56.39
"2018-09-12 04:00:00",673.3,56.39
"2018-09-14 04:00:00",670.05,56.39
"2018-09-17 04:00:00",642.65,52.22
"2018-09-18 04:00:00",623,51.42
"2018-09-19 04:00:00",612.45,51.42
"2018-09-21 04:00:00",613.35,51.51
"2018-09-24 04:00:00",586.9,47.81
"2018-09-25 04:00:00",566.05,48.48
"2018-09-26 04:00:00",577.25,46.29
"2018-09-27 04:00:00",551.8,43.16
"2018-09-28 04:00:00",511.6,43.16
"2018-10-01 04:00:00",521.35,43.93
"2018-10-03 04:00:00",542.05,47.13
"2018-10-04 04:00:00",565.4,45.53
"2018-10-05 04:00:00",558.3,45.53
"2018-10-08 04:00:00",549.45,45.45
"2018-10-09 04:00:00",540.3,48
"2018-10-10 04:00:00",561.05,45.57
"2018-10-11 04:00:00",540.85,46.46
"2018-10-12 04:00:00",552.5,46.46
"2018-10-15 04:00:00",538.7,46.06
"2018-10-16 04:00:00",546.6,47.31
"2018-10-17 04:00:00",559.95,47.31
"2018-10-19 04:00:00",564.15,47.38
"2018-10-22 04:00:00",557.85,48.22
"2018-10-23 04:00:00",579.45,46.46
"2018-10-24 04:00:00",563.75,46.88
"2018-10-25 04:00:00",563.4,47.39
"2018-10-26 04:00:00",570.4,47.39
"2018-10-29 04:00:00",578.9,46.07
"2018-10-30 04:00:00",558.9,46.57
"2018-10-31 04:00:00",560.4,46.57
"2018-11-01 04:00:00",563.8,46.29
"2018-11-02 04:00:00",563.3,46.29
"2018-11-05 04:00:00",577.9,47.81
"2018-11-06 04:00:00",579.65,47.71
"2018-11-07 04:00:00",577.75,47.71
"2018-11-09 04:00:00",574.85,47.09
"2018-11-12 04:00:00",575.05,47.15
"2018-11-13 04:00:00",572.15,48.05
"2018-11-14 04:00:00",583,47.96
"2018-11-15 04:00:00",579.05,47.56
"2018-11-16 04:00:00",577.3,47.56
"2018-11-19 04:00:00",568.75,46.57
"2018-11-20 04:00:00",565.55,46.08
"2018-11-21 04:00:00",560.2,47.03
"2018-11-22 04:00:00",572.7,47.03
"2018-11-26 04:00:00",568.2,46.86
"2018-11-27 04:00:00",570.5,46.99
"2018-11-28 04:00:00",568.95,46.98
"2018-11-29 04:00:00",571.65,46.98
"2018-11-30 04:00:00",571.4,46.98
"2018-12-03 04:00:00",569.35,47.24
"2018-12-04 04:00:00",569.85,47.31
"2018-12-05 04:00:00",572.8,46.97
"2018-12-06 04:00:00",567.8,46.32
"2018-12-07 04:00:00",562.55,46.32
"2018-12-10 04:00:00",562.45,46.24
"2018-12-11 04:00:00",562.65,47.09
"2018-12-12 04:00:00",570.25,47.39
"2018-12-13 04:00:00",571,46.71
"2018-12-14 04:00:00",567,46.71
"2018-12-17 04:00:00",589.8,48.33
"2018-12-18 04:00:00",587.6,47.86
"2018-12-19 04:00:00",583.05,48.88
"2018-12-20 04:00:00",592.45,47.64
"2018-12-21 04:00:00",597.5,47.64
"2018-12-24 04:00:00",579.45,47.56
"2018-12-26 04:00:00",574.85,49.04
"2018-12-27 04:00:00",590.6,49.25
"2018-12-28 04:00:00",598.8,49.25
"2018-12-31 04:00:00",597.85,49.06
"2019-01-01 04:00:00",598.85,49.62
"2019-01-02 04:00:00",601.7,49.7
"2019-01-03 04:00:00",600.05,49.48
"2019-01-04 04:00:00",602.85,49.48
"2019-01-07 04:00:00",602.45,50.52
"2019-01-08 04:00:00",612.5,53.41
"2019-01-09 04:00:00",642.95,52.22
"2019-01-10 04:00:00",634.75,53
"2019-01-11 04:00:00",638.5,53
"2019-01-14 04:00:00",620.1,51.31
"2019-01-15 04:00:00",623.9,51.31
"2019-01-16 04:00:00",621.4,51.72
"2019-01-17 04:00:00",623.35,50.69
"2019-01-18 04:00:00",620.2,49.31
"2019-01-21 04:00:00",617.65,49.71
"2019-01-22 04:00:00",619.9,49.47
"2019-01-23 04:00:00",620,49.55
"2019-01-24 04:00:00",618.25,49.39
"2019-01-25 04:00:00",619.6,49.39
"2019-01-28 04:00:00",599.25,48.82
"2019-01-29 04:00:00",606.1,48.11
"2019-01-30 04:00:00",599.95,47.71
"2019-01-31 04:00:00",595,47.71
"2019-02-01 04:00:00",590.95,47.31
"2019-02-04 04:00:00",589.75,46.7
"2019-02-05 04:00:00",584,46.51
"2019-02-06 04:00:00",579.4,46.2
"2019-02-07 04:00:00",577.25,46.34
"2019-02-08 04:00:00",577.55,46.34
"2019-02-11 04:00:00",566.85,46.03
"2019-02-12 04:00:00",574.7,45.67
"2019-02-13 04:00:00",569.85,45.95
"2019-02-14 04:00:00",568.55,45.79
"2019-02-15 04:00:00",568.85,45.79
"2019-02-18 04:00:00",567.45,44.99
"2019-02-19 04:00:00",562.45,44.9
"2019-02-20 04:00:00",561.6,44.9
"2019-02-21 04:00:00",561.9,44.88
"2019-02-22 04:00:00",559.85,44.88
"2019-02-25 04:00:00",561,44.9
"2019-02-26 04:00:00",559.4,44.85
"2019-02-27 04:00:00",563.3,45.15
"2019-02-28 04:00:00",578.55,46.59
"2019-03-01 04:00:00",607.9,48.11
"2019-03-05 04:00:00",607.75,48.6
"2019-03-06 04:00:00",607.95,48.55
"2019-03-07 04:00:00",592.1,47.38
"2019-03-08 04:00:00",587.15,47.03
"2019-03-11 04:00:00",622.45,49.79
"2019-03-12 04:00:00",622.9,49.83
"2019-03-13 04:00:00",615.35,49.25
"2019-03-14 04:00:00",614.9,49.16
"2019-03-15 04:00:00",615.05,49.48
"2019-03-18 04:00:00",610.8,49.12
"2019-03-19 04:00:00",611.9,48.67
"2019-03-20 04:00:00",612.85,49.19
"2019-03-22 04:00:00",615.5,49.56
"2019-03-25 04:00:00",611.05,49.15
"2019-03-26 04:00:00",609.6,48.71
"2019-03-27 04:00:00",618.7,49.75
"2019-03-28 04:00:00",616.2,49.39
"2019-03-29 04:00:00",583.4,46.74
"2019-04-01 04:00:00",598.2,48.09
"2019-04-02 04:00:00",601.15,48.11
"2019-04-03 04:00:00",601.95,48.15
"2019-04-04 04:00:00",594.7,47.71
"2019-04-05 04:00:00",612.1,48.95
"2019-04-08 04:00:00",619.8,49.7
"2019-04-09 04:00:00",618.2,49.79
"2019-04-10 04:00:00",621.35,49.65
"2019-04-11 04:00:00",624.95,50.05
"2019-04-12 04:00:00",625.2,50.12
"2019-04-15 04:00:00",623.35,50.12
"2019-04-16 04:00:00",617.7,49.39
"2019-04-18 04:00:00",614.9,49.39
"2019-04-22 04:00:00",616.3,49.11
"2019-04-23 04:00:00",600.2,48.11
"2019-04-24 04:00:00",610.3,48.88
"2019-04-25 04:00:00",614.35,49.26
"2019-04-26 04:00:00",637.25,47.85
"2019-04-30 04:00:00",639.85,48.36
"2019-05-02 04:00:00",650.5,49.12
"2019-05-03 04:00:00",664.15,50.25
"2019-05-06 04:00:00",660,49.58
"2019-05-07 04:00:00",662.1,50
"2019-05-08 04:00:00",650.55,49.16
"2019-05-09 04:00:00",652.25,49.54
"2019-05-10 04:00:00",642.05,48.51
"2019-05-13 04:00:00",620,46.82
"2019-05-14 04:00:00",615.6,46.55
"2019-05-15 04:00:00",628.85,47.94
"2019-05-16 04:00:00",630.95,47.72
"2019-05-17 04:00:00",629.75,47.32
"2019-05-20 04:00:00",645.7,48.75
"2019-05-21 04:00:00",659.7,49.82
"2019-05-22 04:00:00",659.65,49.7
"2019-05-23 04:00:00",671.4,50.85
"2019-05-24 04:00:00",686,51.8
"2019-05-27 04:00:00",698.9,52.81
"2019-05-28 04:00:00",698.75,52.82
"2019-05-29 04:00:00",680,51.38
"2019-05-30 04:00:00",679.9,51.45
"2019-05-31 04:00:00",694.25,52.58
"2019-06-03 04:00:00",695.6,52.4
"2019-06-04 04:00:00",698.4,52.82
"2019-06-06 04:00:00",696.35,52.82
"2019-06-07 04:00:00",698.45,52.82
"2019-06-10 04:00:00",699.1,52.82
"2019-06-11 04:00:00",701,52.89
"2019-06-12 04:00:00",699.95,52.89
"2019-06-13 04:00:00",699.35,52.89
"2019-06-14 04:00:00",699.55,52.89
"2019-06-17 04:00:00",700,52.89
"2019-06-18 04:00:00",704.05,53.18
"2019-06-19 04:00:00",696.3,52.13
"2019-06-20 04:00:00",698.45,52.84
"2019-06-21 04:00:00",699.95,52.72
"2019-06-24 04:00:00",710.6,53.67
"2019-06-25 04:00:00",674.35,51.38
"2019-06-26 04:00:00",717.45,54.1
"2019-06-27 04:00:00",726.95,55.46
"2019-06-28 04:00:00",723.7,54.68
"2019-07-01 04:00:00",735.9,55.61
"2019-07-02 04:00:00",749.8,56.66
"2019-07-03 04:00:00",756.9,57.19
"2019-07-04 04:00:00",757.4,57.23
"2019-07-05 04:00:00",753.55,56.94
"2019-07-08 04:00:00",759.2,57.37
"2019-07-09 04:00:00",759,57.35
"2019-07-10 04:00:00",741.95,56.06
"2019-07-11 04:00:00",754.1,56.98
"2019-07-12 04:00:00",780.7,58.99
"2019-07-15 04:00:00",783.55,59.21
"2019-07-16 04:00:00",775.85,58.63
"2019-07-17 04:00:00",765.25,57.82
"2019-07-18 04:00:00",740.85,55.98
"2019-07-19 04:00:00",744.85,56.28
"2019-07-22 04:00:00",762.15,57.59
"2019-07-23 04:00:00",775.95,57.87
"2019-07-24 04:00:00",772.5,57.61
"2019-07-25 04:00:00",797.4,59.47
"2019-07-26 04:00:00",795.1,59.29
"2019-07-29 04:00:00",797.35,59.46
"2019-07-30 04:00:00",797.4,59.47
"2019-07-31 04:00:00",797.55,59.48
"2019-08-01 04:00:00",777,57.94
"2019-08-02 04:00:00",791.65,59.04
"2019-08-05 04:00:00",790.4,58.94
"2019-08-06 04:00:00",787.2,58.7
"2019-08-07 04:00:00",786.55,58.66
"2019-08-08 04:00:00",812.9,60.62
"2019-08-09 04:00:00",801.7,59.79
"2019-08-13 04:00:00",771.25,57.52
"2019-08-14 04:00:00",812.15,60.57
"2019-08-16 04:00:00",835.35,62.3
"2019-08-19 04:00:00",849.9,63.38
"2019-08-20 04:00:00",853.85,63.68
"2019-08-21 04:00:00",829.45,61.86
"2019-08-22 04:00:00",815.2,60.79
"2019-08-23 04:00:00",821.25,61.24
"2019-08-26 04:00:00",827.1,61.68
"2019-08-27 04:00:00",834.25,62.21
"2019-08-28 04:00:00",828.45,61.78
"2019-08-29 04:00:00",835.1,62.28
"2019-08-30 04:00:00",838.7,62.55
"2019-09-03 04:00:00",811.2,60.49
"2019-09-04 04:00:00",826.4,61.63
"2019-09-05 04:00:00",831.25,61.99
"2019-09-06 04:00:00",835.55,62.31
"2019-09-09 04:00:00",806.8,60.17
"2019-09-11 04:00:00",799.65,59.63
"2019-09-12 04:00:00",792.85,59.13
"2019-09-13 04:00:00",798.3,59.53
"2019-09-16 04:00:00",796.45,59.39
"2019-09-17 04:00:00",798.2,59.53
"2019-09-18 04:00:00",802.95,59.88
"2019-09-19 04:00:00",801.85,59.8
"2019-09-20 04:00:00",816.15,60.86
"2019-09-23 04:00:00",791.7,60.86
"2019-09-24 04:00:00",795.15,60.86
"2019-09-25 04:00:00",796.55,59.4
"2019-09-26 04:00:00",816.4,60.88
"2019-09-27 04:00:00",842.5,62.83
"2019-09-30 04:00:00",846.4,63.12
"2019-10-01 04:00:00",827.65,61.72
"2019-10-03 04:00:00",830.65,61.95
"2019-10-04 04:00:00",824.25,61.47
"2019-10-07 04:00:00",827.9,61.74
"2019-10-09 04:00:00",837.25,62.44
"2019-10-10 04:00:00",827.2,61.69
"2019-10-11 04:00:00",839.6,62.61
"2019-10-14 04:00:00",828.7,61.8
"2019-10-15 04:00:00",838.05,62.5
"2019-10-16 04:00:00",877.35,71.88
"2019-10-17 04:00:00",902.9,73.97
"2019-10-18 04:00:00",925.95,75.86
"2019-10-22 04:00:00",989.15,81.04
"2019-10-23 04:00:00",985.95,80.78
"2019-10-24 04:00:00",969.65,79.44
"2019-10-25 04:00:00",982.15,80.47
"2019-10-29 04:00:00",1014.35,83.1
"2019-10-30 04:00:00",999.8,81.91
"2019-10-31 04:00:00",991.5,81.23
"2019-11-01 04:00:00",997.5,81.72
"2019-11-04 04:00:00",998.7,81.82
"2019-11-05 04:00:00",969.8,79.45
"2019-11-06 04:00:00",968.95,79.39
"2019-11-07 04:00:00",986.45,80.82
"2019-11-08 04:00:00",982.2,80.47
"2019-11-11 04:00:00",969.95,79.47
"2019-11-13 04:00:00",988.15,80.96
"2019-11-14 04:00:00",999.9,81.92
"2019-11-15 04:00:00",1002.85,82.16
"2019-11-18 04:00:00",1000.05,81.93
"2019-11-19 04:00:00",936.55,76.73
"2019-11-20 04:00:00",939.7,76.99
"2019-11-21 04:00:00",929.6,76.16
"2019-11-22 04:00:00",942.65,77.23
"2019-11-25 04:00:00",951.6,77.96
"2019-11-26 04:00:00",958.95,78.57
"2019-11-27 04:00:00",948.2,77.69
"2019-11-28 04:00:00",971.15,79.57
"2019-11-29 04:00:00",960.05,78.66
"2019-12-02 04:00:00",943.85,77.33
"2019-12-03 04:00:00",963.4,78.93
"2019-12-04 04:00:00",972.25,79.66
"2019-12-05 04:00:00",966.4,79.18
"2019-12-06 04:00:00",964.2,79
"2019-12-09 04:00:00",942,77.18
"2019-12-10 04:00:00",949.85,77.82
"2019-12-11 04:00:00",966.55,79.19
"2019-12-12 04:00:00",960.4,78.68
"2019-12-13 04:00:00",974.9,79.87
"2019-12-16 04:00:00",969.55,79.43
"2019-12-17 04:00:00",972.55,79.68
"2019-12-18 04:00:00",964.75,79.04
"2019-12-19 04:00:00",969.75,79.45
"2019-12-20 04:00:00",992.75,81.34
"2019-12-23 04:00:00",996.8,81.67
"2019-12-24 04:00:00",994.75,81.5
"2019-12-26 04:00:00",991,81.19
"2019-12-27 04:00:00",988.65,81
"2019-12-30 04:00:00",976.35,79.99
"2019-12-31 04:00:00",961.6,78.78
"2020-01-01 04:00:00",976.4,80
"2020-01-02 04:00:00",969.35,79.42
"2020-01-03 04:00:00",975.1,79.89
"2020-01-06 04:00:00",983.1,80.54
"2020-01-07 04:00:00",984.9,80.69
"2020-01-08 04:00:00",987.75,80.93
"2020-01-09 04:00:00",988.5,80.99
"2020-01-10 04:00:00",989,81.03
"2020-01-13 04:00:00",989.85,81.1
"2020-01-14 04:00:00",987.8,80.93
"2020-01-15 04:00:00",998.15,81.78
"2020-01-16 04:00:00",999.9,81.92
"2020-01-17 04:00:00",996.35,81.63
"2020-01-20 04:00:00",981.5,80.41
"2020-01-21 04:00:00",972.75,79.7
"2020-01-22 04:00:00",981.7,72.95
"2020-01-23 04:00:00",985.95,73.26
"2020-01-24 04:00:00",999.8,74.29
"2020-01-27 04:00:00",992.15,73.73
"2020-01-28 04:00:00",987.85,73.41
"2020-01-29 04:00:00",1007.8,74.89
"2020-01-30 04:00:00",998.25,74.18
"2020-01-31 04:00:00",994.1,73.87
"2020-02-01 04:00:00",893.1,66.37
"2020-02-03 04:00:00",912.65,67.82
"2020-02-04 04:00:00",911.6,67.74
"2020-02-05 04:00:00",910.55,67.66
"2020-02-06 04:00:00",919.5,68.33
"2020-02-07 04:00:00",947.3,70.39
"2020-02-10 04:00:00",952.8,70.8
"2020-02-11 04:00:00",939.75,69.83
"2020-02-12 04:00:00",932.85,69.32
"2020-02-13 04:00:00",927.55,68.93
"2020-02-14 04:00:00",914.25,67.94
"2020-02-17 04:00:00",914.4,67.95
"2020-02-18 04:00:00",916.05,68.07
"2020-02-19 04:00:00",938.2,69.72
"2020-02-20 04:00:00",928.75,69.01
"2020-02-24 04:00:00",916.6,68.11
"2020-02-25 04:00:00",901.2,66.97
"2020-02-26 04:00:00",891.35,66.24
"2020-02-27 04:00:00",905.35,67.28
"2020-02-28 04:00:00",890.4,66.16
"2020-03-02 04:00:00",894.15,66.44
"2020-03-03 04:00:00",899.85,66.87
"2020-03-04 04:00:00",885.1,65.77
"2020-03-05 04:00:00",884.45,65.72
"2020-03-06 04:00:00",853.95,63.46
"2020-03-09 04:00:00",825.3,61.33
"2020-03-11 04:00:00",808.95,60.11
"2020-03-12 04:00:00",751.7,55.86
"2020-03-13 04:00:00",761.95,56.62
"2020-03-16 04:00:00",731.55,54.36
"2020-03-17 04:00:00",687,51.05
"2020-03-18 04:00:00",596.25,44.31
"2020-03-19 04:00:00",607.7,45.16
"2020-03-20 04:00:00",633.5,47.07
"2020-03-23 04:00:00",539.2,40.07
"2020-03-24 04:00:00",546.25,40.59
"2020-03-25 04:00:00",587.85,43.68
"2020-03-26 04:00:00",618.15,45.93
"2020-03-27 04:00:00",602.85,44.8
"2020-03-30 04:00:00",622,46.22
"2020-03-31 04:00:00",641,47.63
"2020-04-01 04:00:00",635.1,47.19
"2020-04-03 04:00:00",650.15,48.31
"2020-04-07 04:00:00",735.3,54.64
"2020-04-08 04:00:00",742.8,55.2
"2020-04-09 04:00:00",739.45,54.95
"2020-04-13 04:00:00",707.75,52.59
"2020-04-15 04:00:00",700.9,52.08
"2020-04-16 04:00:00",685.25,50.92
"2020-04-17 04:00:00",702.45,52.2
"2020-04-20 04:00:00",700,52.02
"2020-04-21 04:00:00",671.3,49.88
"2020-04-22 04:00:00",704.8,52.37
"2020-04-23 04:00:00",717.65,53.33
"2020-04-24 04:00:00",679.15,50.47
"2020-04-27 04:00:00",714.1,53.06
"2020-04-28 04:00:00",719.85,53.49
"2020-04-29 04:00:00",713.35,53.01
"2020-04-30 04:00:00",726.85,54.01
"2020-05-04 04:00:00",687.65,51.1
"2020-05-05 04:00:00",713.55,50.3
"2020-05-06 04:00:00",731.15,51.54
"2020-05-07 04:00:00",735.15,51.82
"2020-05-08 04:00:00",760.05,53.58
"2020-05-11 04:00:00",750.5,52.91
"2020-05-12 04:00:00",744.6,52.49
"2020-05-13 04:00:00",760.5,53.61
"2020-05-14 04:00:00",746.75,52.64
"2020-05-15 04:00:00",751.95,53.01
"2020-05-18 04:00:00",700.75,49.4
"2020-05-19 04:00:00",702.95,49.55
"2020-05-20 04:00:00",715.8,50.46
"2020-05-21 04:00:00",730.4,51.49
"2020-05-22 04:00:00",729.95,51.46
"2020-05-26 04:00:00",754.45,53.19
"2020-05-27 04:00:00",741.15,52.25
"2020-05-28 04:00:00",748.1,52.74
"2020-05-29 04:00:00",768.65,54.19
"2020-06-01 04:00:00",774.8,54.62
"2020-06-02 04:00:00",779.5,54.95
"2020-06-03 04:00:00",807.1,56.9
"2020-06-04 04:00:00",794.8,56.03
"2020-06-05 04:00:00",796.7,56.16
"2020-06-08 04:00:00",779.3,54.94
"2020-06-09 04:00:00",758.5,53.47
"2020-06-10 04:00:00",741.7,52.29
"2020-06-11 04:00:00",740.9,52.9
"2020-06-12 04:00:00",750.45,52.9
"2020-06-15 04:00:00",745.3,52.54
"2020-06-16 04:00:00",764.1,53.87
"2020-06-17 04:00:00",772.05,54.43
"2020-06-18 04:00:00",771.6,54.39
"2020-06-19 04:00:00",775.85,54.69
"2020-06-22 04:00:00",777.95,54.84
"2020-06-23 04:00:00",796.65,56.16
"2020-06-24 04:00:00",780.75,55.04
"2020-06-25 04:00:00",786.25,55.43
"2020-06-26 04:00:00",784.35,55.29
"2020-06-29 04:00:00",786.8,55.47
"2020-06-30 04:00:00",806.45,56.85
"2020-07-01 04:00:00",805.25,56.77
"2020-07-02 04:00:00",814.05,57.39
"2020-07-03 04:00:00",844.05,59.5
"2020-07-06 04:00:00",863.5,60.87
"2020-07-07 04:00:00",868.65,61.24
"2020-07-08 04:00:00",850.75,59.97
"2020-07-09 04:00:00",840.25,59.23
"2020-07-10 04:00:00",860.2,60.64
"2020-07-13 04:00:00",862.95,60.83
"2020-07-14 04:00:00",859.75,60.61
"2020-07-15 04:00:00",855.85,60.33
"2020-07-16 04:00:00",865.2,60.99
"2020-07-17 04:00:00",875.2,61.7
"2020-07-20 04:00:00",854.45,60.23
"2020-07-21 04:00:00",888.35,61.8
"2020-07-22 04:00:00",859.2,59.77
"2020-07-23 04:00:00",877.8,61.07
"2020-07-24 04:00:00",867.4,60.34
"2020-07-27 04:00:00",867.45,60.35
"2020-07-28 04:00:00",883.35,61.45
"2020-07-29 04:00:00",881.1,61.29
"2020-07-30 04:00:00",913.55,63.55
"2020-07-31 04:00:00",912.85,63.5
"2020-08-03 04:00:00",875.1,60.88
"2020-08-04 04:00:00",875.8,60.93
"2020-08-05 04:00:00",860.9,59.89
"2020-08-06 04:00:00",875.4,60.9
"2020-08-07 04:00:00",868.6,60.43
"2020-08-10 04:00:00",865.75,60.23
"2020-08-11 04:00:00",860.6,59.87
"2020-08-12 04:00:00",856.9,59.61
"2020-08-13 04:00:00",861.5,59.93
"2020-08-14 04:00:00",839.3,58.39
"2020-08-17 04:00:00",842.35,58.6
"2020-08-18 04:00:00",860.45,59.86
"2020-08-19 04:00:00",863.65,60.08
"2020-08-20 04:00:00",852.85,59.33
"2020-08-21 04:00:00",861.25,59.91
"2020-08-24 04:00:00",860.85,59.89
"2020-08-25 04:00:00",847.9,58.99
"2020-08-26 04:00:00",839.2,58.38
"2020-08-27 04:00:00",841.25,58.52
"2020-08-28 04:00:00",851.55,59.24
"2020-08-31 04:00:00",827.75,57.58
"2020-09-01 04:00:00",835.9,58.15
"2020-09-02 04:00:00",850.3,59.15
"2020-09-03 04:00:00",852.3,59.29
"2020-09-04 04:00:00",834.55,58.06
"2020-09-07 04:00:00",838.45,58.33
"2020-09-08 04:00:00",845,58.78
"2020-09-09 04:00:00",830.5,57.77
"2020-09-10 04:00:00",845.2,58.8
"2020-09-11 04:00:00",864.4,60.13
"2020-09-14 04:00:00",857.1,59.63
"2020-09-15 04:00:00",864.7,60.15
"2020-09-16 04:00:00",867.65,60.36
"2020-09-17 04:00:00",856.15,59.56
"2020-09-18 04:00:00",848.1,59
"2020-09-21 04:00:00",840.1,58.44
"2020-09-22 04:00:00",831.85,57.87
"2020-09-23 04:00:00",833,57.95
"2020-09-24 04:00:00",804.4,55.96
"2020-09-25 04:00:00",797.05,55.45
"2020-09-28 04:00:00",813,56.56
"2020-09-29 04:00:00",809.1,56.29
"2020-09-30 04:00:00",811.45,56.45
"2020-10-01 04:00:00",818.9,56.97
"2020-10-05 04:00:00",824.95,57.39
"2020-10-06 04:00:00",830.05,57.74
"2020-10-07 04:00:00",827.95,57.6
"2020-10-08 04:00:00",821.05,57.12
"2020-10-09 04:00:00",805.9,56.06
"2020-10-12 04:00:00",791.65,55.07
"2020-10-13 04:00:00",786.55,54.72
"2020-10-14 04:00:00",810.6,56.39
"2020-10-15 04:00:00",804.75,55.98
"2020-10-16 04:00:00",799.55,55.62
"2020-10-19 04:00:00",798.3,55.53
"2020-10-20 04:00:00",800.75,55.71
"2020-10-21 04:00:00",785.35,54.63
"2020-10-22 04:00:00",780.8,54.32
"2020-10-23 04:00:00",770.7,53.61
"2020-10-26 04:00:00",778.85,54.18
"2020-10-27 04:00:00",774.45,48.19
"2020-10-28 04:00:00",771,47.98
"2020-10-29 04:00:00",761.5,47.39
"2020-10-30 04:00:00",769.15,47.86
"2020-11-02 04:00:00",766.05,47.67
"2020-11-03 04:00:00",788.9,49.09
"2020-11-04 04:00:00",791,49.22
"2020-11-05 04:00:00",805,50.1
"2020-11-06 04:00:00",801.25,49.86
"2020-11-09 04:00:00",808.15,50.29
"2020-11-10 04:00:00",829.4,51.61
"2020-11-11 04:00:00",839.55,52.25
"2020-11-12 04:00:00",837.75,52.13
"2020-11-13 04:00:00",831.85,51.77
"2020-11-14 04:00:00",840.45,52.3
"2020-11-17 04:00:00",863.15,53.71
"2020-11-18 04:00:00",857.95,53.71
"2020-11-19 04:00:00",846.75,52.69
"2020-11-20 04:00:00",845.45,52.61
"2020-11-23 04:00:00",831.6,51.75
"2020-11-24 04:00:00",838.95,52.21
"2020-11-25 04:00:00",849.05,52.84
"2020-11-26 04:00:00",851.5,52.99
"2020-11-27 04:00:00",846.05,52.65
"2020-12-01 04:00:00",851.35,52.98
"2020-12-02 04:00:00",875.55,54.49
"2020-12-03 04:00:00",858.15,53.4
"2020-12-04 04:00:00",863,53.7
"2020-12-07 04:00:00",851.75,53
"2020-12-08 04:00:00",853.8,53.13
"2020-12-09 04:00:00",858,53.39
"2020-12-10 04:00:00",856.05,53.27
"2020-12-11 04:00:00",849.7,52.88
"2020-12-14 04:00:00",850.2,52.91
"2020-12-15 04:00:00",856.2,53.28
"2020-12-16 04:00:00",857.5,53.36
"2020-12-17 04:00:00",856.35,53.29
"2020-12-18 04:00:00",857.15,53.34
"2020-12-21 04:00:00",840.85,52.33
"2020-12-22 04:00:00",853.95,53.14
"2020-12-23 04:00:00",854.95,53.2
"2020-12-24 04:00:00",873.9,54.38
"2020-12-28 04:00:00",901.65,56.11
"2020-12-29 04:00:00",899.3,55.96
"2020-12-30 04:00:00",902.95,56.19
"2020-12-31 04:00:00",904.25,56.27
"2021-01-01 04:00:00",895.4,55.72
"2021-01-04 04:00:00",911.4,56.72
"2021-01-05 04:00:00",905.55,56.35
"2021-01-06 04:00:00",910.3,56.65
"2021-01-07 04:00:00",914.15,56.89
"2021-01-08 04:00:00",935.5,58.22
"2021-01-11 04:00:00",936.25,58.26
"2021-01-12 04:00:00",925,57.56
"2021-01-13 04:00:00",926.55,57.66
"2021-01-14 04:00:00",925.15,57.57
"2021-01-15 04:00:00",910.25,56.65
"2021-01-18 04:00:00",892.9,55.57
"2021-01-19 04:00:00",904.4,56.28
"2021-01-20 04:00:00",896.75,55.81
"2021-01-21 04:00:00",878.3,54.66
"2021-01-22 04:00:00",862.55,53.68
"2021-01-25 04:00:00",862.85,59.49
"2021-01-27 04:00:00",881.75,60.79
"2021-01-28 04:00:00",872.55,60.16
"2021-01-29 04:00:00",864.45,59.6
"2021-02-01 04:00:00",874.5,60.29
"2021-02-02 04:00:00",865.35,59.66
"2021-02-03 04:00:00",866.15,59.72
"2021-02-04 04:00:00",863.9,59.56
"2021-02-05 04:00:00",864.2,59.58
"2021-02-08 04:00:00",859.1,59.23
"2021-02-09 04:00:00",888.7,61.27
"2021-02-10 04:00:00",911.35,62.83
"2021-02-11 04:00:00",907.35,62.56
"2021-02-12 04:00:00",896.85,61.83
"2021-02-15 04:00:00",877.25,60.48
"2021-02-16 04:00:00",872,60.12
"2021-02-17 04:00:00",877.15,60.48
"2021-02-18 04:00:00",893.5,61.6
"2021-02-19 04:00:00",881.5,60.78
"2021-02-22 04:00:00",849.05,58.54
"2021-02-23 04:00:00",869.7,59.96
"2021-02-24 04:00:00",871.55,60.09
"2021-02-25 04:00:00",872.4,60.15
"2021-02-26 04:00:00",866.9,59.77
"2021-03-01 04:00:00",876.4,60.42
"2021-03-02 04:00:00",879.15,60.61
"2021-03-03 04:00:00",906.45,62.5
"2021-03-04 04:00:00",915.9,63.15
"2021-03-05 04:00:00",903.55,62.3
"2021-03-08 04:00:00",923.85,63.7
"2021-03-09 04:00:00",971.3,66.97
"2021-03-10 04:00:00",940.75,64.86
"2021-03-12 04:00:00",914.2,63.03
"2021-03-15 04:00:00",920,63.43
"2021-03-16 04:00:00",914.05,63.02
"2021-03-17 04:00:00",888.95,61.29
"2021-03-18 04:00:00",890.45,61.39
"2021-03-19 04:00:00",906.7,62.51
"2021-03-22 04:00:00",900.2,62.06
"2021-03-23 04:00:00",898.9,61.98
"2021-03-24 04:00:00",880.7,60.72
"2021-03-25 04:00:00",864.1,59.58
"2021-03-26 04:00:00",873.95,60.26
"2021-03-30 04:00:00",872.15,60.13
"2021-03-31 04:00:00",880.85,60.73
"2021-04-01 04:00:00",883.45,60.91
"2021-04-05 04:00:00",872.55,60.16
"2021-04-06 04:00:00",897.55,61.88
"2021-04-07 04:00:00",918.5,63.33
"2021-04-08 04:00:00",908.5,62.64
"2021-04-09 04:00:00",910.1,62.75
"2021-04-12 04:00:00",872.45,60.15
"2021-04-13 04:00:00",897.8,61.9
"2021-04-15 04:00:00",908.7,62.65
"2021-04-16 04:00:00",914.2,63.03
"2021-04-19 04:00:00",906.25,62.48
"2021-04-20 04:00:00",898.95,61.98
"2021-04-22 04:00:00",914.4,63.04
"2021-04-23 04:00:00",922.85,63.63
"2021-04-26 04:00:00",942.5,64.98
"2021-04-27 04:00:00",928.75,64.03
"2021-04-28 04:00:00",930.4,64.15
"2021-04-29 04:00:00",928.2,64
"2021-04-30 04:00:00",928.7,64.03
"2021-05-03 04:00:00",958.6,66.01
"2021-05-04 04:00:00",982.9,67.69
"2021-05-05 04:00:00",973.1,67.01
"2021-05-06 04:00:00",969.4,66.76
"2021-05-07 04:00:00",1000.25,68.88
"2021-05-10 04:00:00",1005,69.21
"2021-05-11 04:00:00",1000.95,68.93
"2021-05-12 04:00:00",972.9,67
"2021-05-14 04:00:00",978.4,67.38
"2021-05-17 04:00:00",963.65,66.36
"2021-05-18 04:00:00",968.45,66.69
"2021-05-19 04:00:00",978.05,67.35
"2021-05-20 04:00:00",969.15,66.74
"2021-05-21 04:00:00",969.25,66.75
"2021-05-24 04:00:00",962.5,66.28
"2021-05-25 04:00:00",965.3,66.48
"2021-05-26 04:00:00",971.75,66.92
"2021-05-27 04:00:00",982.1,67.63
"2021-05-28 04:00:00",976.85,67.27
"2021-05-31 04:00:00",975.65,67.19
"2021-06-01 04:00:00",966.3,66.54
"2021-06-02 04:00:00",984.4,67.79
"2021-06-03 04:00:00",986.85,67.96
"2021-06-04 04:00:00",989.15,68.12
"2021-06-07 04:00:00",988.5,68.07
"2021-06-08 04:00:00",979.85,67.48
"2021-06-09 04:00:00",998.6,68.77
"2021-06-10 04:00:00",997.55,68.7
"2021-06-11 04:00:00",988.1,68.05
"2021-06-14 04:00:00",986.15,67.91
"2021-06-15 04:00:00",995.85,68.58
"2021-06-16 04:00:00",991.8,68.3
"2021-06-17 04:00:00",983.3,67.71
"2021-06-18 04:00:00",982.55,67.66
"2021-06-21 04:00:00",981.55,67.59
"2021-06-22 04:00:00",1007,69.35
"2021-06-23 04:00:00",1000.55,68.9
"2021-06-24 04:00:00",1002.15,69.01
"2021-06-25 04:00:00",1007.15,69.36
"2021-06-28 04:00:00",1002.1,69.01
"2021-06-29 04:00:00",999.4,68.82
"2021-06-30 04:00:00",1008.15,69.43
"2021-07-01 04:00:00",1006.9,69.34
"2021-07-02 04:00:00",1007.2,69.36
"2021-07-05 04:00:00",1009.85,69.54
"2021-07-06 04:00:00",1023.15,70.46
"2021-07-07 04:00:00",1014.4,69.86
"2021-07-08 04:00:00",1021.6,70.35
"2021-07-09 04:00:00",1019.6,70.21
"2021-07-12 04:00:00",1033.45,71.17
"2021-07-13 04:00:00",1052.65,72.49
"2021-07-14 04:00:00",1052.4,72.47
"2021-07-15 04:00:00",1052.95,72.51
"2021-07-16 04:00:00",1050.25,72.33
"2021-07-19 04:00:00",1037.85,71.47
"2021-07-20 04:00:00",1014.75,69.88
"2021-07-22 04:00:00",1026,70.66
"2021-07-23 04:00:00",1050.45,72.34
"2021-07-26 04:00:00",1076.65,83.8
"2021-07-27 04:00:00",1105.15,86.02
"2021-07-28 04:00:00",1133.4,88.21
"2021-07-29 04:00:00",1128.85,87.86
"2021-07-30 04:00:00",1098.6,85.51
"2021-08-02 04:00:00",1107.2,86.18
"2021-08-03 04:00:00",1131.7,88.08
"2021-08-04 04:00:00",1136.85,88.48
"2021-08-05 04:00:00",1134.75,88.32
"2021-08-06 04:00:00",1150.7,89.56
"2021-08-09 04:00:00",1136.45,88.45
"2021-08-10 04:00:00",1127.6,87.76
"2021-08-11 04:00:00",1135.4,88.37
"2021-08-12 04:00:00",1134.05,88.27
"2021-08-13 04:00:00",1138.6,88.62
"2021-08-16 04:00:00",1139.1,88.66
"2021-08-17 04:00:00",1134.8,88.32
"2021-08-18 04:00:00",1114.05,86.71
"2021-08-20 04:00:00",1125.3,87.58
"2021-08-23 04:00:00",1135.45,88.37
"2021-08-24 04:00:00",1160.4,90.32
"2021-08-25 04:00:00",1156.15,89.99
"2021-08-26 04:00:00",1151.8,89.65
"2021-08-27 04:00:00",1184.05,92.16
"2021-08-30 04:00:00",1180.7,91.9
"2021-08-31 04:00:00",1192.05,92.78
"2021-09-01 04:00:00",1220.5,94.99
"2021-09-02 04:00:00",1243.4,96.78
"2021-09-03 04:00:00",1244.15,96.83
"2021-09-06 04:00:00",1244.65,96.87
"2021-09-07 04:00:00",1238.75,96.41
"2021-09-08 04:00:00",1220.05,94.96
"2021-09-09 04:00:00",1173.2,91.31
"2021-09-13 04:00:00",1165.15,90.69
"2021-09-14 04:00:00",1170.9,91.13
"2021-09-15 04:00:00",1172.45,91.25
"2021-09-16 04:00:00",1184.9,92.22
"2021-09-17 04:00:00",1198.8,93.3
"2021-09-20 04:00:00",1177.5,91.65
"2021-09-21 04:00:00",1184.6,92.2
"2021-09-22 04:00:00",1191.3,92.72
"2021-09-23 04:00:00",1218.3,94.82
"2021-09-24 04:00:00",1222.05,95.11
"2021-09-27 04:00:00",1222.8,95.17
"2021-09-28 04:00:00",1210.3,94.2
"2021-09-29 04:00:00",1205.95,93.86
"2021-09-30 04:00:00",1215.1,94.57
"2021-10-01 04:00:00",1209.05,94.1
"2021-10-04 04:00:00",1230.85,95.8
"2021-10-05 04:00:00",1261.95,98.22
"2021-10-06 04:00:00",1212.05,94.34
"2021-10-07 04:00:00",1215.05,94.57
"2021-10-08 04:00:00",1196.45,93.12
"2021-10-11 04:00:00",1206.1,93.87
"2021-10-12 04:00:00",1210.6,94.22
"2021-10-13 04:00:00",1191.75,92.76
"2021-10-14 04:00:00",1185.55,92.27
"2021-10-18 04:00:00",1192.5,92.81
"2021-10-19 04:00:00",1193.45,92.89
"2021-10-20 04:00:00",1168.75,90.97
"2021-10-21 04:00:00",1158.3,90.15
"2021-10-22 04:00:00",1167.2,90.85
"2021-10-25 04:00:00",1129.7,87.93
"2021-10-26 04:00:00",1172.05,91.22
"2021-10-27 04:00:00",1186,92.31
"2021-10-28 04:00:00",1167.1,94.74
"2021-10-29 04:00:00",1145.55,92.99
"2021-11-01 04:00:00",1163.35,94.44
"2021-11-02 04:00:00",1166.05,94.66
"2021-11-03 04:00:00",1178.8,95.69
"2021-11-04 04:00:00",1181.75,95.93
"2021-11-08 04:00:00",1200.65,97.47
"2021-11-09 04:00:00",1207.25,98
"2021-11-10 04:00:00",1183.75,96.1
"2021-11-11 04:00:00",1153.2,93.62
"2021-11-12 04:00:00",1174.9,95.38
"2021-11-15 04:00:00",1159.9,94.16
"2021-11-16 04:00:00",1153,93.6
"2021-11-17 04:00:00",1187.2,96.38
"2021-11-18 04:00:00",1182.05,95.96
"2021-11-22 04:00:00",1150.65,93.41
"2021-11-23 04:00:00",1153.5,93.64
"2021-11-24 04:00:00",1163.75,94.47
"2021-11-25 04:00:00",1159.5,94.13
"2021-11-26 04:00:00",1130.35,91.76
"2021-11-29 04:00:00",1136.25,92.24
"2021-11-30 04:00:00",1160.55,94.21
"2021-12-01 04:00:00",1164.85,94.56
"2021-12-02 04:00:00",1188.05,96.44
"2021-12-03 04:00:00",1165.95,94.65
"2021-12-06 04:00:00",1148.5,93.23
"2021-12-07 04:00:00",1159.15,94.1
"2021-12-08 04:00:00",1169.5,94.94
"2021-12-09 04:00:00",1161.35,94.28
"2021-12-10 04:00:00",1175.6,95.43
"2021-12-13 04:00:00",1186.65,96.33
"2021-12-14 04:00:00",1188.55,96.49
"2021-12-15 04:00:00",1174.65,95.36
"2021-12-16 04:00:00",1163.8,94.48
"2021-12-17 04:00:00",1142.55,92.75
"2021-12-20 04:00:00",1125.7,91.38
"2021-12-21 04:00:00",1135.25,92.16
"2021-12-22 04:00:00",1124.3,91.27
"2021-12-23 04:00:00",1125.45,91.36
"2021-12-24 04:00:00",1148.2,93.21
"2021-12-27 04:00:00",1161.95,94.33
"2021-12-28 04:00:00",1177.6,95.6
"2021-12-29 04:00:00",1185.65,96.25
"2021-12-30 04:00:00",1195.2,97.03
"2021-12-31 04:00:00",1196,97.09
"2022-01-03 04:00:00",1209.4,98.18
"2022-01-04 04:00:00",1220.6,99.09
"2022-01-05 04:00:00",1219.85,99.03
"2022-01-06 04:00:00",1205.6,97.87
"2022-01-07 04:00:00",1217.4,98.83
"2022-01-10 04:00:00",1229.1,99.78
"2022-01-11 04:00:00",1233.4,100.13
"2022-01-12 04:00:00",1249.4,101.42
"2022-01-13 04:00:00",1258.7,102.18
"2022-01-14 04:00:00",1263.6,102.58
"2022-01-17 04:00:00",1287.95,104.55
"2022-01-18 04:00:00",1265.9,102.76
"2022-01-19 04:00:00",1248.1,101.32
"2022-01-20 04:00:00",1238.7,100.56
"2022-01-21 04:00:00",1240.65,91.04
"2022-01-24 04:00:00",1225,89.89
"2022-01-25 04:00:00",1228,90.11
"2022-01-27 04:00:00",1211.65,88.91
"2022-01-28 04:00:00",1205.55,88.47
"2022-01-31 04:00:00",1233.25,90.5
"2022-02-01 04:00:00",1214.95,89.16
"2022-02-02 04:00:00",1220.1,89.53
"2022-02-03 04:00:00",1185.2,86.97
"2022-02-04 04:00:00",1172.1,86.01
"2022-02-07 04:00:00",1144,83.95
"2022-02-08 04:00:00",1131.15,83.01
"2022-02-09 04:00:00",1125.7,82.61
"2022-02-10 04:00:00",1146.25,84.11
"2022-02-11 04:00:00",1133.3,83.16
"2022-02-14 04:00:00",1096.3,80.45
"2022-02-15 04:00:00",1119.95,82.18
"2022-02-16 04:00:00",1122.15,82.35
"2022-02-17 04:00:00",1126.35,82.65
"2022-02-18 04:00:00",1150.5,84.43
"2022-02-21 04:00:00",1134.75,83.27
"2022-02-22 04:00:00",1100.95,80.79
"2022-02-23 04:00:00",1101.75,80.85
"2022-02-24 04:00:00",1054.2,77.36
"2022-02-25 04:00:00",1055.6,77.46
"2022-02-28 04:00:00",1060.15,77.8
"2022-03-02 04:00:00",1121.15,82.27
"2022-03-03 04:00:00",1081.3,79.35
"2022-03-04 04:00:00",1057.35,77.59
"2022-03-07 04:00:00",1028.9,75.5
"2022-03-08 04:00:00",1031.95,75.73
"2022-03-09 04:00:00",1025.2,75.23
"2022-03-10 04:00:00",1050.05,77.06
"2022-03-11 04:00:00",1058.5,77.68
"2022-03-14 04:00:00",1069.7,78.5
"2022-03-15 04:00:00",1070.55,78.56
"2022-03-16 04:00:00",1085.75,79.68
"2022-03-17 04:00:00",1128.55,82.82
"2022-03-21 04:00:00",1095.8,80.41
"2022-03-22 04:00:00",1097.65,80.55
"2022-03-23 04:00:00",1092.25,80.15
"2022-03-24 04:00:00",1088.95,79.91
"2022-03-25 04:00:00",1092.6,80.18
"2022-03-28 04:00:00",1077,79.03
"2022-03-29 04:00:00",1101.25,80.81
"2022-03-30 04:00:00",1121.8,82.32
"2022-03-31 04:00:00",1121.45,82.29
"2022-04-01 04:00:00",1113.35,81.7
"2022-04-04 04:00:00",1126.3,82.65
"2022-04-05 04:00:00",1118.35,82.07
"2022-04-06 04:00:00",1107.1,81.24
"2022-04-07 04:00:00",1108.85,81.37
"2022-04-08 04:00:00",1160.45,85.16
"2022-04-11 04:00:00",1142.5,83.84
"2022-04-12 04:00:00",1149.1,84.32
"2022-04-13 04:00:00",1146.9,84.16
"2022-04-18 04:00:00",1173.4,86.11
"2022-04-19 04:00:00",1124.7,82.53
"2022-04-20 04:00:00",1128.35,82.8
"2022-04-21 04:00:00",1144.55,83.99
"2022-04-22 04:00:00",1137.25,83.45
"2022-04-25 04:00:00",1091.25,80.08
"2022-04-26 04:00:00",1094.85,80.34
"2022-04-27 04:00:00",1074.2,78.83
"2022-04-28 04:00:00",1116.85,74.35
"2022-04-29 04:00:00",1105.5,73.6
"2022-05-02 04:00:00",1081.05,71.97
"2022-05-04 04:00:00",1077.85,71.75
"2022-05-05 04:00:00",1083.65,72.14
"2022-05-06 04:00:00",1059.15,70.51
"2022-05-09 04:00:00",1064.45,70.86
"2022-05-10 04:00:00",1081.05,71.97
"2022-05-11 04:00:00",1087.15,72.37
"2022-05-12 04:00:00",1060.6,70.61
"2022-05-13 04:00:00",1044.95,69.56
"2022-05-16 04:00:00",1044.65,69.54
"2022-05-17 04:00:00",1070.4,71.26
"2022-05-18 04:00:00",1073.9,71.49
"2022-05-19 04:00:00",1056.65,70.34
"2022-05-20 04:00:00",1071.35,71.32
"2022-05-23 04:00:00",1076.5,71.66
"2022-05-24 04:00:00",1073.4,71.46
"2022-05-25 04:00:00",1096,72.96
"2022-05-26 04:00:00",1105.35,73.59
"2022-05-27 04:00:00",1121.1,74.63
"2022-05-30 04:00:00",1148.4,76.45
"2022-05-31 04:00:00",1174.15,78.17
"2022-06-01 04:00:00",1152.75,76.74
"2022-06-02 04:00:00",1143.75,76.14
"2022-06-03 04:00:00",1141.15,75.97
"2022-06-06 04:00:00",1142,76.03
"2022-06-07 04:00:00",1134.3,75.51
"2022-06-08 04:00:00",1136.05,75.63
"2022-06-09 04:00:00",1163.7,77.47
"2022-06-10 04:00:00",1154.9,76.88
"2022-06-13 04:00:00",1133.7,75.47
"2022-06-14 04:00:00",1132.1,75.37
"2022-06-15 04:00:00",1125.75,74.94
"2022-06-16 04:00:00",1105.15,73.57
"2022-06-17 04:00:00",1082.1,72.04
"2022-06-20 04:00:00",1075.95,71.63
"2022-06-21 04:00:00",1096.35,72.99
"2022-06-22 04:00:00",1070.45,71.26
"2022-06-23 04:00:00",1073.85,71.49
"2022-06-24 04:00:00",1078.55,71.8
"2022-06-27 04:00:00",1084.55,72.2
"2022-06-28 04:00:00",1078.05,71.77
"2022-06-29 04:00:00",1067.65,71.08
"2022-06-30 04:00:00",1081.6,72
"2022-07-01 04:00:00",1099.85,73.22
"2022-07-04 04:00:00",1117.65,74.4
"2022-07-05 04:00:00",1111,73.96
"2022-07-06 04:00:00",1116.1,74.3
"2022-07-07 04:00:00",1124.6,74.87
"2022-07-08 04:00:00",1146.9,76.35
"2022-07-11 04:00:00",1147.4,76.38
"2022-07-12 04:00:00",1139.75,75.88
"2022-07-13 04:00:00",1139.85,75.88
"2022-07-14 04:00:00",1138.95,75.82
"2022-07-15 04:00:00",1155.45,76.92
"2022-07-18 04:00:00",1177.15,78.37
"2022-07-19 04:00:00",1169.95,77.89
"2022-07-20 04:00:00",1186.05,78.96
"2022-07-21 04:00:00",1168.55,77.79
"2022-07-22 04:00:00",1164.95,77.55
"2022-07-25 04:00:00",1144.95,76.22
"2022-07-26 04:00:00",1138.2,75.77
"2022-07-27 04:00:00",1149.35,76.51
"2022-07-28 04:00:00",1191.45,77.28
"2022-07-29 04:00:00",1294.4,83.96
"2022-08-01 04:00:00",1313.3,85.18
"2022-08-02 04:00:00",1285.2,83.36
"2022-08-03 04:00:00",1283.55,83.25
"2022-08-04 04:00:00",1278.8,82.95
"2022-08-05 04:00:00",1266.65,82.16
"2022-08-08 04:00:00",1269.9,82.37
"2022-08-10 04:00:00",1273.2,82.58
"2022-08-11 04:00:00",1261.5,81.82
"2022-08-12 04:00:00",1286.55,83.45
"2022-08-16 04:00:00",1309.6,84.94
"2022-08-17 04:00:00",1305.35,84.67
"2022-08-18 04:00:00",1324.2,85.89
"2022-08-19 04:00:00",1296.95,84.12
"2022-08-22 04:00:00",1276,82.76
"2022-08-23 04:00:00",1279.25,82.98
"2022-08-24 04:00:00",1287.5,83.51
"2022-08-25 04:00:00",1297,84.13
"2022-08-26 04:00:00",1313.7,85.21
"2022-08-29 04:00:00",1298.2,84.2
"2022-08-30 04:00:00",1329.1,86.21
"2022-09-01 04:00:00",1296.55,84.1
"2022-09-02 04:00:00",1288.2,83.56
"2022-09-05 04:00:00",1293.4,83.89
"2022-09-06 04:00:00",1311.35,85.06
"2022-09-07 04:00:00",1331.55,86.37
"2022-09-08 04:00:00",1317.7,85.47
"2022-09-09 04:00:00",1297.45,84.16
"2022-09-12 04:00:00",1306,84.71
"2022-09-13 04:00:00",1324.4,85.9
"2022-09-14 04:00:00",1303.3,84.54
"2022-09-15 04:00:00",1295,84
"2022-09-16 04:00:00",1272.25,82.52
"2022-09-19 04:00:00",1303.3,84.54
"2022-09-20 04:00:00",1309.3,84.92
"2022-09-21 04:00:00",1306.3,84.73
"2022-09-22 04:00:00",1285.5,83.38
"2022-09-23 04:00:00",1273,82.57
"2022-09-26 04:00:00",1259.8,81.71
"2022-09-27 04:00:00",1242.3,80.58
"2022-09-28 04:00:00",1238.8,80.35
"2022-09-29 04:00:00",1239.8,80.42
"2022-09-30 04:00:00",1250.45,81.11
"2022-10-03 04:00:00",1237.25,80.25
"2022-10-04 04:00:00",1260.65,81.77
"2022-10-06 04:00:00",1245.15,80.76
"2022-10-07 04:00:00",1243.2,80.64
"2022-10-10 04:00:00",1239.3,80.38
"2022-10-11 04:00:00",1206.35,78.25
"2022-10-12 04:00:00",1212.2,78.63
"2022-10-13 04:00:00",1187.9,77.05
"2022-10-14 04:00:00",1179.8,76.52
"2022-10-17 04:00:00",1189.8,77.17
"2022-10-18 04:00:00",1219.05,79.07
"2022-10-19 04:00:00",1227.1,79.59
"2022-10-20 04:00:00",1222.95,79.32
"2022-10-21 04:00:00",1246.35,80.84
"2022-10-24 04:00:00",1257.6,81.57
"2022-10-25 04:00:00",1254.85,75.07
"2022-10-27 04:00:00",1252.9,74.96
"2022-10-28 04:00:00",1252.8,74.95
"2022-10-31 04:00:00",1265.95,75.74
"2022-11-01 04:00:00",1268.75,75.9
"2022-11-02 04:00:00",1272.65,76.14
"2022-11-03 04:00:00",1276.05,76.34
"2022-11-04 04:00:00",1265.6,75.72
"2022-11-07 04:00:00",1278.65,76.5
"2022-11-09 04:00:00",1263.8,75.61
"2022-11-10 04:00:00",1238.35,74.09
"2022-11-11 04:00:00",1250.25,74.8
"2022-11-14 04:00:00",1248.6,74.7
"2022-11-15 04:00:00",1259.3,75.34
"2022-11-16 04:00:00",1254.9,75.08
"2022-11-17 04:00:00",1254.35,75.04
"2022-11-18 04:00:00",1242.75,74.35
"2022-11-21 04:00:00",1226.6,73.38
"2022-11-22 04:00:00",1229.05,73.53
"2022-11-23 04:00:00",1226.3,73.36
"2022-11-24 04:00:00",1240.65,74.22
"2022-11-25 04:00:00",1235.25,73.9
"2022-11-28 04:00:00",1253.5,74.99
"2022-11-29 04:00:00",1258.4,75.29
"2022-11-30 04:00:00",1282.9,76.75
"2022-12-01 04:00:00",1290.75,77.22
"2022-12-02 04:00:00",1295.15,77.48
"2022-12-05 04:00:00",1284.55,76.85
"2022-12-06 04:00:00",1285.1,76.88
"2022-12-07 04:00:00",1262.05,75.5
"2022-12-08 04:00:00",1266.85,75.79
"2022-12-09 04:00:00",1269.65,75.96
"2022-12-12 04:00:00",1263.2,75.57
"2022-12-13 04:00:00",1277.8,76.45
"2022-12-14 04:00:00",1269.75,75.96
"2022-12-15 04:00:00",1273.5,76.19
"2022-12-16 04:00:00",1254.15,75.03
"2022-12-19 04:00:00",1267.5,75.83
"2022-12-20 04:00:00",1231.25,73.66
"2022-12-21 04:00:00",1234.35,73.85
"2022-12-22 04:00:00",1244.75,74.47
"2022-12-23 04:00:00",1224.6,73.26
"2022-12-26 04:00:00",1243.3,74.38
"2022-12-27 04:00:00",1241.05,74.25
"2022-12-28 04:00:00",1242.05,74.31
"2022-12-29 04:00:00",1258.6,75.3
"2022-12-30 04:00:00",1231.3,73.66
"2023-01-02 04:00:00",1240.05,74.19
"2023-01-03 04:00:00",1268.4,75.88
"2023-01-04 04:00:00",1259.05,75.32
"2023-01-05 04:00:00",1267.65,75.84
"2023-01-06 04:00:00",1269.05,75.92
"2023-01-09 04:00:00",1306.35,78.15
"2023-01-10 04:00:00",1302.6,77.93
"2023-01-11 04:00:00",1291.3,77.25
"2023-01-12 04:00:00",1315.7,78.71
"2023-01-13 04:00:00",1312.95,78.55
"2023-01-16 04:00:00",1300.9,77.83
"2023-01-17 04:00:00",1298.45,77.68
"2023-01-18 04:00:00",1310.65,78.41
"2023-01-19 04:00:00",1323.1,79.16
"2023-01-20 04:00:00",1296.1,77.54
"2023-01-23 04:00:00",1295.4,80.37
"2023-01-24 04:00:00",1273.25,79
"2023-01-25 04:00:00",1257.45,78.02
"2023-01-27 04:00:00",1250.25,77.57
"2023-01-30 04:00:00",1233.45,76.53
"2023-01-31 04:00:00",1219.55,75.67
"2023-02-01 04:00:00",1109.4,68.83
"2023-02-02 04:00:00",1107.5,68.71
"2023-02-03 04:00:00",1138.05,70.61
"2023-02-06 04:00:00",1138.4,70.63
"2023-02-07 04:00:00",1131.75,70.22
"2023-02-08 04:00:00",1164.5,72.25
"2023-02-09 04:00:00",1180.45,73.24
"2023-02-10 04:00:00",1184.5,73.49
"2023-02-13 04:00:00",1179.1,73.16
"2023-02-14 04:00:00",1161.7,72.08
"2023-02-15 04:00:00",1180.35,73.23
"2023-02-16 04:00:00",1174.1,72.85
"2023-02-17 04:00:00",1149.7,71.33
"2023-02-20 04:00:00",1158.4,71.87
"2023-02-21 04:00:00",1150.35,71.37
"2023-02-22 04:00:00",1131.15,70.18
"2023-02-23 04:00:00",1135.4,70.45
"2023-02-24 04:00:00",1122.05,69.62
"2023-02-27 04:00:00",1129.15,70.06
"2023-02-28 04:00:00",1121,69.55
"2023-03-01 04:00:00",1118.15,69.38
"2023-03-02 04:00:00",1100.15,68.26
"2023-03-03 04:00:00",1129.25,70.06
"2023-03-06 04:00:00",1128.7,70.03
"2023-03-08 04:00:00",1129.2,70.06
"2023-03-09 04:00:00",1096.7,68.04
"2023-03-10 04:00:00",1095.9,68
"2023-03-13 04:00:00",1072.5,66.54
"2023-03-14 04:00:00",1077.1,66.83
"2023-03-15 04:00:00",1067.05,66.21
"2023-03-16 04:00:00",1062.65,65.93
"2023-03-17 04:00:00",1071.6,66.49
"2023-03-20 04:00:00",1074.1,66.64
"2023-03-21 04:00:00",1097.7,68.11
"2023-03-22 04:00:00",1113.1,69.06
"2023-03-23 04:00:00",1118.65,69.41
"2023-03-24 04:00:00",1112.2,69.01
"2023-03-27 04:00:00",1099.3,68.21
"2023-03-28 04:00:00",1091.3,67.71
"2023-03-29 04:00:00",1098.7,68.17
"2023-03-31 04:00:00",1101.1,68.32
"2023-04-03 04:00:00",1103.8,68.49
"2023-04-05 04:00:00",1105.55,68.59
"2023-04-06 04:00:00",1116.25,69.26
"2023-04-10 04:00:00",1106.25,68.64
"2023-04-11 04:00:00",1112.65,69.03
"2023-04-12 04:00:00",1126.85,69.92
"2023-04-13 04:00:00",1130.25,70.13
"2023-04-17 04:00:00",1145.35,71.06
"2023-04-18 04:00:00",1145.55,71.08
"2023-04-19 04:00:00",1123.4,69.7
"2023-04-20 04:00:00",1128.85,70.04
"2023-04-21 04:00:00",1106.55,68.66
"2023-04-24 04:00:00",1105.7,68.6
"2023-04-25 04:00:00",1105.85,68.61
"2023-04-26 04:00:00",1118.3,69.39
"2023-04-27 04:00:00",1137.05,66.26
"2023-04-28 04:00:00",1140.1,66.43
"2023-05-02 04:00:00",1150.9,67.06
"2023-05-03 04:00:00",1136.9,66.25
"2023-05-04 04:00:00",1167.45,68.03
"2023-05-05 04:00:00",1173.7,68.39
"2023-05-08 04:00:00",1182.35,68.89
"2023-05-09 04:00:00",1183.15,68.94
"2023-05-10 04:00:00",1188.8,69.27
"2023-05-11 04:00:00",1185.4,69.07
"2023-05-12 04:00:00",1187.05,69.17
"2023-05-15 04:00:00",1189.45,69.31
"2023-05-16 04:00:00",1180.75,68.8
"2023-05-17 04:00:00",1162.6,67.74
"2023-05-18 04:00:00",1152.7,67.17
"2023-05-19 04:00:00",1154.15,67.25
"2023-05-22 04:00:00",1150.8,67.06
"2023-05-23 04:00:00",1165.6,67.92
"2023-05-24 04:00:00",1175.35,68.49
"2023-05-25 04:00:00",1177.35,68.6
"2023-05-26 04:00:00",1195.75,69.68
"2023-05-29 04:00:00",1218.1,70.98
"2023-05-30 04:00:00",1215.9,70.85
"2023-05-31 04:00:00",1235,71.96
"2023-06-01 04:00:00",1207.75,70.38
"2023-06-02 04:00:00",1202.5,70.07
"2023-06-05 04:00:00",1215.4,70.82
"2023-06-06 04:00:00",1223,71.26
"2023-06-07 04:00:00",1245.8,72.59
"2023-06-08 04:00:00",1238.9,72.19
"2023-06-09 04:00:00",1232.4,71.81
"2023-06-12 04:00:00",1238.9,72.19
"2023-06-13 04:00:00",1243.3,72.45
"2023-06-14 04:00:00",1242.3,72.39
"2023-06-15 04:00:00",1241.1,72.32
"2023-06-16 04:00:00",1281.35,74.66
"2023-06-19 04:00:00",1280.5,74.61
"2023-06-20 04:00:00",1295.35,75.48
"2023-06-21 04:00:00",1294.95,75.46
"2023-06-22 04:00:00",1276.5,74.38
"2023-06-23 04:00:00",1262.7,73.58
"2023-06-26 04:00:00",1266.35,73.79
"2023-06-27 04:00:00",1286.4,74.96
"2023-06-28 04:00:00",1299.9,75.74
"2023-06-30 04:00:00",1306.9,76.15
"2023-07-03 04:00:00",1297.95,75.63
"2023-07-04 04:00:00",1289.25,75.12
"2023-07-05 04:00:00",1291.55,75.26
"2023-07-06 04:00:00",1292.95,75.34
"2023-07-07 04:00:00",1294,75.4
"2023-07-10 04:00:00",1293.3,75.36
"2023-07-11 04:00:00",1295,75.46
"2023-07-12 04:00:00",1300.6,75.79
"2023-07-13 04:00:00",1313.95,76.56
"2023-07-14 04:00:00",1320.3,76.93
"2023-07-17 04:00:00",1314.5,76.6
"2023-07-18 04:00:00",1314.55,76.6
"2023-07-19 04:00:00",1310.45,76.36
"2023-07-20 04:00:00",1314.05,76.57
"2023-07-21 04:00:00",1290.7,75.21
"2023-07-24 04:00:00",1317.15,76.75
"2023-07-25 04:00:00",1301.1,70.94
"2023-07-26 04:00:00",1292.65,70.48
"2023-07-27 04:00:00",1296.5,70.69
"2023-07-28 04:00:00",1289.75,70.32
"2023-07-31 04:00:00",1282.15,69.91
"2023-08-01 04:00:00",1279.95,69.79
"2023-08-02 04:00:00",1262.25,68.82
"2023-08-03 04:00:00",1253.75,68.36
"2023-08-04 04:00:00",1267.9,69.13
"2023-08-07 04:00:00",1302.55,71.02
"2023-08-08 04:00:00",1349.35,73.57
"2023-08-09 04:00:00",1349.35,73.57
"2023-08-10 04:00:00",1334.35,72.75
"2023-08-11 04:00:00",1311.5,71.51
"2023-08-14 04:00:00",1297.1,70.72
"2023-08-16 04:00:00",1291.3,70.41
"2023-08-17 04:00:00",1284.45,70.03
"2023-08-18 04:00:00",1282.45,69.92
"2023-08-21 04:00:00",1278.55,69.71
"2023-08-22 04:00:00",1286.75,70.16
"2023-08-23 04:00:00",1300.25,70.9
"2023-08-24 04:00:00",1293.75,70.54
"2023-08-25 04:00:00",1296.4,70.69
"2023-08-28 04:00:00",1291.55,70.42
"2023-08-29 04:00:00",1297.2,70.73
"2023-08-30 04:00:00",1300.6,70.91
"2023-08-31 04:00:00",1292.55,70.48
"2023-09-01 04:00:00",1320.55,72
"2023-09-04 04:00:00",1328.35,72.43
"2023-09-05 04:00:00",1309.45,71.4
"2023-09-06 04:00:00",1319.8,71.96
"2023-09-07 04:00:00",1347.5,73.47
"2023-09-08 04:00:00",1341.45,73.14
"2023-09-11 04:00:00",1350.15,73.62
"2023-09-12 04:00:00",1346.5,73.42
"2023-09-13 04:00:00",1345.5,73.36
"2023-09-14 04:00:00",1352.75,73.76
"2023-09-15 04:00:00",1372.65,74.84
"2023-09-18 04:00:00",1373.7,74.9
"2023-09-20 04:00:00",1345.2,73.35
"2023-09-21 04:00:00",1334.2,72.75
"2023-09-22 04:00:00",1318.85,71.91
"2023-09-25 04:00:00",1294.15,70.56
"2023-09-26 04:00:00",1289.7,70.32
"2023-09-27 04:00:00",1301,70.94
"2023-09-28 04:00:00",1289.4,70.3
"2023-09-29 04:00:00",1305.4,71.18
"2023-10-03 04:00:00",1292.45,70.47
"2023-10-04 04:00:00",1270.55,69.28
"2023-10-05 04:00:00",1274.45,69.49
"2023-10-06 04:00:00",1282.95,69.95
"2023-10-09 04:00:00",1277.25,69.64
"2023-10-10 04:00:00",1302.05,70.99
"2023-10-11 04:00:00",1309.35,71.39
"2023-10-12 04:00:00",1313.65,71.63
"2023-10-13 04:00:00",1316.45,71.78
"2023-10-16 04:00:00",1322.2,72.09
"2023-10-17 04:00:00",1348.35,73.95
"2023-10-18 04:00:00",1356.35,73.95
"2023-10-19 04:00:00",1348.15,73.51
"2023-10-20 04:00:00",1362.65,74.3
"2023-10-23 04:00:00",1338.4,72.98
"2023-10-25 04:00:00",1314.15,71.65
"2023-10-26 04:00:00",1305.6,71.19
"2023-10-27 04:00:00",1302.9,71.04
"2023-10-30 04:00:00",1326.2,72.17
"2023-10-31 04:00:00",1367.85,74.44
"2023-11-01 04:00:00",1336.05,72.71
"2023-11-02 04:00:00",1343.5,73.12
"2023-11-03 04:00:00",1329.35,72.35
"2023-11-06 04:00:00",1331.85,72.48
"2023-11-07 04:00:00",1340.85,72.97
"2023-11-08 04:00:00",1345.5,73.22
"2023-11-09 04:00:00",1350.7,73.51
"2023-11-10 04:00:00",1355.4,73.76
"2023-11-12 04:00:00",1358.85,73.95
"2023-11-13 04:00:00",1328.35,72.29
"2023-11-15 04:00:00",1357.1,73.86
"2023-11-16 04:00:00",1359.95,74.01
"2023-11-17 04:00:00",1413.95,76.95
"2023-11-20 04:00:00",1385.3,75.39
"2023-11-21 04:00:00",1423.65,77.48
"2023-11-22 04:00:00",1430.1,77.83
"2023-11-23 04:00:00",1410.95,76.79
"2023-11-24 04:00:00",1409.7,76.72
"2023-11-28 04:00:00",1412.45,76.87
"2023-11-29 04:00:00",1407.85,76.62
"2023-11-30 04:00:00",1435.25,78.11
"2023-12-01 04:00:00",1423.65,77.48
"2023-12-04 04:00:00",1454,79.13
"2023-12-05 04:00:00",1460.95,79.51
"2023-12-06 04:00:00",1450.7,78.95
"2023-12-07 04:00:00",1455.75,79.22
"2023-12-08 04:00:00",1465.2,79.74
"2023-12-11 04:00:00",1460.6,79.49
"2023-12-12 04:00:00",1481.45,80.62
"2023-12-13 04:00:00",1466.8,79.83
"2023-12-14 04:00:00",1469.85,79.99
"2023-12-15 04:00:00",1452.5,79.05
"2023-12-18 04:00:00",1446.95,78.75
"2023-12-19 04:00:00",1424.55,77.53
"2023-12-20 04:00:00",1409.25,76.69
"2023-12-21 04:00:00",1403.75,76.39
"2023-12-22 04:00:00",1394.3,75.88
"2023-12-26 04:00:00",1395.3,75.94
"2023-12-27 04:00:00",1421.35,77.35
"2023-12-28 04:00:00",1435.3,78.11
"2023-12-29 04:00:00",1432.6,77.96
"2024-01-01 04:00:00",1432.1,77.94
"2024-01-02 04:00:00",1437.65,78.24
"2024-01-03 04:00:00",1422.7,77.43
"2024-01-04 04:00:00",1431.6,77.91
"2024-01-05 04:00:00",1454.15,79.14
"2024-01-08 04:00:00",1421.05,77.34
"2024-01-09 04:00:00",1449.35,78.88
"2024-01-10 04:00:00",1451.45,78.99
"2024-01-11 04:00:00",1427.8,77.7
"2024-01-12 04:00:00",1435.3,78.11
"2024-01-15 04:00:00",1430.05,77.83
"2024-01-16 04:00:00",1408.8,76.67
"2024-01-17 04:00:00",1421.15,77.34
"2024-01-18 04:00:00",1404.9,76.46
"2024-01-19 04:00:00",1440.6,78.4
"2024-01-20 04:00:00",1442.2,78.49
"2024-01-23 04:00:00",1375.5,74.86
"2024-01-24 04:00:00",1410.55,76.76
"2024-01-25 04:00:00",1380.9,75.15
"2024-01-29 04:00:00",1418.4,76.46
"2024-01-30 04:00:00",1399,75.42
"2024-01-31 04:00:00",1401.15,75.53
"2024-02-01 04:00:00",1432.75,77.23
"2024-02-02 04:00:00",1435.45,77.38
"2024-02-05 04:00:00",1419.85,76.54
"2024-02-06 04:00:00",1464,78.92
"2024-02-07 04:00:00",1469.45,79.21
"2024-02-08 04:00:00",1459.05,78.65
"2024-02-09 04:00:00",1439.7,77.61
"2024-02-12 04:00:00",1436,77.41
"2024-02-13 04:00:00",1467.6,79.11
"2024-02-14 04:00:00",1453.7,78.36
"2024-02-15 04:00:00",1453.35,78.34
"2024-02-16 04:00:00",1508.45,81.32
"2024-02-19 04:00:00",1488.85,80.26
"2024-02-20 04:00:00",1513.55,81.59
"2024-02-21 04:00:00",1501.7,80.95
"2024-02-22 04:00:00",1509.65,81.38
"2024-02-23 04:00:00",1529.15,82.43
"2024-02-26 04:00:00",1549.15,83.51
"2024-02-27 04:00:00",1542.7,83.16
"2024-02-28 04:00:00",1540.2,83.03
"2024-02-29 04:00:00",1552.55,83.69
"2024-03-01 04:00:00",1542.15,83.13
"2024-03-02 04:00:00",,83.38
"2024-03-04 04:00:00",1517.95,81.83
"2024-03-05 04:00:00",1491.25,80.39
"2024-03-06 04:00:00",1520.4,81.96
"2024-03-07 04:00:00",1510.4,81.42
"2024-03-11 04:00:00",1532.1,82.59
"2024-03-12 04:00:00",1516.4,81.74
"2024-03-13 04:00:00",1487.35,80.18
"2024-03-14 04:00:00",1505.85,81.18
"2024-03-15 04:00:00",1500,80.86
"2024-03-18 04:00:00",1489.7,80.3
"2024-03-19 04:00:00",1461.35,78.78
"2024-03-20 04:00:00",1458.4,78.62
"2024-03-21 04:00:00",1468.05,79.14
"2024-03-22 04:00:00",1501.1,80.92
"2024-03-26 04:00:00",1486.4,80.13
"2024-03-27 04:00:00",1479.55,79.76
"2024-03-28 04:00:00",1500.25,80.87
"2024-04-01 04:00:00",1489.95,80.32
"2024-04-02 04:00:00",1470.6,79.27
"2024-04-03 04:00:00",1460.8,78.75
"2024-04-04 04:00:00",1463.75,78.91
"2024-04-05 04:00:00",1485.3,80.07
"2024-04-08 04:00:00",1518.8,81.87
"2024-04-09 04:00:00",1510.55,81.43
"2024-04-10 04:00:00",1503.35,81.04
"2024-04-12 04:00:00",1493.15,80.49
"2024-04-15 04:00:00",1466.9,79.08
"2024-04-16 04:00:00",1462.75,78.85
"2024-04-18 04:00:00",1456.95,78.54
"2024-04-19 04:00:00",1447.55,78.03
"2024-04-22 04:00:00",1475.4,79.53
"2024-04-23 04:00:00",1469.85,79.23
"2024-04-24 04:00:00",1460.05,78.71
"2024-04-25 04:00:00",1444.45,77.87
"2024-04-26 04:00:00",1415.25,74.92
"2024-04-29 04:00:00",1422.35,75.3
"2024-04-30 04:00:00",1436.55,76.05
"2024-05-02 04:00:00",1460.9,77.34
"2024-05-03 04:00:00",1443.25,76.41
"2024-05-06 04:00:00",1440.6,76.27
"2024-05-07 04:00:00",1450.15,76.77
"2024-05-08 04:00:00",1426.75,75.53
"2024-05-09 04:00:00",1422.4,75.3
"2024-05-10 04:00:00",1431.95,75.81
"2024-05-13 04:00:00",1425.1,75.44
"2024-05-14 04:00:00",1432.85,75.86
"2024-05-15 04:00:00",1430.1,75.71
"2024-05-16 04:00:00",1452.2,76.88
"2024-05-17 04:00:00",1434.2,75.93
"2024-05-18 04:00:00",1439.85,76.23
"2024-05-21 04:00:00",1429.65,75.69
"2024-05-22 04:00:00",1427.4,75.57
"2024-05-23 04:00:00",1446.8,76.59
"2024-05-24 04:00:00",1436.25,76.04
"2024-05-27 04:00:00",1410.2,74.66
"2024-05-28 04:00:00",1450.75,76.8
"2024-05-29 04:00:00",1412.8,74.79
"2024-05-30 04:00:00",1380.05,73.06
"2024-05-31 04:00:00",1386.4,73.4
"2024-06-03 04:00:00",1391.5,73.67
"2024-06-04 04:00:00",1338.85,70.88
"2024-06-05 04:00:00",1390.1,73.59
"2024-06-06 04:00:00",1442.85,76.38
"2024-06-07 04:00:00",1425.85,75.48
"2024-06-10 04:00:00",1432.3,75.83
"2024-06-11 04:00:00",1428.05,75.6
"2024-06-12 04:00:00",1452.7,76.91
"2024-06-13 04:00:00",1449.9,76.76
"2024-06-14 04:00:00",1469.9,77.82
"2024-06-18 04:00:00",1473.55,78.01
"2024-06-19 04:00:00",1449.2,76.72
"2024-06-20 04:00:00",1455.5,77.05
"2024-06-21 04:00:00",1464.15,77.51
"2024-06-24 04:00:00",1452.75,76.91
"2024-06-25 04:00:00",1462,77.4
"2024-06-26 04:00:00",1450.9,76.81
"2024-06-27 04:00:00",1463.45,77.48
"2024-06-28 04:00:00",1491.95,78.98
"2024-07-01 04:00:00",1501.85,79.51
"2024-07-02 04:00:00",1494.9,79.14
"2024-07-03 04:00:00",1496.35,79.22
"2024-07-04 04:00:00",1507.75,79.82
"2024-07-05 04:00:00",1529.4,80.97
"2024-07-08 04:00:00",1514.95,80.2
"2024-07-09 04:00:00",1524.75,80.72
"2024-07-10 04:00:00",1558.8,82.52
"2024-07-11 04:00:00",1558.8,82.52
"2024-07-12 04:00:00",1562.85,82.74
"2024-07-15 04:00:00",1613.45,85.42
"2024-07-16 04:00:00",1621.35,85.83
"2024-07-18 04:00:00",1659.8,87.87
"2024-07-19 04:00:00",1647.7,87.23
"2024-07-22 04:00:00",1621.15,85.82
"2024-07-23 04:00:00",1594.85,84.43
"2024-07-24 04:00:00",1632.95,86.45
"2024-07-25 04:00:00",1695.4,89.75
"2024-07-26 04:00:00",1750.95,86.38
"2024-07-29 04:00:00",1746.7,86.17
"2024-07-30 04:00:00",1721.05,84.9
"2024-07-31 04:00:00",1753.65,86.51
"2024-08-01 04:00:00",1767.25,87.18
"2024-08-02 04:00:00",1744.9,86.08
"2024-08-05 04:00:00",1722.2,84.96
"2024-08-06 04:00:00",1674.5,82.61
"2024-08-07 04:00:00",1685.7,83.16
"2024-08-08 04:00:00",1706.3,84.18
"2024-08-09 04:00:00",1725.1,85.1
"2024-08-12 04:00:00",1705,84.11
"2024-08-13 04:00:00",1682.4,83
"2024-08-14 04:00:00",1692.1,83.48
"2024-08-16 04:00:00",1688.9,83.32
"2024-08-19 04:00:00",1671.55,82.46
"2024-08-20 04:00:00",1761.3,86.89
"2024-08-21 04:00:00",1800.6,88.83
"2024-08-22 04:00:00",1795.25,88.56
"2024-08-23 04:00:00",1789.3,88.27
"2024-08-26 04:00:00",1796.25,88.61
"2024-08-27 04:00:00",1838.95,90.72
"2024-08-28 04:00:00",1843.7,90.95
"2024-08-29 04:00:00",1843.7,90.95
"2024-08-30 04:00:00",1850.3,91.28
"2024-09-02 04:00:00",1888.75,93.18
"2024-09-03 04:00:00",1928.65,95.15
"2024-09-04 04:00:00",1912.2,94.33
"2024-09-05 04:00:00",1907.85,94.12
"2024-09-06 04:00:00",1896.3,93.55
"2024-09-09 04:00:00",1901.75,93.82
"2024-09-10 04:00:00",1853.45,91.44
"2024-09-11 04:00:00",1859.15,91.72
"2024-09-12 04:00:00",1875.95,92.55
"2024-09-13 04:00:00",1846.5,91.09
"2024-09-16 04:00:00",1821.25,89.85
"2024-09-17 04:00:00",1819.15,89.74
"2024-09-18 04:00:00",1842.45,90.89
"2024-09-19 04:00:00",1840.95,90.82
"2024-09-20 04:00:00",1870.25,92.26
"2024-09-23 04:00:00",1920.15,94.73
"2024-09-24 04:00:00",1864.35,91.97
"2024-09-25 04:00:00",1863.6,91.94
"2024-09-26 04:00:00",1898.3,93.65
"2024-09-27 04:00:00",1882.65,92.88
"2024-09-30 04:00:00",1844,90.97
"2024-10-01 04:00:00",1834.2,90.49
"2024-10-03 04:00:00",1805.55,89.07
"2024-10-04 04:00:00",1798.1,88.71
"2024-10-07 04:00:00",1787.95,88.2
"2024-10-08 04:00:00",1728.05,85.25
"2024-10-09 04:00:00",1737.4,85.71
"2024-10-10 04:00:00",1734.5,85.57
"2024-10-11 04:00:00",1735.05,85.59
"2024-10-14 04:00:00",1738.3,85.75
"2024-10-15 04:00:00",1723.75,85.04
"2024-10-16 04:00:00",1733.75,85.53
"2024-10-17 04:00:00",1702,83.96
"2024-10-18 04:00:00",1706.05,84.16
"2024-10-21 04:00:00",1711.85,84.45
"2024-10-22 04:00:00",1698.15,83.77
"2024-10-23 04:00:00",1716,84.65
"2024-10-24 04:00:00",1635.3,75.16
"2024-10-25 04:00:00",1616.75,74.3
"2024-10-28 04:00:00",1605.9,73.8
"2024-10-29 04:00:00",1661.35,76.35
"2024-10-30 04:00:00",1624.15,74.64
"2024-10-31 04:00:00",1622.15,74.55
"2024-11-01 04:00:00",1628.85,74.86
"2024-11-04 04:00:00",1608.8,73.94
"2024-11-05 04:00:00",1633.2,75.06
"2024-11-06 04:00:00",1603.95,73.71
"2024-11-07 04:00:00",1589.85,73.07
"2024-11-08 04:00:00",1569.95,72.15
"2024-11-11 04:00:00",1566,71.97
"2024-11-12 04:00:00",1562.45,71.81
"2024-11-13 04:00:00",1546.7,71.08
"2024-11-14 04:00:00",1562.3,71.8
"2024-11-18 04:00:00",1562.6,71.81
"2024-11-19 04:00:00",1522.9,69.99
"2024-11-21 04:00:00",1477.95,67.92
"2024-11-22 04:00:00",1485.15,68.25
"2024-11-25 04:00:00",1495.2,68.72
"2024-11-26 04:00:00",1506.75,69.25
"2024-11-27 04:00:00",1505.4,69.19
"2024-11-28 04:00:00",1428.6,65.66
"2024-11-29 04:00:00",1437.75,66.08
"2024-12-02 04:00:00",1422.05,65.35
"2024-12-03 04:00:00",1440.95,66.22
"2024-12-04 04:00:00",1452.6,66.76
"2024-12-05 04:00:00",1431.85,65.8
"2024-12-06 04:00:00",1448.55,66.57
"2024-12-09 04:00:00",1469.3,67.53
"2024-12-10 04:00:00",1461.85,67.18
"2024-12-11 04:00:00",1456.15,66.92
"2024-12-12 04:00:00",1432.5,65.83
"2024-12-13 04:00:00",1428.8,65.66
"2024-12-16 04:00:00",1421.65,65.34
"2024-12-17 04:00:00",1409.7,64.79
"2024-12-18 04:00:00",1398,64.25
"2024-12-19 04:00:00",1405.9,64.61
"2024-12-20 04:00:00",1400.6,64.37
"2024-12-23 04:00:00",1405.3,64.58
"2024-12-24 04:00:00",1387,63.74
"2024-12-26 04:00:00",1409.05,64.76
"2024-12-27 04:00:00",1405.3,64.58
"2024-12-30 04:00:00",1403.85,64.52
"2024-12-31 04:00:00",1390.4,63.9
"2025-01-01 04:00:00",1400.4,64.36
"2025-01-02 04:00:00",1422.25,65.36
"2025-01-03 04:00:00",1447.7,66.53
"2025-01-06 04:00:00",1434.65,65.93
"2025-01-07 04:00:00",1477.75,67.91
"2025-01-08 04:00:00",1463.15,67.24
"2025-01-09 04:00:00",1468.45,67.49
"2025-01-10 04:00:00",1478.3,67.94
"2025-01-13 04:00:00",1467.4,67.44
"2025-01-14 04:00:00",1499.25,68.9
"2025-01-15 04:00:00",1472.75,67.68
"2025-01-16 04:00:00",1513.6,69.56
"2025-01-17 04:00:00",1540.5,64.07
"2025-01-20 04:00:00",1499.7,62.37
"2025-01-21 04:00:00",1466.55,60.99
"2025-01-22 04:00:00",1460.05,60.72
"2025-01-23 04:00:00",1449.85,60.3
"2025-01-24 04:00:00",1440.4,59.91
"2025-01-27 04:00:00",1424.4,59.24
"2025-01-28 04:00:00",1419.5,59.04
"2025-01-29 04:00:00",1460.9,60.76
"2025-01-30 04:00:00",1472.9,61.26
"2025-01-31 04:00:00",1483.6,61.7
"2025-02-01 04:00:00",1454.35,60.49
"2025-02-03 04:00:00",1459.95,60.72
"2025-02-04 04:00:00",1472.4,61.24
"2025-02-05 04:00:00",1469.15,61.1
"2025-02-06 04:00:00",1465.1,60.93
"2025-02-07 04:00:00",1470.95,61.18
"2025-02-10 04:00:00",1448.2,60.23
"2025-02-11 04:00:00",1419,59.02
"2025-02-12 04:00:00",1452.15,60.4
"2025-02-13 04:00:00",1470.5,61.16
"2025-02-14 04:00:00",1465.45,60.95
"2025-02-17 04:00:00",1476.2,61.4
"2025-02-18 04:00:00",1475.35,61.36
"2025-02-19 04:00:00",1475.6,61.37
"2025-02-20 04:00:00",1469.8,61.13
"2025-02-21 04:00:00",1495.4,62.19
"2025-02-24 04:00:00",1486.5,61.82
"2025-02-25 04:00:00",1471.75,61.21
"2025-02-27 04:00:00",1469.75,61.13
"2025-02-28 04:00:00",1430.5,59.5
"2025-03-03 04:00:00",1408.5,58.58
"2025-03-04 04:00:00",1393.1,57.94
"2025-03-05 04:00:00",1420.7,59.09
"2025-03-06 04:00:00",1421.3,59.11
"2025-03-07 04:00:00",1411.6,58.71
"2025-03-10 04:00:00",1419.45,59.04
"2025-03-11 04:00:00",1417.25,58.94
"2025-03-12 04:00:00",1409,58.6
"2025-03-13 04:00:00",1385.55,57.63
"2025-03-17 04:00:00",1434.25,59.65
"2025-03-18 04:00:00",1457.5,60.62
"2025-03-19 04:00:00",1484.9,61.76
"2025-03-20 04:00:00",1498.35,62.32
"2025-03-21 04:00:00",1546.4,64.32
"2025-03-24 04:00:00",1569.8,65.29
"2025-03-25 04:00:00",1557.2,64.76
"2025-03-26 04:00:00",1541.3,64.1
"2025-03-27 04:00:00",1544.9,64.25
"2025-03-28 04:00:00",1547.85,64.38
"2025-04-01 04:00:00",1545.25,64.27
"2025-04-02 04:00:00",1559.85,64.88
"2025-04-03 04:00:00",1542.25,64.14
"2025-04-04 04:00:00",1512.6,62.91
"2025-04-07 04:00:00",1460.8,60.76
"2025-04-08 04:00:00",1488,61.89
"2025-04-09 04:00:00",1481.65,61.62
"2025-04-11 04:00:00",1521.9,63.3
"2025-04-15 04:00:00",1562.6,64.99
"2025-04-16 04:00:00",1565.4,65.11
"2025-04-17 04:00:00",1608.2,66.89
"2025-04-21 04:00:00",1628.5,67.73
"2025-04-22 04:00:00",1619,67.34
"2025-04-23 04:00:00",1615.5,67.19
"2025-04-24 04:00:00",1608.2,66.81
"2025-04-25 04:00:00",1695.1,70.42
"2025-04-28 04:00:00",1736.1,72.12
"2025-04-29 04:00:00",1730.1,71.88
"2025-04-30 04:00:00",1765.8,73.36
"2025-05-02 04:00:00",1764.7,73.31
"2025-05-05 04:00:00",1769.9,73.53
"2025-05-06 04:00:00",1726,71.7
"2025-05-07 04:00:00",1744.5,72.47
"2025-05-08 04:00:00",1731.5,71.93
"2025-05-09 04:00:00",1699.8,70.62
"2025-05-12 04:00:00",1751.5,72.76
"2025-05-13 04:00:00",1740,72.29
"2025-05-14 04:00:00",1755.2,72.92
"2025-05-15 04:00:00",1784.6,74.14
"2025-05-16 04:00:00",1773.4,73.67
"2025-05-19 04:00:00",1770,73.53
"2025-05-20 04:00:00",1757.8,73.03
"2025-05-21 04:00:00",1763.9,73.28
"2025-05-22 04:00:00",1759.3,73.09
"2025-05-23 04:00:00",1798.7,74.73
"2025-05-26 04:00:00",1801.6,74.85
"2025-05-27 04:00:00",1803.3,74.92
"2025-05-28 04:00:00",1807.4,75.09
"2025-05-29 04:00:00",1825,75.82
"2025-05-30 04:00:00",1812.2,75.29
"2025-06-02 04:00:00",1802.5,74.88
"2025-06-03 04:00:00",1775.3,73.75
"2025-06-04 04:00:00",1775.9,73.78
"2025-06-05 04:00:00",1774.8,73.73
"2025-06-06 04:00:00",1780.6,73.97
"2025-06-09 04:00:00",1790.8,74.4
"2025-06-10 04:00:00",1785.5,74.18
"2025-06-11 04:00:00",1799.3,74.75
"2025-06-12 04:00:00",1766,73.37
"2025-06-13 04:00:00",1755.2,72.92
"2025-06-16 04:00:00",1797.8,74.69
"2025-06-17 04:00:00",1800.2,74.79
"2025-06-18 04:00:00",1797.2,74.66
"2025-06-19 04:00:00",1789.4,74.34
"2025-06-20 04:00:00",1810.9,75.23
"2025-06-23 04:00:00",1818.6,75.55
"2025-06-24 04:00:00",1843,76.57
"2025-06-25 04:00:00",1842.7,76.55
"2025-06-26 04:00:00",1860.8,77.31
"2025-06-27 04:00:00",1850.6,76.88
"2025-06-30 04:00:00",1838.3,76.37
"2025-07-01 04:00:00",1862.5,77.38
"2025-07-02 04:00:00",1856.8,77.14
"2025-07-03 04:00:00",1810.2,75.2
"2025-07-04 04:00:00",1799.7,74.77
"2025-07-07 04:00:00",1808.3,75.12
"2025-07-08 04:00:00",1816.9,75.48
"2025-07-09 04:00:00",1814.9,75.4
"2025-07-10 04:00:00",1810.2,75.2
"2025-07-11 04:00:00",1835.2,76.24
"2025-07-14 04:00:00",1851.3,76.91
"2025-07-15 04:00:00",1824.8,75.81
"2025-07-16 04:00:00",1829.1,75.99
"2025-07-17 04:00:00",1802.8,74.9
"2025-07-18 04:00:00",1788.4,74.3
"2025-07-21 04:00:00",1804.7,74.97
"2025-07-22 04:00:00",1809,75.15
"2025-07-23 04:00:00",1809.5,75.17
"2025-07-24 04:00:00",1793.6,72.27
"2025-07-25 04:00:00",1832.1,73.82
"2025-07-28 04:00:00",1850.5,74.56
"2025-07-29 04:00:00",1833.4,73.88
"2025-07-30 04:00:00",1839.1,74.11
"2025-07-31 04:00:00",1840.7,74.17
"2025-08-01 04:00:00",1796.2,72.38
"2025-08-04 04:00:00",1831.5,73.8
"2025-08-05 04:00:00",1857,74.83
"2025-08-06 04:00:00",1854.3,74.72
"2025-08-07 04:00:00",1861.1,74.99
"2025-08-08 04:00:00",1833.6,73.88
"2025-08-11 04:00:00",1851,74.58
"2025-08-12 04:00:00",1838,74.06
"2025-08-13 04:00:00",1840.3,74.15
"2025-08-14 04:00:00",1840.6,74.17
"2025-08-18 04:00:00",1863,75.07
"2025-08-19 04:00:00",1854.1,74.71
"2025-08-20 04:00:00",1858.5,74.89
"2025-08-21 04:00:00",1877.3,75.64
"2025-08-22 04:00:00",1859,74.91
"2025-08-25 04:00:00",1846.8,74.42
"2025-08-26 04:00:00",1816.6,73.2
"2025-08-28 04:00:00",1816.8,73.21
"2025-08-29 04:00:00",1805.5,72.75
"2025-09-01 04:00:00",1809.8,72.92
"2025-09-02 04:00:00",1814.5,73.11
"2025-09-03 04:00:00",1810.7,72.96
"2025-09-04 04:00:00",1791.1,72.17
"2025-09-05 04:00:00",1805.3,72.74
"2025-09-08 04:00:00",1780.9,71.76
"2025-09-09 04:00:00",1805.7,72.76
"2025-09-10 04:00:00",1833.7,73.89
"2025-09-11 04:00:00",1814.2,73.1
"2025-09-12 04:00:00",1830.2,73.75
"2025-09-15 04:00:00",1822.2,73.42
"2025-09-16 04:00:00",1818.8,73.29
"2025-09-17 04:00:00",1804,72.69
"2025-09-18 04:00:00",1821.8,73.41
"2025-09-19 04:00:00",1841.7,74.21
"2025-09-22 04:00:00",1857.7,74.85
"2025-09-23 04:00:00",1819.4,73.31
"2025-09-24 04:00:00",1817.1,73.22
"2025-09-25 04:00:00",1809.8,72.92
"2025-09-26 04:00:00",1798.8,72.48
"2025-09-29 04:00:00",1788.7,72.07
"2025-09-30 04:00:00",1790.6,72.15
"2025-10-01 04:00:00",1801.1,72.57
"2025-10-03 04:00:00",1785.1,71.93
"2025-10-06 04:00:00",1770.9,71.36
"2025-10-07 04:00:00",1784.1,71.89
"2025-10-08 04:00:00",1772.9,71.44
"2025-10-09 04:00:00",1809.8,72.92
"2025-10-10 04:00:00",1810.4,72.95
"2025-10-13 04:00:00",1815.3,73.15
"2025-10-14 04:00:00",1816.2,73.18
"2025-10-15 04:00:00",1840.6,74.17
"2025-10-16 04:00:00",1835.7,73.97
"2025-10-17 04:00:00",1844.1,74.31
"2025-10-20 04:00:00",1839.7,74.13
"2025-10-21 04:00:00",1841,74.18
"2025-10-23 04:00:00",1852.7,74.65
"2025-10-24 04:00:00",1839.8,75.19
"2025-10-27 04:00:00",1903.1,77.77
"2025-10-28 04:00:00",1936.8,79.15
"2025-10-29 04:00:00",1970.4,80.52
"2025-10-30 04:00:00",1968.4,80.44
"2025-10-31 04:00:00",1955.7,79.92
"2025-11-03 04:00:00",1969.6,80.49
"2025-11-04 04:00:00",1971.5,80.57
"2025-11-06 04:00:00",1970.8,80.54
"2025-11-07 04:00:00",1998.9,81.69
"2025-11-10 04:00:00",1989.3,81.3
"2025-11-11 04:00:00",1997.3,81.62
"2025-11-12 04:00:00",1999.9