"DateTime","HDFCLIFE","HDFCLIFE - PB"
"2017-11-16 04:00:00",,19.32
"2017-11-17 04:00:00",344.6,19.32
"2017-11-20 04:00:00",355.35,21.73
"2017-11-21 04:00:00",385.3,22.13
"2017-11-22 04:00:00",395.2,21.09
"2017-11-23 04:00:00",374.85,20.81
"2017-11-24 04:00:00",370.7,20.81
"2017-11-27 04:00:00",380.35,21.46
"2017-11-28 04:00:00",382.2,21.33
"2017-11-29 04:00:00",377.8,20.89
"2017-11-30 04:00:00",371.5,20.95
"2017-12-01 04:00:00",372.75,20.95
"2017-12-04 04:00:00",362.8,20.34
"2017-12-05 04:00:00",362.35,20.79
"2017-12-06 04:00:00",368.35,21.78
"2017-12-07 04:00:00",388.3,21.79
"2017-12-08 04:00:00",389.3,21.79
"2017-12-11 04:00:00",380.8,21.7
"2017-12-12 04:00:00",383.8,21.34
"2017-12-13 04:00:00",380.8,21.62
"2017-12-14 04:00:00",384.3,21.41
"2017-12-15 04:00:00",381.4,21.41
"2017-12-18 04:00:00",377.45,21.11
"2017-12-19 04:00:00",374.9,21.2
"2017-12-20 04:00:00",375.15,21.06
"2017-12-21 04:00:00",376.05,21.02
"2017-12-22 04:00:00",374.55,21.02
"2017-12-26 04:00:00",376.55,21.06
"2017-12-27 04:00:00",374.85,21.29
"2017-12-28 04:00:00",377.95,21.62
"2017-12-29 04:00:00",386,21.62
"2018-01-01 04:00:00",389.65,22.28
"2018-01-02 04:00:00",395.5,21.66
"2018-01-03 04:00:00",385.65,22.44
"2018-01-04 04:00:00",399,22.84
"2018-01-05 04:00:00",407,22.84
"2018-01-08 04:00:00",422.1,24.47
"2018-01-09 04:00:00",435.5,24.1
"2018-01-10 04:00:00",429.25,25.14
"2018-01-11 04:00:00",446.7,25.51
"2018-01-12 04:00:00",455.95,25.51
"2018-01-15 04:00:00",474.85,27.28
"2018-01-16 04:00:00",482.65,26.94
"2018-01-17 04:00:00",478.4,27.45
"2018-01-18 04:00:00",485.05,27.02
"2018-01-19 04:00:00",481.5,27.02
"2018-01-22 04:00:00",470.2,25.63
"2018-01-23 04:00:00",458.55,25.53
"2018-01-24 04:00:00",455.25,25.13
"2018-01-25 04:00:00",448.5,25.13
"2018-01-29 04:00:00",445.35,23.49
"2018-01-30 04:00:00",421.85,23.97
"2018-01-31 04:00:00",427,25.22
"2018-02-01 04:00:00",448.25,24.91
"2018-02-02 04:00:00",442.4,24.91
"2018-02-05 04:00:00",441.7,24.65
"2018-02-06 04:00:00",438.8,24.33
"2018-02-07 04:00:00",433.45,24.8
"2018-02-08 04:00:00",441.5,24.6
"2018-02-09 04:00:00",439.55,24.6
"2018-02-12 04:00:00",441.75,24.61
"2018-02-14 04:00:00",431.9,24.31
"2018-02-15 04:00:00",432,24.21
"2018-02-16 04:00:00",431.45,24.21
"2018-02-19 04:00:00",435.9,24.48
"2018-02-20 04:00:00",434.5,25.28
"2018-02-21 04:00:00",449.6,25.22
"2018-02-22 04:00:00",450.8,26.4
"2018-02-23 04:00:00",468.85,26.4
"2018-02-26 04:00:00",468.3,26.4
"2018-02-27 04:00:00",469,25.89
"2018-02-28 04:00:00",461.2,25.31
"2018-03-01 04:00:00",450.95,25.31
"2018-03-05 04:00:00",452.9,25.05
"2018-03-06 04:00:00",447.35,24.51
"2018-03-07 04:00:00",437.55,24.15
"2018-03-08 04:00:00",430.55,23.84
"2018-03-09 04:00:00",425.55,23.84
"2018-03-12 04:00:00",430.4,24.94
"2018-03-13 04:00:00",441.95,24.99
"2018-03-14 04:00:00",445.25,25.22
"2018-03-15 04:00:00",448.6,24.86
"2018-03-16 04:00:00",443.3,24.86
"2018-03-19 04:00:00",425.9,23.76
"2018-03-20 04:00:00",422.85,23.76
"2018-03-21 04:00:00",422.5,23.94
"2018-03-22 04:00:00",427.5,23.98
"2018-03-23 04:00:00",429.15,23.98
"2018-03-26 04:00:00",437.55,25.23
"2018-03-27 04:00:00",448.65,25.45
"2018-03-28 04:00:00",454.45,25.45
"2018-04-02 04:00:00",482.65,27.68
"2018-04-03 04:00:00",493.6,27.94
"2018-04-04 04:00:00",495.85,27.97
"2018-04-05 04:00:00",497.95,27.88
"2018-04-06 04:00:00",496.35,27.88
"2018-04-09 04:00:00",492,28.35
"2018-04-10 04:00:00",503.55,27.97
"2018-04-11 04:00:00",499.75,28.01
"2018-04-12 04:00:00",499.6,28.03
"2018-04-13 04:00:00",499.8,28.03
"2018-04-16 04:00:00",494.75,27.65
"2018-04-17 04:00:00",491.3,27.59
"2018-04-18 04:00:00",493.15,22.75
"2018-04-19 04:00:00",503.5,22.45
"2018-04-20 04:00:00",495.65,22.45
"2018-04-23 04:00:00",493.6,22.57
"2018-04-24 04:00:00",499.55,23.2
"2018-04-25 04:00:00",510.6,24.26
"2018-04-26 04:00:00",533.05,23.52
"2018-04-27 04:00:00",519.15,23.52
"2018-04-30 04:00:00",518.05,23.57
"2018-05-02 04:00:00",509.95,22.53
"2018-05-03 04:00:00",496,22.57
"2018-05-04 04:00:00",500.35,22.57
"2018-05-07 04:00:00",499.9,23.27
"2018-05-08 04:00:00",509.95,23.35
"2018-05-09 04:00:00",514.75,23.6
"2018-05-10 04:00:00",517.65,23.79
"2018-05-11 04:00:00",523.3,23.79
"2018-05-14 04:00:00",540,23.06
"2018-05-15 04:00:00",506.5,22.58
"2018-05-16 04:00:00",497.55,22.37
"2018-05-17 04:00:00",494.3,22.5
"2018-05-18 04:00:00",493.95,22.5
"2018-05-21 04:00:00",489.65,21.83
"2018-05-22 04:00:00",481.6,21.63
"2018-05-23 04:00:00",476.35,21.61
"2018-05-24 04:00:00",475.05,21.86
"2018-05-25 04:00:00",481.5,21.86
"2018-05-28 04:00:00",491.25,22.48
"2018-05-29 04:00:00",494.25,22.89
"2018-05-30 04:00:00",501.2,22.16
"2018-05-31 04:00:00",491.15,22.25
"2018-06-01 04:00:00",488.85,22.25
"2018-06-04 04:00:00",473.85,21.04
"2018-06-05 04:00:00",464.35,21.27
"2018-06-06 04:00:00",467.2,21.39
"2018-06-07 04:00:00",470.55,21.43
"2018-06-08 04:00:00",472.15,21.43
"2018-06-11 04:00:00",485.85,22.89
"2018-06-12 04:00:00",503.2,22.28
"2018-06-13 04:00:00",491.25,21.93
"2018-06-14 04:00:00",481.5,21.27
"2018-06-15 04:00:00",469.75,21.27
"2018-06-18 04:00:00",479.2,21.57
"2018-06-19 04:00:00",474.75,21.56
"2018-06-20 04:00:00",473.4,21.48
"2018-06-21 04:00:00",472.4,21.39
"2018-06-22 04:00:00",471.4,21.39
"2018-06-25 04:00:00",467.2,21.21
"2018-06-26 04:00:00",467.8,21.33
"2018-06-27 04:00:00",468.7,20.89
"2018-06-28 04:00:00",460.75,20.67
"2018-06-29 04:00:00",456.15,20.67
"2018-07-02 04:00:00",458.35,20.8
"2018-07-03 04:00:00",,20.88
"2018-07-04 04:00:00",460,20.95
"2018-07-05 04:00:00",461.75,21.37
"2018-07-06 04:00:00",468.7,21.37
"2018-07-09 04:00:00",474.6,21.56
"2018-07-10 04:00:00",475.7,21.29
"2018-07-11 04:00:00",468.9,21.73
"2018-07-12 04:00:00",479.1,21.44
"2018-07-13 04:00:00",471.55,21.44
"2018-07-16 04:00:00",459.85,21.02
"2018-07-17 04:00:00",464.5,21.44
"2018-07-18 04:00:00",473.9,21.42
"2018-07-19 04:00:00",471,22.3
"2018-07-20 04:00:00",489.6,22.3
"2018-07-23 04:00:00",482.95,21.83
"2018-07-24 04:00:00",480.15,22.48
"2018-07-25 04:00:00",494.35,22.21
"2018-07-26 04:00:00",489.4,23.06
"2018-07-27 04:00:00",508.4,23.06
"2018-07-30 04:00:00",495.2,22.84
"2018-07-31 04:00:00",502.7,22.84
"2018-08-01 04:00:00",495.75,22.33
"2018-08-02 04:00:00",493.1,22.16
"2018-08-03 04:00:00",486.4,22.16
"2018-08-06 04:00:00",485.4,21.67
"2018-08-07 04:00:00",478.1,21.25
"2018-08-08 04:00:00",468,21.14
"2018-08-09 04:00:00",465.95,21.12
"2018-08-10 04:00:00",464.9,21.12
"2018-08-13 04:00:00",464.1,21.24
"2018-08-14 04:00:00",468.1,21.24
"2018-08-16 04:00:00",461.2,20.9
"2018-08-17 04:00:00",461.3,20.9
"2018-08-20 04:00:00",462.45,20.98
"2018-08-21 04:00:00",462.3,20.98
"2018-08-23 04:00:00",467.2,20.98
"2018-08-24 04:00:00",462.15,20.98
"2018-08-27 04:00:00",460.8,20.92
"2018-08-28 04:00:00",461.45,21.29
"2018-08-29 04:00:00",466.25,21.15
"2018-08-30 04:00:00",466.65,20.95
"2018-08-31 04:00:00",461.75,20.95
"2018-09-03 04:00:00",460.15,20.6
"2018-09-04 04:00:00",452.9,20.98
"2018-09-05 04:00:00",455.4,20.57
"2018-09-06 04:00:00",453.8,20.63
"2018-09-07 04:00:00",451.35,20.63
"2018-09-10 04:00:00",450.1,20.2
"2018-09-11 04:00:00",445.95,19.71
"2018-09-12 04:00:00",436.6,19.71
"2018-09-14 04:00:00",425.55,19.37
"2018-09-17 04:00:00",412.95,18.6
"2018-09-18 04:00:00",410.65,18.19
"2018-09-19 04:00:00",400.1,18.19
"2018-09-21 04:00:00",388.25,17.66
"2018-09-24 04:00:00",369.1,17.79
"2018-09-25 04:00:00",390,18.37
"2018-09-26 04:00:00",403.6,18.68
"2018-09-27 04:00:00",404.05,17.78
"2018-09-28 04:00:00",391.6,17.78
"2018-10-01 04:00:00",388.35,17.53
"2018-10-03 04:00:00",379.65,16.88
"2018-10-04 04:00:00",372.3,16.66
"2018-10-05 04:00:00",366.9,16.66
"2018-10-08 04:00:00",369.15,16.38
"2018-10-09 04:00:00",361.35,16.82
"2018-10-10 04:00:00",369.75,16.57
"2018-10-11 04:00:00",365.75,16.98
"2018-10-12 04:00:00",373.25,16.98
"2018-10-15 04:00:00",368.85,17.17
"2018-10-16 04:00:00",376.25,16.96
"2018-10-17 04:00:00",371.4,16.96
"2018-10-19 04:00:00",369.7,16.8
"2018-10-22 04:00:00",365.7,16.35
"2018-10-23 04:00:00",359.95,16.52
"2018-10-24 04:00:00",364.75,16.36
"2018-10-25 04:00:00",359.85,16.44
"2018-10-26 04:00:00",359.8,16.44
"2018-10-29 04:00:00",366.2,16.8
"2018-10-30 04:00:00",369.8,16.98
"2018-10-31 04:00:00",372.3,16.98
"2018-11-01 04:00:00",372.5,17.59
"2018-11-02 04:00:00",386.6,17.59
"2018-11-05 04:00:00",399.15,17.92
"2018-11-06 04:00:00",397.65,18.29
"2018-11-07 04:00:00",403.6,18.29
"2018-11-09 04:00:00",401.35,18.12
"2018-11-12 04:00:00",397.75,18.16
"2018-11-13 04:00:00",398.55,18.22
"2018-11-14 04:00:00",401.45,18.05
"2018-11-15 04:00:00",397.8,17.8
"2018-11-16 04:00:00",393.4,17.8
"2018-11-19 04:00:00",384,17.5
"2018-11-20 04:00:00",387.05,17.73
"2018-11-21 04:00:00",390.2,17.89
"2018-11-22 04:00:00",393.3,17.89
"2018-11-26 04:00:00",396.15,17.87
"2018-11-27 04:00:00",392.95,17.83
"2018-11-28 04:00:00",394.75,17.87
"2018-11-29 04:00:00",392.7,18.02
"2018-11-30 04:00:00",396.7,18.02
"2018-12-03 04:00:00",398.65,18.04
"2018-12-04 04:00:00",398.7,17.96
"2018-12-05 04:00:00",396.6,18.03
"2018-12-06 04:00:00",396.45,17.77
"2018-12-07 04:00:00",392.55,17.77
"2018-12-10 04:00:00",385.3,17.44
"2018-12-11 04:00:00",384.75,17.85
"2018-12-12 04:00:00",393.3,17.57
"2018-12-13 04:00:00",387.2,17.89
"2018-12-14 04:00:00",394.1,17.89
"2018-12-17 04:00:00",393.2,17.78
"2018-12-18 04:00:00",392.5,17.58
"2018-12-19 04:00:00",387.55,17.57
"2018-12-20 04:00:00",387.2,17.49
"2018-12-21 04:00:00",385.2,17.49
"2018-12-24 04:00:00",385.1,17.48
"2018-12-26 04:00:00",384.8,17.71
"2018-12-27 04:00:00",390.6,17.53
"2018-12-28 04:00:00",387.35,17.53
"2018-12-31 04:00:00",387.15,17.56
"2019-01-01 04:00:00",386.4,17.78
"2019-01-02 04:00:00",391.15,17.75
"2019-01-03 04:00:00",391.3,17.91
"2019-01-04 04:00:00",393.5,17.91
"2019-01-07 04:00:00",393.05,17.89
"2019-01-08 04:00:00",394.7,17.92
"2019-01-09 04:00:00",396,18.43
"2019-01-10 04:00:00",406.7,18.44
"2019-01-11 04:00:00",406.6,18.44
"2019-01-14 04:00:00",392.05,17.49
"2019-01-15 04:00:00",387.5,17.6
"2019-01-16 04:00:00",387.5,17.8
"2019-01-17 04:00:00",390.85,17.45
"2019-01-18 04:00:00",383.7,17.45
"2019-01-21 04:00:00",383.85,17.43
"2019-01-22 04:00:00",383.85,16.89
"2019-01-23 04:00:00",373.35,16.43
"2019-01-24 04:00:00",361.2,16.35
"2019-01-25 04:00:00",359.4,16.35
"2019-01-28 04:00:00",367.3,16.4
"2019-01-29 04:00:00",360.3,16.82
"2019-01-30 04:00:00",370.4,16.89
"2019-01-31 04:00:00",371.6,16.89
"2019-02-01 04:00:00",375.45,17.04
"2019-02-04 04:00:00",376.2,17.12
"2019-02-05 04:00:00",376.25,16.8
"2019-02-06 04:00:00",369.6,16.73
"2019-02-07 04:00:00",368.4,16.57
"2019-02-08 04:00:00",365.05,16.57
"2019-02-11 04:00:00",356.6,16.12
"2019-02-12 04:00:00",353.35,16.31
"2019-02-13 04:00:00",359.25,16.42
"2019-02-14 04:00:00",359.5,16.39
"2019-02-15 04:00:00",358.5,16.39
"2019-02-18 04:00:00",350.6,15.76
"2019-02-19 04:00:00",346.8,15.72
"2019-02-20 04:00:00",346.3,16.24
"2019-02-21 04:00:00",356.85,16.45
"2019-02-22 04:00:00",362.5,16.45
"2019-02-25 04:00:00",354.6,16.1
"2019-02-26 04:00:00",353.7,16.05
"2019-02-27 04:00:00",350.05,15.88
"2019-02-28 04:00:00",352.25,15.96
"2019-03-01 04:00:00",362.95,16.47
"2019-03-05 04:00:00",376.3,17.09
"2019-03-06 04:00:00",390.05,17.74
"2019-03-07 04:00:00",391.1,17.73
"2019-03-08 04:00:00",391.7,17.76
"2019-03-11 04:00:00",390.5,17.71
"2019-03-12 04:00:00",371.55,16.82
"2019-03-13 04:00:00",366.15,16.61
"2019-03-14 04:00:00",366.6,16.63
"2019-03-15 04:00:00",370.1,16.84
"2019-03-18 04:00:00",367.45,16.69
"2019-03-19 04:00:00",364.15,16.48
"2019-03-20 04:00:00",363.95,16.5
"2019-03-22 04:00:00",363.05,16.47
"2019-03-25 04:00:00",359.25,16.31
"2019-03-26 04:00:00",369.55,16.74
"2019-03-27 04:00:00",371.7,16.85
"2019-03-28 04:00:00",371.55,16.81
"2019-03-29 04:00:00",378.5,17.16
"2019-04-01 04:00:00",383.85,17.38
"2019-04-02 04:00:00",380.25,17.26
"2019-04-03 04:00:00",384.65,17.46
"2019-04-04 04:00:00",378.3,17.23
"2019-04-05 04:00:00",386.2,17.55
"2019-04-08 04:00:00",385.4,17.55
"2019-04-09 04:00:00",381.75,17.3
"2019-04-10 04:00:00",377.05,17.15
"2019-04-11 04:00:00",394.1,17.92
"2019-04-12 04:00:00",405.35,18.4
"2019-04-15 04:00:00",405.45,18.38
"2019-04-16 04:00:00",408.55,18.48
"2019-04-18 04:00:00",406.35,18.45
"2019-04-22 04:00:00",397.25,18.04
"2019-04-23 04:00:00",397.8,18.07
"2019-04-24 04:00:00",400,18.17
"2019-04-25 04:00:00",399.1,18.09
"2019-04-26 04:00:00",399.65,15.21
"2019-04-30 04:00:00",404.55,15.46
"2019-05-02 04:00:00",417.2,15.9
"2019-05-03 04:00:00",414.25,15.76
"2019-05-06 04:00:00",411.1,15.63
"2019-05-07 04:00:00",409.25,15.63
"2019-05-08 04:00:00",410.25,15.65
"2019-05-09 04:00:00",409.55,15.61
"2019-05-10 04:00:00",410.05,15.63
"2019-05-13 04:00:00",402.65,15.35
"2019-05-14 04:00:00",391.05,14.91
"2019-05-15 04:00:00",388.3,14.79
"2019-05-16 04:00:00",379.9,14.46
"2019-05-17 04:00:00",382.55,14.58
"2019-05-20 04:00:00",397.05,15.16
"2019-05-21 04:00:00",403.2,15.35
"2019-05-22 04:00:00",398.1,15.2
"2019-05-23 04:00:00",406.3,15.47
"2019-05-24 04:00:00",407.95,15.55
"2019-05-27 04:00:00",422.6,16.12
"2019-05-28 04:00:00",424.95,16.19
"2019-05-29 04:00:00",425.65,16.23
"2019-05-30 04:00:00",435.6,16.58
"2019-05-31 04:00:00",441.65,16.83
"2019-06-03 04:00:00",444,16.93
"2019-06-04 04:00:00",442.7,16.95
"2019-06-06 04:00:00",442.25,16.89
"2019-06-07 04:00:00",451.4,17.19
"2019-06-10 04:00:00",450.15,17.18
"2019-06-11 04:00:00",445.3,16.97
"2019-06-12 04:00:00",440.95,16.83
"2019-06-13 04:00:00",452,17.29
"2019-06-14 04:00:00",448.15,17.14
"2019-06-17 04:00:00",443.35,16.89
"2019-06-18 04:00:00",441.7,16.85
"2019-06-19 04:00:00",437.15,16.72
"2019-06-20 04:00:00",440.45,16.72
"2019-06-21 04:00:00",438.15,16.71
"2019-06-24 04:00:00",440.1,16.79
"2019-06-25 04:00:00",437.5,16.65
"2019-06-26 04:00:00",441.75,16.87
"2019-06-27 04:00:00",455.15,17.37
"2019-06-28 04:00:00",464.05,17.69
"2019-07-01 04:00:00",469.5,17.9
"2019-07-02 04:00:00",469.8,17.91
"2019-07-03 04:00:00",479.25,18.27
"2019-07-04 04:00:00",489.1,18.65
"2019-07-05 04:00:00",473.75,18.06
"2019-07-08 04:00:00",462.75,17.64
"2019-07-09 04:00:00",455.75,17.38
"2019-07-10 04:00:00",455.75,17.38
"2019-07-11 04:00:00",467.8,17.84
"2019-07-12 04:00:00",481.75,18.37
"2019-07-15 04:00:00",491.1,18.72
"2019-07-16 04:00:00",491.05,18.72
"2019-07-17 04:00:00",497.15,18.95
"2019-07-18 04:00:00",503.55,19.2
"2019-07-19 04:00:00",487.6,18.59
"2019-07-22 04:00:00",490.65,18.71
"2019-07-23 04:00:00",508.55,19.43
"2019-07-24 04:00:00",499.55,19.09
"2019-07-25 04:00:00",501.2,19.15
"2019-07-26 04:00:00",499.1,19.07
"2019-07-29 04:00:00",485.35,18.55
"2019-07-30 04:00:00",483.1,18.46
"2019-07-31 04:00:00",493.5,18.86
"2019-08-01 04:00:00",487.95,18.65
"2019-08-02 04:00:00",494.35,18.89
"2019-08-05 04:00:00",487.15,18.62
"2019-08-06 04:00:00",512.1,19.57
"2019-08-07 04:00:00",518.1,19.8
"2019-08-08 04:00:00",522.9,19.98
"2019-08-09 04:00:00",526.75,20.13
"2019-08-13 04:00:00",519.35,19.85
"2019-08-14 04:00:00",517,19.76
"2019-08-16 04:00:00",540.15,20.64
"2019-08-19 04:00:00",524.55,20.04
"2019-08-20 04:00:00",527.9,20.17
"2019-08-21 04:00:00",530.7,20.28
"2019-08-22 04:00:00",528.45,20.19
"2019-08-23 04:00:00",517.2,19.76
"2019-08-26 04:00:00",526.4,20.12
"2019-08-27 04:00:00",555.2,21.22
"2019-08-28 04:00:00",547.7,20.93
"2019-08-29 04:00:00",541.7,20.7
"2019-08-30 04:00:00",557.15,21.29
"2019-09-03 04:00:00",536.75,20.51
"2019-09-04 04:00:00",535.65,20.47
"2019-09-05 04:00:00",528.5,20.2
"2019-09-06 04:00:00",529.9,20.25
"2019-09-09 04:00:00",530.9,20.29
"2019-09-11 04:00:00",537.9,20.56
"2019-09-12 04:00:00",537.85,20.55
"2019-09-13 04:00:00",540.4,20.65
"2019-09-16 04:00:00",537.65,20.55
"2019-09-17 04:00:00",530.7,20.28
"2019-09-18 04:00:00",539.1,20.6
"2019-09-19 04:00:00",532.45,20.35
"2019-09-20 04:00:00",563.85,21.55
"2019-09-23 04:00:00",540.75,21.55
"2019-09-24 04:00:00",551.05,21.55
"2019-09-25 04:00:00",557.85,21.32
"2019-09-26 04:00:00",569.3,21.75
"2019-09-27 04:00:00",582.3,22.25
"2019-09-30 04:00:00",601.15,22.97
"2019-10-01 04:00:00",598.2,22.86
"2019-10-03 04:00:00",592.9,22.66
"2019-10-04 04:00:00",584.45,22.33
"2019-10-07 04:00:00",575.45,21.99
"2019-10-09 04:00:00",580.5,22.18
"2019-10-10 04:00:00",583.8,22.31
"2019-10-11 04:00:00",590.65,22.57
"2019-10-14 04:00:00",582.3,22.25
"2019-10-15 04:00:00",592.75,22.65
"2019-10-16 04:00:00",610.6,23.33
"2019-10-17 04:00:00",615.15,23.51
"2019-10-18 04:00:00",608.45,23.25
"2019-10-22 04:00:00",611.3,23.36
"2019-10-23 04:00:00",607.85,23.23
"2019-10-24 04:00:00",615.35,23.51
"2019-10-25 04:00:00",610.5,23.33
"2019-10-29 04:00:00",610.75,23.34
"2019-10-30 04:00:00",632.45,24.17
"2019-10-31 04:00:00",626.2,23.93
"2019-11-01 04:00:00",612.7,23.41
"2019-11-04 04:00:00",593.3,22.67
"2019-11-05 04:00:00",583.65,22.3
"2019-11-06 04:00:00",584.95,22.35
"2019-11-07 04:00:00",580.15,22.17
"2019-11-08 04:00:00",567.9,21.7
"2019-11-11 04:00:00",571,21.82
"2019-11-13 04:00:00",589.15,22.51
"2019-11-14 04:00:00",586.35,22.41
"2019-11-15 04:00:00",577.5,22.07
"2019-11-18 04:00:00",570.45,21.8
"2019-11-19 04:00:00",570.7,21.81
"2019-11-20 04:00:00",574.7,21.96
"2019-11-21 04:00:00",589.25,22.52
"2019-11-22 04:00:00",586.4,22.41
"2019-11-25 04:00:00",597.8,22.84
"2019-11-26 04:00:00",597.6,22.84
"2019-11-27 04:00:00",584.95,22.35
"2019-11-28 04:00:00",576.2,22.02
"2019-11-29 04:00:00",571.5,21.84
"2019-12-02 04:00:00",569.4,21.76
"2019-12-03 04:00:00",584.75,22.35
"2019-12-04 04:00:00",583.65,22.3
"2019-12-05 04:00:00",575.9,22.01
"2019-12-06 04:00:00",575,21.97
"2019-12-09 04:00:00",572.5,21.88
"2019-12-10 04:00:00",570.5,21.8
"2019-12-11 04:00:00",572.5,21.88
"2019-12-12 04:00:00",582.9,22.27
"2019-12-13 04:00:00",588.9,22.5
"2019-12-16 04:00:00",592.1,22.63
"2019-12-17 04:00:00",595.6,22.76
"2019-12-18 04:00:00",601.5,22.99
"2019-12-19 04:00:00",605.25,23.13
"2019-12-20 04:00:00",612.7,23.41
"2019-12-23 04:00:00",616.15,23.55
"2019-12-24 04:00:00",625.3,23.89
"2019-12-26 04:00:00",635.6,24.29
"2019-12-27 04:00:00",631.4,24.13
"2019-12-30 04:00:00",636.15,24.31
"2019-12-31 04:00:00",626.05,23.92
"2020-01-01 04:00:00",621.45,23.75
"2020-01-02 04:00:00",634.25,24.24
"2020-01-03 04:00:00",630.7,24.1
"2020-01-06 04:00:00",619.55,23.68
"2020-01-07 04:00:00",629.95,24.07
"2020-01-08 04:00:00",628.85,24.03
"2020-01-09 04:00:00",631.5,24.13
"2020-01-10 04:00:00",623.1,23.81
"2020-01-13 04:00:00",625.4,23.9
"2020-01-14 04:00:00",614.25,23.47
"2020-01-15 04:00:00",616.55,23.56
"2020-01-16 04:00:00",607.5,23.21
"2020-01-17 04:00:00",607.65,23.22
"2020-01-20 04:00:00",598.25,22.86
"2020-01-21 04:00:00",602,23
"2020-01-22 04:00:00",612.75,23.42
"2020-01-23 04:00:00",616,23.54
"2020-01-24 04:00:00",607.25,23.21
"2020-01-27 04:00:00",599.7,22.92
"2020-01-28 04:00:00",603.75,23.07
"2020-01-29 04:00:00",605.05,23.12
"2020-01-30 04:00:00",600.45,22.95
"2020-01-31 04:00:00",599.2,22.9
"2020-02-01 04:00:00",562.4,21.49
"2020-02-03 04:00:00",565.3,21.6
"2020-02-04 04:00:00",573.1,21.9
"2020-02-05 04:00:00",583.45,22.3
"2020-02-06 04:00:00",593.65,22.69
"2020-02-07 04:00:00",595.7,22.76
"2020-02-10 04:00:00",588.05,22.47
"2020-02-11 04:00:00",583.5,22.3
"2020-02-12 04:00:00",578.35,22.1
"2020-02-13 04:00:00",577.2,22.06
"2020-02-14 04:00:00",573.95,21.93
"2020-02-17 04:00:00",565.9,21.63
"2020-02-18 04:00:00",562.6,21.5
"2020-02-19 04:00:00",579.1,22.13
"2020-02-20 04:00:00",573.5,21.92
"2020-02-24 04:00:00",560.8,21.43
"2020-02-25 04:00:00",569.5,21.76
"2020-02-26 04:00:00",557.05,21.29
"2020-02-27 04:00:00",566.7,21.66
"2020-02-28 04:00:00",544.1,20.79
"2020-03-02 04:00:00",554.5,21.19
"2020-03-03 04:00:00",563.5,21.53
"2020-03-04 04:00:00",568.6,21.73
"2020-03-05 04:00:00",564.95,21.59
"2020-03-06 04:00:00",548.15,20.95
"2020-03-09 04:00:00",517.65,19.78
"2020-03-11 04:00:00",513.55,19.62
"2020-03-12 04:00:00",472.9,18.07
"2020-03-13 04:00:00",507.15,19.38
"2020-03-16 04:00:00",474.2,18.12
"2020-03-17 04:00:00",464.95,17.77
"2020-03-18 04:00:00",419.45,16.03
"2020-03-19 04:00:00",416.95,15.93
"2020-03-20 04:00:00",418.1,15.98
"2020-03-23 04:00:00",342.3,13.08
"2020-03-24 04:00:00",391.3,14.95
"2020-03-25 04:00:00",434.3,16.6
"2020-03-26 04:00:00",477.45,18.25
"2020-03-27 04:00:00",441,16.85
"2020-03-30 04:00:00",412.5,15.76
"2020-03-31 04:00:00",441.35,16.87
"2020-04-01 04:00:00",429.9,16.43
"2020-04-03 04:00:00",422.3,16.14
"2020-04-07 04:00:00",470.5,17.98
"2020-04-08 04:00:00",476.6,18.21
"2020-04-09 04:00:00",472.25,18.05
"2020-04-13 04:00:00",477.8,18.26
"2020-04-15 04:00:00",471.7,18.03
"2020-04-16 04:00:00",489.7,18.71
"2020-04-17 04:00:00",495.5,18.93
"2020-04-20 04:00:00",508.3,19.42
"2020-04-21 04:00:00",496.35,18.97
"2020-04-22 04:00:00",503.65,19.25
"2020-04-23 04:00:00",488.5,18.67
"2020-04-24 04:00:00",453.35,17.32
"2020-04-27 04:00:00",484.75,15.37
"2020-04-28 04:00:00",486.15,15.41
"2020-04-29 04:00:00",492.85,15.62
"2020-04-30 04:00:00",501.05,15.88
"2020-05-04 04:00:00",478.95,15.18
"2020-05-05 04:00:00",477.55,15.14
"2020-05-06 04:00:00",491,15.57
"2020-05-07 04:00:00",494.55,15.68
"2020-05-08 04:00:00",520.05,16.49
"2020-05-11 04:00:00",525.2,16.65
"2020-05-12 04:00:00",526.8,16.7
"2020-05-13 04:00:00",516.75,16.38
"2020-05-14 04:00:00",495,15.69
"2020-05-15 04:00:00",487.3,15.45
"2020-05-18 04:00:00",469.35,14.88
"2020-05-19 04:00:00",471.75,14.96
"2020-05-20 04:00:00",479.25,15.19
"2020-05-21 04:00:00",493.8,15.65
"2020-05-22 04:00:00",494.75,15.68
"2020-05-26 04:00:00",507.45,16.09
"2020-05-27 04:00:00",503.3,15.96
"2020-05-28 04:00:00",516.8,16.38
"2020-05-29 04:00:00",523.2,16.59
"2020-06-01 04:00:00",516.1,16.36
"2020-06-02 04:00:00",499.7,15.84
"2020-06-03 04:00:00",501.35,15.89
"2020-06-04 04:00:00",517.6,16.41
"2020-06-05 04:00:00",516.25,16.37
"2020-06-08 04:00:00",522.05,16.55
"2020-06-09 04:00:00",506.85,16.07
"2020-06-10 04:00:00",501.7,15.91
"2020-06-11 04:00:00",501.65,15.92
"2020-06-12 04:00:00",502.3,15.92
"2020-06-15 04:00:00",499.9,15.85
"2020-06-16 04:00:00",505.7,16.03
"2020-06-17 04:00:00",500.4,15.86
"2020-06-18 04:00:00",515.95,16.36
"2020-06-19 04:00:00",521.1,16.52
"2020-06-22 04:00:00",520.4,16.5
"2020-06-23 04:00:00",537.05,17.03
"2020-06-24 04:00:00",527.25,16.72
"2020-06-25 04:00:00",538.4,17.07
"2020-06-26 04:00:00",541.9,17.18
"2020-06-29 04:00:00",537.2,17.03
"2020-06-30 04:00:00",549,17.4
"2020-07-01 04:00:00",549.65,17.43
"2020-07-02 04:00:00",547.95,17.37
"2020-07-03 04:00:00",572.15,18.14
"2020-07-06 04:00:00",584.7,18.54
"2020-07-07 04:00:00",582.6,18.47
"2020-07-08 04:00:00",581.95,18.45
"2020-07-09 04:00:00",585.2,18.55
"2020-07-10 04:00:00",592.5,18.78
"2020-07-13 04:00:00",600.3,19.03
"2020-07-14 04:00:00",598.45,18.97
"2020-07-15 04:00:00",594.8,18.86
"2020-07-16 04:00:00",599.85,19.02
"2020-07-17 04:00:00",614.5,19.48
"2020-07-20 04:00:00",616.45,19.54
"2020-07-21 04:00:00",627.45,19.89
"2020-07-22 04:00:00",609.65,19.33
"2020-07-23 04:00:00",622.7,19.74
"2020-07-24 04:00:00",622.4,19.73
"2020-07-27 04:00:00",633.45,20.08
"2020-07-28 04:00:00",640.5,20.31
"2020-07-29 04:00:00",637.75,20.22
"2020-07-30 04:00:00",635.1,20.13
"2020-07-31 04:00:00",627.1,19.88
"2020-08-03 04:00:00",603,19.12
"2020-08-04 04:00:00",614.15,19.47
"2020-08-05 04:00:00",605,19.18
"2020-08-06 04:00:00",606.9,19.24
"2020-08-07 04:00:00",606.95,19.24
"2020-08-10 04:00:00",608.85,19.3
"2020-08-11 04:00:00",608.75,19.3
"2020-08-12 04:00:00",608.75,19.3
"2020-08-13 04:00:00",599.75,19.01
"2020-08-14 04:00:00",587.75,18.63
"2020-08-17 04:00:00",589.1,18.68
"2020-08-18 04:00:00",597.6,18.95
"2020-08-19 04:00:00",603.45,19.13
"2020-08-20 04:00:00",595.05,18.86
"2020-08-21 04:00:00",598.1,18.96
"2020-08-24 04:00:00",598.75,18.98
"2020-08-25 04:00:00",599.8,19.02
"2020-08-26 04:00:00",592.05,18.77
"2020-08-27 04:00:00",596.05,18.9
"2020-08-28 04:00:00",589.35,18.68
"2020-08-31 04:00:00",574.8,18.22
"2020-09-01 04:00:00",579.3,18.37
"2020-09-02 04:00:00",580.85,18.41
"2020-09-03 04:00:00",582.2,18.46
"2020-09-04 04:00:00",574.65,18.22
"2020-09-07 04:00:00",591.85,18.76
"2020-09-08 04:00:00",581.85,18.45
"2020-09-09 04:00:00",585.7,18.57
"2020-09-10 04:00:00",601.6,19.07
"2020-09-11 04:00:00",604.8,19.17
"2020-09-14 04:00:00",599.45,19
"2020-09-15 04:00:00",594.2,18.84
"2020-09-16 04:00:00",598.6,18.98
"2020-09-17 04:00:00",591.85,18.76
"2020-09-18 04:00:00",585.1,18.55
"2020-09-21 04:00:00",579.35,18.37
"2020-09-22 04:00:00",579.4,18.37
"2020-09-23 04:00:00",580.25,18.4
"2020-09-24 04:00:00",577.65,18.31
"2020-09-25 04:00:00",577.5,18.31
"2020-09-28 04:00:00",581.2,18.43
"2020-09-29 04:00:00",570.8,18.1
"2020-09-30 04:00:00",559.4,17.73
"2020-10-01 04:00:00",569.2,18.05
"2020-10-05 04:00:00",574.75,18.22
"2020-10-06 04:00:00",582.05,18.45
"2020-10-07 04:00:00",578.95,18.35
"2020-10-08 04:00:00",583.15,18.49
"2020-10-09 04:00:00",573.8,18.19
"2020-10-12 04:00:00",563.4,17.86
"2020-10-13 04:00:00",566.7,17.97
"2020-10-14 04:00:00",572.35,18.15
"2020-10-15 04:00:00",561.5,17.8
"2020-10-16 04:00:00",561.15,17.79
"2020-10-19 04:00:00",570.5,18.09
"2020-10-20 04:00:00",571,18.1
"2020-10-21 04:00:00",562.7,17.84
"2020-10-22 04:00:00",561.1,17.79
"2020-10-23 04:00:00",564.5,17.9
"2020-10-26 04:00:00",578.65,18.34
"2020-10-27 04:00:00",587.3,18.62
"2020-10-28 04:00:00",586.15,18.58
"2020-10-29 04:00:00",586.1,18.58
"2020-10-30 04:00:00",589.75,18.7
"2020-11-02 04:00:00",587.5,18.63
"2020-11-03 04:00:00",599.05,18.99
"2020-11-04 04:00:00",594.25,18.84
"2020-11-05 04:00:00",592.05,18.77
"2020-11-06 04:00:00",590.6,18.72
"2020-11-09 04:00:00",592.85,18.8
"2020-11-10 04:00:00",609.65,19.33
"2020-11-11 04:00:00",623.45,19.77
"2020-11-12 04:00:00",630.4,19.99
"2020-11-13 04:00:00",627.5,19.89
"2020-11-14 04:00:00",636.1,20.17
"2020-11-17 04:00:00",670.05,21.24
"2020-11-18 04:00:00",664.8,21.24
"2020-11-19 04:00:00",646.05,20.48
"2020-11-20 04:00:00",663.9,21.05
"2020-11-23 04:00:00",661.3,20.97
"2020-11-24 04:00:00",664.15,21.06
"2020-11-25 04:00:00",665.1,21.09
"2020-11-26 04:00:00",660.8,20.95
"2020-11-27 04:00:00",646.8,20.51
"2020-12-01 04:00:00",641.9,20.35
"2020-12-02 04:00:00",636.5,20.18
"2020-12-03 04:00:00",647.95,20.54
"2020-12-04 04:00:00",643.25,20.39
"2020-12-07 04:00:00",649.55,20.59
"2020-12-08 04:00:00",651.5,20.65
"2020-12-09 04:00:00",652.6,20.69
"2020-12-10 04:00:00",659.45,20.91
"2020-12-11 04:00:00",664.5,21.07
"2020-12-14 04:00:00",655.75,20.79
"2020-12-15 04:00:00",651.45,20.65
"2020-12-16 04:00:00",648.7,20.57
"2020-12-17 04:00:00",654.55,20.75
"2020-12-18 04:00:00",654.1,20.74
"2020-12-21 04:00:00",629.2,19.95
"2020-12-22 04:00:00",641.25,20.33
"2020-12-23 04:00:00",648.6,20.56
"2020-12-24 04:00:00",657.25,20.84
"2020-12-28 04:00:00",678.7,21.52
"2020-12-29 04:00:00",673.2,21.34
"2020-12-30 04:00:00",675.7,21.42
"2020-12-31 04:00:00",676.5,21.45
"2021-01-01 04:00:00",678.4,21.51
"2021-01-04 04:00:00",695.85,22.06
"2021-01-05 04:00:00",713.75,22.63
"2021-01-06 04:00:00",719.05,22.8
"2021-01-07 04:00:00",704.3,22.33
"2021-01-08 04:00:00",717,22.73
"2021-01-11 04:00:00",725.1,22.99
"2021-01-12 04:00:00",718.4,22.78
"2021-01-13 04:00:00",713.25,22.61
"2021-01-14 04:00:00",706.9,22.41
"2021-01-15 04:00:00",704.85,22.35
"2021-01-18 04:00:00",693.95,22
"2021-01-19 04:00:00",698.55,22.15
"2021-01-20 04:00:00",702.95,22.29
"2021-01-21 04:00:00",700.5,22.21
"2021-01-22 04:00:00",687.4,21.79
"2021-01-25 04:00:00",680.4,21.57
"2021-01-27 04:00:00",682.85,21.65
"2021-01-28 04:00:00",671.8,21.3
"2021-01-29 04:00:00",677.95,21.49
"2021-02-01 04:00:00",699.05,22.16
"2021-02-02 04:00:00",681.05,21.59
"2021-02-03 04:00:00",689.2,21.85
"2021-02-04 04:00:00",680.4,21.57
"2021-02-05 04:00:00",681.55,21.61
"2021-02-08 04:00:00",684.05,21.69
"2021-02-09 04:00:00",704.9,22.35
"2021-02-10 04:00:00",719.05,22.8
"2021-02-11 04:00:00",714.2,22.64
"2021-02-12 04:00:00",710.95,22.54
"2021-02-15 04:00:00",695.25,22.04
"2021-02-16 04:00:00",695.35,22.04
"2021-02-17 04:00:00",703.1,22.29
"2021-02-18 04:00:00",713.45,22.62
"2021-02-19 04:00:00",710.65,22.53
"2021-02-22 04:00:00",690.6,21.89
"2021-02-23 04:00:00",705.7,22.37
"2021-02-24 04:00:00",718.8,22.79
"2021-02-25 04:00:00",733.5,23.25
"2021-02-26 04:00:00",700.65,22.21
"2021-03-01 04:00:00",705.25,22.36
"2021-03-02 04:00:00",720.8,22.85
"2021-03-03 04:00:00",727.5,23.06
"2021-03-04 04:00:00",720.5,22.84
"2021-03-05 04:00:00",717.25,22.74
"2021-03-08 04:00:00",722.95,22.92
"2021-03-09 04:00:00",740.2,23.47
"2021-03-10 04:00:00",731.35,23.19
"2021-03-12 04:00:00",710.8,22.53
"2021-03-15 04:00:00",704.15,22.32
"2021-03-16 04:00:00",703.05,22.29
"2021-03-17 04:00:00",689.8,21.87
"2021-03-18 04:00:00",680.85,21.58
"2021-03-19 04:00:00",688.45,21.83
"2021-03-22 04:00:00",679.85,21.55
"2021-03-23 04:00:00",683.55,21.67
"2021-03-24 04:00:00",676.5,21.45
"2021-03-25 04:00:00",667,21.15
"2021-03-26 04:00:00",671.7,21.29
"2021-03-30 04:00:00",687.75,21.8
"2021-03-31 04:00:00",696.2,22.07
"2021-04-01 04:00:00",691,21.91
"2021-04-05 04:00:00",682.15,21.63
"2021-04-06 04:00:00",697.15,22.1
"2021-04-07 04:00:00",699.85,22.19
"2021-04-08 04:00:00",701.45,22.24
"2021-04-09 04:00:00",694.85,22.03
"2021-04-12 04:00:00",687.3,21.79
"2021-04-13 04:00:00",706.1,22.39
"2021-04-15 04:00:00",694.45,22.02
"2021-04-16 04:00:00",690.65,21.9
"2021-04-19 04:00:00",665.95,21.11
"2021-04-20 04:00:00",685.2,21.72
"2021-04-22 04:00:00",679.05,21.53
"2021-04-23 04:00:00",686.35,21.76
"2021-04-26 04:00:00",704.45,22.33
"2021-04-27 04:00:00",678.75,13.07
"2021-04-28 04:00:00",672.6,12.96
"2021-04-29 04:00:00",674.65,13
"2021-04-30 04:00:00",665.1,12.81
"2021-05-03 04:00:00",671.9,12.94
"2021-05-04 04:00:00",667.85,12.86
"2021-05-05 04:00:00",674.4,12.99
"2021-05-06 04:00:00",671.8,12.94
"2021-05-07 04:00:00",672.65,12.96
"2021-05-10 04:00:00",680.05,13.1
"2021-05-11 04:00:00",671.25,12.93
"2021-05-12 04:00:00",668.8,12.88
"2021-05-14 04:00:00",670.6,12.92
"2021-05-17 04:00:00",666.3,12.84
"2021-05-18 04:00:00",666.7,12.84
"2021-05-19 04:00:00",666.15,12.83
"2021-05-20 04:00:00",667.5,12.86
"2021-05-21 04:00:00",670.7,12.92
"2021-05-24 04:00:00",670.25,12.91
"2021-05-25 04:00:00",659.15,12.7
"2021-05-26 04:00:00",658.5,12.68
"2021-05-27 04:00:00",664.05,12.79
"2021-05-28 04:00:00",668.95,12.89
"2021-05-31 04:00:00",665.9,12.83
"2021-06-01 04:00:00",665.25,12.81
"2021-06-02 04:00:00",675.9,13.02
"2021-06-03 04:00:00",678.45,13.07
"2021-06-04 04:00:00",680.9,13.12
"2021-06-07 04:00:00",680.1,13.1
"2021-06-08 04:00:00",689.7,13.29
"2021-06-09 04:00:00",684.9,13.19
"2021-06-10 04:00:00",689.25,13.28
"2021-06-11 04:00:00",682.6,13.15
"2021-06-14 04:00:00",681.7,13.13
"2021-06-15 04:00:00",692.55,13.34
"2021-06-16 04:00:00",692.15,13.33
"2021-06-17 04:00:00",700.3,13.49
"2021-06-18 04:00:00",709.2,13.66
"2021-06-21 04:00:00",718.75,13.85
"2021-06-22 04:00:00",716.75,13.81
"2021-06-23 04:00:00",717.75,13.83
"2021-06-24 04:00:00",719.6,13.86
"2021-06-25 04:00:00",725.95,13.98
"2021-06-28 04:00:00",696.2,13.41
"2021-06-29 04:00:00",686.5,13.22
"2021-06-30 04:00:00",686.3,13.22
"2021-07-01 04:00:00",685.75,13.21
"2021-07-02 04:00:00",687.5,13.24
"2021-07-05 04:00:00",677.9,13.06
"2021-07-06 04:00:00",680.05,13.1
"2021-07-07 04:00:00",685.2,13.2
"2021-07-08 04:00:00",681.3,13.12
"2021-07-09 04:00:00",683.25,13.16
"2021-07-12 04:00:00",682.95,13.16
"2021-07-13 04:00:00",693.4,13.36
"2021-07-14 04:00:00",688.5,13.26
"2021-07-15 04:00:00",693.65,13.36
"2021-07-16 04:00:00",698,13.45
"2021-07-19 04:00:00",678.7,13.07
"2021-07-20 04:00:00",663.45,12.78
"2021-07-22 04:00:00",662.1,12.75
"2021-07-23 04:00:00",665.35,12.82
"2021-07-26 04:00:00",663.1,12.77
"2021-07-27 04:00:00",668.75,12.88
"2021-07-28 04:00:00",664.85,12.81
"2021-07-29 04:00:00",662.65,12.76
"2021-07-30 04:00:00",664.05,12.79
"2021-08-02 04:00:00",670.35,12.91
"2021-08-03 04:00:00",673.8,12.98
"2021-08-04 04:00:00",675.3,13.01
"2021-08-05 04:00:00",669.5,12.9
"2021-08-06 04:00:00",673.4,12.97
"2021-08-09 04:00:00",667,12.85
"2021-08-10 04:00:00",670.3,12.91
"2021-08-11 04:00:00",666.65,12.84
"2021-08-12 04:00:00",674.95,13
"2021-08-13 04:00:00",670.5,12.92
"2021-08-16 04:00:00",673.55,12.97
"2021-08-17 04:00:00",669.4,12.89
"2021-08-18 04:00:00",671.05,12.93
"2021-08-20 04:00:00",667.85,12.86
"2021-08-23 04:00:00",668.8,12.88
"2021-08-24 04:00:00",671.1,12.93
"2021-08-25 04:00:00",687.55,13.24
"2021-08-26 04:00:00",698.85,13.46
"2021-08-27 04:00:00",704.1,13.56
"2021-08-30 04:00:00",712.35,13.72
"2021-08-31 04:00:00",717.75,13.83
"2021-09-01 04:00:00",718.55,13.84
"2021-09-02 04:00:00",759,14.62
"2021-09-03 04:00:00",734.4,14.15
"2021-09-06 04:00:00",736.05,14.18
"2021-09-07 04:00:00",734.25,14.14
"2021-09-08 04:00:00",743.65,14.33
"2021-09-09 04:00:00",737.35,14.2
"2021-09-13 04:00:00",734.9,14.16
"2021-09-14 04:00:00",739.2,14.24
"2021-09-15 04:00:00",746.3,14.38
"2021-09-16 04:00:00",755.15,14.55
"2021-09-17 04:00:00",747.75,14.4
"2021-09-20 04:00:00",730.15,14.06
"2021-09-21 04:00:00",735.8,14.17
"2021-09-22 04:00:00",733.05,14.12
"2021-09-23 04:00:00",724.65,13.96
"2021-09-24 04:00:00",725.8,13.98
"2021-09-27 04:00:00",721,13.89
"2021-09-28 04:00:00",725.8,13.98
"2021-09-29 04:00:00",734.75,14.15
"2021-09-30 04:00:00",722.4,13.92
"2021-10-01 04:00:00",729.45,14.05
"2021-10-04 04:00:00",726.65,14
"2021-10-05 04:00:00",733.15,14.12
"2021-10-06 04:00:00",725.65,13.98
"2021-10-07 04:00:00",725.35,13.97
"2021-10-08 04:00:00",722.1,13.91
"2021-10-11 04:00:00",717.3,13.82
"2021-10-12 04:00:00",703.4,13.55
"2021-10-13 04:00:00",700.9,13.5
"2021-10-14 04:00:00",693.8,13.36
"2021-10-18 04:00:00",703.6,13.55
"2021-10-19 04:00:00",702.8,13.54
"2021-10-20 04:00:00",703.4,13.55
"2021-10-21 04:00:00",694.55,13.38
"2021-10-22 04:00:00",690.75,13.31
"2021-10-25 04:00:00",683.25,13.16
"2021-10-26 04:00:00",690.05,13.29
"2021-10-27 04:00:00",693.85,13.37
"2021-10-28 04:00:00",683.1,13.16
"2021-10-29 04:00:00",680.45,13.11
"2021-11-01 04:00:00",689.8,13.29
"2021-11-02 04:00:00",692.65,13.34
"2021-11-03 04:00:00",692.3,13.34
"2021-11-04 04:00:00",696.4,13.41
"2021-11-08 04:00:00",703.25,13.55
"2021-11-09 04:00:00",706.45,13.61
"2021-11-10 04:00:00",706.5,13.61
"2021-11-11 04:00:00",702.6,13.53
"2021-11-12 04:00:00",720.6,13.88
"2021-11-15 04:00:00",714.6,13.77
"2021-11-16 04:00:00",713.6,13.75
"2021-11-17 04:00:00",711.05,13.7
"2021-11-18 04:00:00",704.5,13.57
"2021-11-22 04:00:00",688.85,13.27
"2021-11-23 04:00:00",695.4,13.4
"2021-11-24 04:00:00",687.2,13.24
"2021-11-25 04:00:00",688.8,13.27
"2021-11-26 04:00:00",670.65,12.92
"2021-11-29 04:00:00",683.65,13.17
"2021-11-30 04:00:00",680.8,13.11
"2021-12-01 04:00:00",693.85,13.37
"2021-12-02 04:00:00",705.3,13.59
"2021-12-03 04:00:00",690.95,13.31
"2021-12-06 04:00:00",684.2,13.18
"2021-12-07 04:00:00",694.4,13.38
"2021-12-08 04:00:00",686.4,13.22
"2021-12-09 04:00:00",683.15,13.16
"2021-12-10 04:00:00",684.75,13.19
"2021-12-13 04:00:00",674.4,12.99
"2021-12-14 04:00:00",669.5,12.9
"2021-12-15 04:00:00",672.85,12.96
"2021-12-16 04:00:00",669.5,12.9
"2021-12-17 04:00:00",656.6,12.65
"2021-12-20 04:00:00",633.6,12.21
"2021-12-21 04:00:00",638.75,12.3
"2021-12-22 04:00:00",639.9,12.33
"2021-12-23 04:00:00",640.5,12.34
"2021-12-24 04:00:00",637.35,12.28
"2021-12-27 04:00:00",639.75,12.32
"2021-12-28 04:00:00",642.3,12.37
"2021-12-29 04:00:00",644.75,12.42
"2021-12-30 04:00:00",640.9,12.35
"2021-12-31 04:00:00",649.55,12.51
"2022-01-03 04:00:00",650.5,12.53
"2022-01-04 04:00:00",653.15,12.58
"2022-01-05 04:00:00",653.55,12.59
"2022-01-06 04:00:00",646.9,12.46
"2022-01-07 04:00:00",660.3,12.72
"2022-01-10 04:00:00",662.95,12.77
"2022-01-11 04:00:00",658.15,12.68
"2022-01-12 04:00:00",673.25,12.97
"2022-01-13 04:00:00",670.35,12.91
"2022-01-14 04:00:00",671.45,12.93
"2022-01-17 04:00:00",674.15,12.99
"2022-01-18 04:00:00",669.1,12.89
"2022-01-19 04:00:00",656.05,12.64
"2022-01-20 04:00:00",649.45,12.51
"2022-01-21 04:00:00",641.45,12.36
"2022-01-24 04:00:00",627.6,12.09
"2022-01-25 04:00:00",630.8,12.15
"2022-01-27 04:00:00",621.5,11.97
"2022-01-28 04:00:00",620.45,11.95
"2022-01-31 04:00:00",622.45,11.99
"2022-02-01 04:00:00",623.9,12.02
"2022-02-02 04:00:00",644.15,12.41
"2022-02-03 04:00:00",634.4,12.22
"2022-02-04 04:00:00",624.35,12.03
"2022-02-07 04:00:00",603.25,11.62
"2022-02-08 04:00:00",600.45,11.57
"2022-02-09 04:00:00",600.2,11.56
"2022-02-10 04:00:00",606.25,11.68
"2022-02-11 04:00:00",595.35,11.47
"2022-02-14 04:00:00",557.3,10.74
"2022-02-15 04:00:00",573.6,11.05
"2022-02-16 04:00:00",586.35,11.29
"2022-02-17 04:00:00",592.6,11.42
"2022-02-18 04:00:00",590.95,11.38
"2022-02-21 04:00:00",582,11.21
"2022-02-22 04:00:00",572.75,11.03
"2022-02-23 04:00:00",569.05,10.96
"2022-02-24 04:00:00",532.95,10.27
"2022-02-25 04:00:00",538.9,10.38
"2022-02-28 04:00:00",523.2,10.08
"2022-03-02 04:00:00",560.8,10.8
"2022-03-03 04:00:00",531.75,10.24
"2022-03-04 04:00:00",521.5,10.05
"2022-03-07 04:00:00",503.5,9.7
"2022-03-08 04:00:00",513.05,9.88
"2022-03-09 04:00:00",514.7,9.91
"2022-03-10 04:00:00",521.3,10.04
"2022-03-11 04:00:00",518.8,9.99
"2022-03-14 04:00:00",512.45,9.87
"2022-03-15 04:00:00",504.7,9.72
"2022-03-16 04:00:00",517.3,9.96
"2022-03-17 04:00:00",530.15,10.21
"2022-03-21 04:00:00",522.35,10.06
"2022-03-22 04:00:00",529.3,10.2
"2022-03-23 04:00:00",525.85,10.13
"2022-03-24 04:00:00",522.35,10.06
"2022-03-25 04:00:00",519.55,10.01
"2022-03-28 04:00:00",512.6,9.87
"2022-03-29 04:00:00",523,10.07
"2022-03-30 04:00:00",542.3,10.45
"2022-03-31 04:00:00",538.2,10.37
"2022-04-01 04:00:00",550.35,10.6
"2022-04-04 04:00:00",571.8,11.01
"2022-04-05 04:00:00",569.65,10.97
"2022-04-06 04:00:00",555.85,10.71
"2022-04-07 04:00:00",559,10.77
"2022-04-08 04:00:00",564.8,10.88
"2022-04-11 04:00:00",567.4,10.93
"2022-04-12 04:00:00",562.3,10.83
"2022-04-13 04:00:00",564.85,10.88
"2022-04-18 04:00:00",574.3,11.06
"2022-04-19 04:00:00",546.7,10.53
"2022-04-20 04:00:00",559.3,10.77
"2022-04-21 04:00:00",570.95,11
"2022-04-22 04:00:00",554.05,10.67
"2022-04-25 04:00:00",540,10.4
"2022-04-26 04:00:00",549.85,7.59
"2022-04-27 04:00:00",547.65,7.56
"2022-04-28 04:00:00",571.4,7.89
"2022-04-29 04:00:00",582.4,8.04
"2022-05-02 04:00:00",579.85,8.01
"2022-05-04 04:00:00",567.6,7.84
"2022-05-05 04:00:00",569.75,7.87
"2022-05-06 04:00:00",565.95,7.82
"2022-05-09 04:00:00",563.85,7.79
"2022-05-10 04:00:00",559.2,7.72
"2022-05-11 04:00:00",563.55,7.78
"2022-05-12 04:00:00",547.25,7.56
"2022-05-13 04:00:00",550.75,7.61
"2022-05-16 04:00:00",549.7,7.59
"2022-05-17 04:00:00",554.85,7.66
"2022-05-18 04:00:00",550,7.6
"2022-05-19 04:00:00",528.7,7.3
"2022-05-20 04:00:00",544.7,7.52
"2022-05-23 04:00:00",551.15,7.61
"2022-05-24 04:00:00",552.9,7.64
"2022-05-25 04:00:00",569.1,7.86
"2022-05-26 04:00:00",578.05,7.98
"2022-05-27 04:00:00",598.1,8.26
"2022-05-30 04:00:00",608.9,8.41
"2022-05-31 04:00:00",598.95,8.27
"2022-06-01 04:00:00",607.15,8.39
"2022-06-02 04:00:00",607.9,8.4
"2022-06-03 04:00:00",602.7,8.32
"2022-06-06 04:00:00",606.1,8.37
"2022-06-07 04:00:00",605.3,8.36
"2022-06-08 04:00:00",599.95,8.29
"2022-06-09 04:00:00",604.9,8.36
"2022-06-10 04:00:00",593.1,8.19
"2022-06-13 04:00:00",582,8.04
"2022-06-14 04:00:00",572.4,7.91
"2022-06-15 04:00:00",579.75,8.01
"2022-06-16 04:00:00",570.55,7.88
"2022-06-17 04:00:00",550.8,7.61
"2022-06-20 04:00:00",553.15,7.64
"2022-06-21 04:00:00",564.45,7.8
"2022-06-22 04:00:00",551.8,7.62
"2022-06-23 04:00:00",558.1,7.71
"2022-06-24 04:00:00",561.45,7.75
"2022-06-27 04:00:00",558,7.71
"2022-06-28 04:00:00",565.95,7.82
"2022-06-29 04:00:00",541.25,7.48
"2022-06-30 04:00:00",550,7.6
"2022-07-01 04:00:00",565.45,7.81
"2022-07-04 04:00:00",574.3,7.93
"2022-07-05 04:00:00",564.85,7.8
"2022-07-06 04:00:00",557.45,7.7
"2022-07-07 04:00:00",554.6,7.66
"2022-07-08 04:00:00",545.35,7.53
"2022-07-11 04:00:00",546.65,7.55
"2022-07-12 04:00:00",539.75,7.46
"2022-07-13 04:00:00",539.5,7.45
"2022-07-14 04:00:00",537.15,7.42
"2022-07-15 04:00:00",539.9,7.46
"2022-07-18 04:00:00",542.75,7.5
"2022-07-19 04:00:00",535.9,7.4
"2022-07-20 04:00:00",525.2,7.25
"2022-07-21 04:00:00",529.1,7.31
"2022-07-22 04:00:00",535,7.39
"2022-07-25 04:00:00",526.75,7.28
"2022-07-26 04:00:00",522.55,7.22
"2022-07-27 04:00:00",521.25,7.2
"2022-07-28 04:00:00",531.6,7.34
"2022-07-29 04:00:00",555.5,7.67
"2022-08-01 04:00:00",546.05,7.54
"2022-08-02 04:00:00",538.5,7.44
"2022-08-03 04:00:00",535.35,7.39
"2022-08-04 04:00:00",534.9,7.39
"2022-08-05 04:00:00",539.25,7.45
"2022-08-08 04:00:00",536.75,7.41
"2022-08-10 04:00:00",540.9,7.47
"2022-08-11 04:00:00",541.55,7.48
"2022-08-12 04:00:00",544.95,7.53
"2022-08-16 04:00:00",570.6,7.88
"2022-08-17 04:00:00",589.35,8.14
"2022-08-18 04:00:00",586.75,8.1
"2022-08-19 04:00:00",576.65,7.96
"2022-08-22 04:00:00",566.65,7.83
"2022-08-23 04:00:00",565.85,7.82
"2022-08-24 04:00:00",566.65,7.83
"2022-08-25 04:00:00",571.05,7.89
"2022-08-26 04:00:00",566.9,7.83
"2022-08-29 04:00:00",560.95,7.75
"2022-08-30 04:00:00",575.2,7.94
"2022-09-01 04:00:00",575.6,7.95
"2022-09-02 04:00:00",574.85,7.94
"2022-09-05 04:00:00",573.65,7.92
"2022-09-06 04:00:00",573.5,7.92
"2022-09-07 04:00:00",576.95,7.97
"2022-09-08 04:00:00",584.35,8.07
"2022-09-09 04:00:00",575.95,7.96
"2022-09-12 04:00:00",578.55,7.99
"2022-09-13 04:00:00",587.05,8.11
"2022-09-14 04:00:00",576.35,7.96
"2022-09-15 04:00:00",566.75,7.83
"2022-09-16 04:00:00",546.75,7.55
"2022-09-19 04:00:00",548.1,7.57
"2022-09-20 04:00:00",559.75,7.73
"2022-09-21 04:00:00",551.4,7.62
"2022-09-22 04:00:00",545.8,7.54
"2022-09-23 04:00:00",539.45,7.45
"2022-09-26 04:00:00",522.75,7.22
"2022-09-27 04:00:00",520.85,7.19
"2022-09-28 04:00:00",514.45,7.11
"2022-09-29 04:00:00",528,7.29
"2022-09-30 04:00:00",530.45,7.33
"2022-10-03 04:00:00",518.7,7.16
"2022-10-04 04:00:00",531.95,7.35
"2022-10-06 04:00:00",529.65,7.32
"2022-10-07 04:00:00",526.85,7.28
"2022-10-10 04:00:00",533.2,7.36
"2022-10-11 04:00:00",522.55,7.22
"2022-10-12 04:00:00",526.6,7.27
"2022-10-13 04:00:00",520.65,7.19
"2022-10-14 04:00:00",523,7.22
"2022-10-17 04:00:00",523.75,7.23
"2022-10-18 04:00:00",531.25,7.34
"2022-10-19 04:00:00",531.55,7.34
"2022-10-20 04:00:00",537.2,7.42
"2022-10-21 04:00:00",541.95,7.49
"2022-10-24 04:00:00",541.55,7.48
"2022-10-25 04:00:00",533.45,7.37
"2022-10-27 04:00:00",533,7.36
"2022-10-28 04:00:00",530.1,7.32
"2022-10-31 04:00:00",540.45,7.46
"2022-11-01 04:00:00",544.55,7.52
"2022-11-02 04:00:00",542.25,7.49
"2022-11-03 04:00:00",545.4,7.53
"2022-11-04 04:00:00",539.3,7.45
"2022-11-07 04:00:00",536,7.4
"2022-11-09 04:00:00",531.75,7.34
"2022-11-10 04:00:00",528.25,7.3
"2022-11-11 04:00:00",542.65,7.5
"2022-11-14 04:00:00",538.85,7.44
"2022-11-15 04:00:00",532.9,7.36
"2022-11-16 04:00:00",528.1,7.29
"2022-11-17 04:00:00",531.2,7.34
"2022-11-18 04:00:00",531.55,7.34
"2022-11-21 04:00:00",532.35,7.35
"2022-11-22 04:00:00",539.95,7.46
"2022-11-23 04:00:00",547.65,7.56
"2022-11-24 04:00:00",572.55,7.91
"2022-11-25 04:00:00",586.6,8.1
"2022-11-28 04:00:00",586,8.09
"2022-11-29 04:00:00",584.85,8.08
"2022-11-30 04:00:00",590.6,8.16
"2022-12-01 04:00:00",596.45,8.24
"2022-12-02 04:00:00",589.85,8.15
"2022-12-05 04:00:00",588.9,8.13
"2022-12-06 04:00:00",586.8,8.11
"2022-12-07 04:00:00",581.8,8.04
"2022-12-08 04:00:00",577.5,7.98
"2022-12-09 04:00:00",579.6,8.01
"2022-12-12 04:00:00",576.5,7.96
"2022-12-13 04:00:00",582.35,8.04
"2022-12-14 04:00:00",580.35,8.02
"2022-12-15 04:00:00",580.2,8.01
"2022-12-16 04:00:00",575.2,7.94
"2022-12-19 04:00:00",584.45,8.07
"2022-12-20 04:00:00",579.8,8.01
"2022-12-21 04:00:00",575.4,7.95
"2022-12-22 04:00:00",577.85,7.98
"2022-12-23 04:00:00",565.45,7.81
"2022-12-26 04:00:00",569.3,7.86
"2022-12-27 04:00:00",569.8,7.87
"2022-12-28 04:00:00",568.2,7.85
"2022-12-29 04:00:00",571,7.89
"2022-12-30 04:00:00",566.25,7.82
"2023-01-02 04:00:00",570.3,7.88
"2023-01-03 04:00:00",595.6,8.23
"2023-01-04 04:00:00",598.6,8.27
"2023-01-05 04:00:00",609.45,8.42
"2023-01-06 04:00:00",611.65,8.45
"2023-01-09 04:00:00",608.45,8.4
"2023-01-10 04:00:00",600.2,8.29
"2023-01-11 04:00:00",599.85,8.29
"2023-01-12 04:00:00",598.4,8.27
"2023-01-13 04:00:00",604.5,8.35
"2023-01-16 04:00:00",604.2,8.35
"2023-01-17 04:00:00",609.45,8.42
"2023-01-18 04:00:00",601.05,8.3
"2023-01-19 04:00:00",605.25,8.36
"2023-01-20 04:00:00",590.55,8.16
"2023-01-23 04:00:00",589.2,8.14
"2023-01-24 04:00:00",589.55,8.14
"2023-01-25 04:00:00",585.05,8.08
"2023-01-27 04:00:00",587.7,8.12
"2023-01-30 04:00:00",587.95,8.12
"2023-01-31 04:00:00",578.85,8
"2023-02-01 04:00:00",515.7,7.12
"2023-02-02 04:00:00",492.7,6.81
"2023-02-03 04:00:00",488.9,6.75
"2023-02-06 04:00:00",482.05,6.66
"2023-02-07 04:00:00",482.95,6.67
"2023-02-08 04:00:00",508.55,7.02
"2023-02-09 04:00:00",518.65,7.16
"2023-02-10 04:00:00",522.55,7.22
"2023-02-13 04:00:00",514.5,7.11
"2023-02-14 04:00:00",512.05,7.07
"2023-02-15 04:00:00",519.1,7.17
"2023-02-16 04:00:00",514.6,7.11
"2023-02-17 04:00:00",504.25,6.96
"2023-02-20 04:00:00",507.95,7.02
"2023-02-21 04:00:00",501.05,6.92
"2023-02-22 04:00:00",494.45,6.83
"2023-02-23 04:00:00",486.85,6.72
"2023-02-24 04:00:00",482.85,6.67
"2023-02-27 04:00:00",488.7,6.75
"2023-02-28 04:00:00",488.8,6.75
"2023-03-01 04:00:00",489.75,6.76
"2023-03-02 04:00:00",482.8,6.67
"2023-03-03 04:00:00",489.95,6.77
"2023-03-06 04:00:00",490.15,6.77
"2023-03-08 04:00:00",495.2,6.84
"2023-03-09 04:00:00",491.25,6.79
"2023-03-10 04:00:00",490.25,6.77
"2023-03-13 04:00:00",478.95,6.62
"2023-03-14 04:00:00",470.55,6.5
"2023-03-15 04:00:00",466.7,6.45
"2023-03-16 04:00:00",461.4,6.37
"2023-03-17 04:00:00",471.25,6.51
"2023-03-20 04:00:00",465.25,6.43
"2023-03-21 04:00:00",482.75,6.67
"2023-03-22 04:00:00",497.45,6.87
"2023-03-23 04:00:00",498.55,6.89
"2023-03-24 04:00:00",492.25,6.8
"2023-03-27 04:00:00",492.95,6.81
"2023-03-28 04:00:00",489.7,6.76
"2023-03-29 04:00:00",495.95,6.85
"2023-03-31 04:00:00",499.2,6.9
"2023-04-03 04:00:00",503.7,6.96
"2023-04-05 04:00:00",507.75,7.01
"2023-04-06 04:00:00",514.65,7.11
"2023-04-10 04:00:00",513.7,7.1
"2023-04-11 04:00:00",513.55,7.09
"2023-04-12 04:00:00",517.05,7.14
"2023-04-13 04:00:00",531.85,7.35
"2023-04-17 04:00:00",533.4,7.37
"2023-04-18 04:00:00",532.3,7.35
"2023-04-19 04:00:00",524.8,7.25
"2023-04-20 04:00:00",530.25,7.32
"2023-04-21 04:00:00",513.3,7.09
"2023-04-24 04:00:00",547.55,7.56
"2023-04-25 04:00:00",529.75,7.32
"2023-04-26 04:00:00",531.6,8.82
"2023-04-27 04:00:00",517.85,8.6
"2023-04-28 04:00:00",529.75,8.79
"2023-05-02 04:00:00",544.5,9.04
"2023-05-03 04:00:00",538.7,8.94
"2023-05-04 04:00:00",546.5,9.07
"2023-05-05 04:00:00",539.7,8.96
"2023-05-08 04:00:00",549.55,9.12
"2023-05-09 04:00:00",552.05,9.16
"2023-05-10 04:00:00",562.65,9.34
"2023-05-11 04:00:00",567.4,9.42
"2023-05-12 04:00:00",560.65,9.31
"2023-05-15 04:00:00",559.3,9.28
"2023-05-16 04:00:00",559.5,9.29
"2023-05-17 04:00:00",560.1,9.3
"2023-05-18 04:00:00",561.55,9.32
"2023-05-19 04:00:00",557.6,9.26
"2023-05-22 04:00:00",567,9.41
"2023-05-23 04:00:00",562.7,9.34
"2023-05-24 04:00:00",566,9.39
"2023-05-25 04:00:00",572.05,9.5
"2023-05-26 04:00:00",577.2,9.58
"2023-05-29 04:00:00",579.05,9.61
"2023-05-30 04:00:00",585.15,9.71
"2023-05-31 04:00:00",592.35,9.83
"2023-06-01 04:00:00",582.2,9.66
"2023-06-02 04:00:00",576.4,9.57
"2023-06-05 04:00:00",574.15,9.53
"2023-06-06 04:00:00",579.7,9.62
"2023-06-07 04:00:00",594.45,9.87
"2023-06-08 04:00:00",593.9,9.86
"2023-06-09 04:00:00",581.7,9.66
"2023-06-12 04:00:00",584.4,9.7
"2023-06-13 04:00:00",584.8,9.71
"2023-06-14 04:00:00",585.05,9.71
"2023-06-15 04:00:00",578.15,9.6
"2023-06-16 04:00:00",609.55,10.12
"2023-06-19 04:00:00",626.55,10.4
"2023-06-20 04:00:00",643.7,10.68
"2023-06-21 04:00:00",642.5,10.66
"2023-06-22 04:00:00",639,10.61
"2023-06-23 04:00:00",626.9,10.41
"2023-06-26 04:00:00",630.25,10.46
"2023-06-27 04:00:00",667.2,11.07
"2023-06-28 04:00:00",651.95,10.82
"2023-06-30 04:00:00",651.2,10.81
"2023-07-03 04:00:00",650.7,10.8
"2023-07-04 04:00:00",647,10.74
"2023-07-05 04:00:00",673.6,11.18
"2023-07-06 04:00:00",661.15,10.97
"2023-07-07 04:00:00",658.1,10.92
"2023-07-10 04:00:00",668.25,11.09
"2023-07-11 04:00:00",672.55,11.16
"2023-07-12 04:00:00",671.7,11.15
"2023-07-13 04:00:00",680.6,11.3
"2023-07-14 04:00:00",670.05,11.12
"2023-07-17 04:00:00",667.15,11.07
"2023-07-18 04:00:00",656.55,10.9
"2023-07-19 04:00:00",659.05,10.94
"2023-07-20 04:00:00",661.05,10.97
"2023-07-21 04:00:00",647.3,10.74
"2023-07-24 04:00:00",653.15,10.84
"2023-07-25 04:00:00",651.8,10.82
"2023-07-26 04:00:00",658.6,10.93
"2023-07-27 04:00:00",662.45,11
"2023-07-28 04:00:00",659.3,10.94
"2023-07-31 04:00:00",646.85,10.74
"2023-08-01 04:00:00",642.75,10.67
"2023-08-02 04:00:00",642.85,10.67
"2023-08-03 04:00:00",632.7,10.5
"2023-08-04 04:00:00",642.2,10.66
"2023-08-07 04:00:00",648.8,10.77
"2023-08-08 04:00:00",645.45,10.71
"2023-08-09 04:00:00",645.8,10.72
"2023-08-10 04:00:00",640,10.62
"2023-08-11 04:00:00",633.6,10.52
"2023-08-14 04:00:00",632.75,10.5
"2023-08-16 04:00:00",625.15,10.38
"2023-08-17 04:00:00",628.4,10.43
"2023-08-18 04:00:00",625.95,10.39
"2023-08-21 04:00:00",625.15,10.38
"2023-08-22 04:00:00",635.85,10.55
"2023-08-23 04:00:00",633.2,10.51
"2023-08-24 04:00:00",630.5,10.47
"2023-08-25 04:00:00",628.3,10.43
"2023-08-28 04:00:00",627.35,10.41
"2023-08-29 04:00:00",634.9,10.54
"2023-08-30 04:00:00",637.05,10.57
"2023-08-31 04:00:00",644.75,10.7
"2023-09-01 04:00:00",641.35,10.65
"2023-09-04 04:00:00",640.05,10.62
"2023-09-05 04:00:00",640.95,10.64
"2023-09-06 04:00:00",647.55,10.75
"2023-09-07 04:00:00",656.75,10.9
"2023-09-08 04:00:00",657.45,10.91
"2023-09-11 04:00:00",668.65,11.1
"2023-09-12 04:00:00",660.95,10.97
"2023-09-13 04:00:00",650.2,10.79
"2023-09-14 04:00:00",645.45,10.71
"2023-09-15 04:00:00",644.9,10.7
"2023-09-18 04:00:00",659.95,10.95
"2023-09-20 04:00:00",648.2,10.76
"2023-09-21 04:00:00",644.25,10.69
"2023-09-22 04:00:00",649.45,10.78
"2023-09-25 04:00:00",642.1,10.66
"2023-09-26 04:00:00",644.25,10.69
"2023-09-27 04:00:00",648.2,10.76
"2023-09-28 04:00:00",634.7,10.53
"2023-09-29 04:00:00",637.4,10.58
"2023-10-03 04:00:00",633.55,10.52
"2023-10-04 04:00:00",625.5,10.38
"2023-10-05 04:00:00",624.35,10.36
"2023-10-06 04:00:00",630.9,10.47
"2023-10-09 04:00:00",615.15,10.21
"2023-10-10 04:00:00",621.25,10.31
"2023-10-11 04:00:00",621.5,10.32
"2023-10-12 04:00:00",624.65,10.37
"2023-10-13 04:00:00",625.25,10.38
"2023-10-16 04:00:00",630.05,10.46
"2023-10-17 04:00:00",641.8,10.71
"2023-10-18 04:00:00",645,10.71
"2023-10-19 04:00:00",639,10.61
"2023-10-20 04:00:00",639.95,10.62
"2023-10-23 04:00:00",625.25,10.38
"2023-10-25 04:00:00",616.45,10.23
"2023-10-26 04:00:00",605.85,10.06
"2023-10-27 04:00:00",608.65,10.1
"2023-10-30 04:00:00",607.6,10.09
"2023-10-31 04:00:00",618.35,10.26
"2023-11-01 04:00:00",620.05,10.29
"2023-11-02 04:00:00",619.3,10.28
"2023-11-03 04:00:00",622.1,10.33
"2023-11-06 04:00:00",621.8,10.32
"2023-11-07 04:00:00",622.45,10.33
"2023-11-08 04:00:00",618.75,10.27
"2023-11-09 04:00:00",621.35,10.31
"2023-11-10 04:00:00",626.75,10.4
"2023-11-12 04:00:00",626.9,10.41
"2023-11-13 04:00:00",621.05,10.31
"2023-11-15 04:00:00",636.15,10.56
"2023-11-16 04:00:00",634.95,10.54
"2023-11-17 04:00:00",651.8,10.82
"2023-11-20 04:00:00",652.4,10.83
"2023-11-21 04:00:00",667.9,11.09
"2023-11-22 04:00:00",668.5,11.1
"2023-11-23 04:00:00",665,11.04
"2023-11-24 04:00:00",668,11.09
"2023-11-28 04:00:00",673.3,11.18
"2023-11-29 04:00:00",675.65,11.21
"2023-11-30 04:00:00",690.75,11.47
"2023-12-01 04:00:00",682.15,11.32
"2023-12-04 04:00:00",674.95,11.2
"2023-12-05 04:00:00",672.75,11.17
"2023-12-06 04:00:00",677.35,11.24
"2023-12-07 04:00:00",678.3,11.26
"2023-12-08 04:00:00",671.25,11.14
"2023-12-11 04:00:00",672.5,11.16
"2023-12-12 04:00:00",707.35,11.74
"2023-12-13 04:00:00",698.2,11.59
"2023-12-14 04:00:00",684.55,11.36
"2023-12-15 04:00:00",673.1,11.17
"2023-12-18 04:00:00",672.25,11.16
"2023-12-19 04:00:00",666.05,11.06
"2023-12-20 04:00:00",644.1,10.69
"2023-12-21 04:00:00",644.2,10.69
"2023-12-22 04:00:00",639.85,10.62
"2023-12-26 04:00:00",638,10.59
"2023-12-27 04:00:00",643.8,10.69
"2023-12-28 04:00:00",648.1,10.76
"2023-12-29 04:00:00",646.7,10.73
"2024-01-01 04:00:00",648.7,10.77
"2024-01-02 04:00:00",645.5,10.71
"2024-01-03 04:00:00",637.2,10.58
"2024-01-04 04:00:00",647.95,10.75
"2024-01-05 04:00:00",646.75,10.73
"2024-01-08 04:00:00",645.85,10.72
"2024-01-09 04:00:00",640.9,10.64
"2024-01-10 04:00:00",644.95,10.71
"2024-01-11 04:00:00",644,10.69
"2024-01-12 04:00:00",637.6,10.58
"2024-01-15 04:00:00",614.45,10.2
"2024-01-16 04:00:00",611.25,10.15
"2024-01-17 04:00:00",606.6,10.07
"2024-01-18 04:00:00",607.8,10.09
"2024-01-19 04:00:00",615.9,10.22
"2024-01-20 04:00:00",608,10.09
"2024-01-23 04:00:00",586.15,9.73
"2024-01-24 04:00:00",581.65,9.65
"2024-01-25 04:00:00",579,9.61
"2024-01-29 04:00:00",578.55,9.6
"2024-01-30 04:00:00",575,9.54
"2024-01-31 04:00:00",576.6,9.57
"2024-02-01 04:00:00",587.1,9.74
"2024-02-02 04:00:00",578.8,9.61
"2024-02-05 04:00:00",563.35,9.35
"2024-02-06 04:00:00",592.75,9.84
"2024-02-07 04:00:00",605.15,10.04
"2024-02-08 04:00:00",591.7,9.82
"2024-02-09 04:00:00",584,9.69
"2024-02-12 04:00:00",577.2,9.58
"2024-02-13 04:00:00",589.55,9.79
"2024-02-14 04:00:00",585.35,9.72
"2024-02-15 04:00:00",585.1,9.71
"2024-02-16 04:00:00",592.45,9.83
"2024-02-19 04:00:00",585.2,9.71
"2024-02-20 04:00:00",587.95,9.76
"2024-02-21 04:00:00",577.45,9.58
"2024-02-22 04:00:00",574.65,9.54
"2024-02-23 04:00:00",580.7,9.64
"2024-02-26 04:00:00",576.35,9.57
"2024-02-27 04:00:00",581.6,9.65
"2024-02-28 04:00:00",580.6,9.64
"2024-02-29 04:00:00",582,9.66
"2024-03-01 04:00:00",589.95,9.79
"2024-03-02 04:00:00",,9.83
"2024-03-04 04:00:00",610.3,10.13
"2024-03-05 04:00:00",607.7,10.09
"2024-03-06 04:00:00",613.95,10.19
"2024-03-07 04:00:00",621.95,10.32
"2024-03-11 04:00:00",620.85,10.3
"2024-03-12 04:00:00",621.55,10.32
"2024-03-13 04:00:00",610.05,10.13
"2024-03-14 04:00:00",622.25,10.33
"2024-03-15 04:00:00",632.35,10.5
"2024-03-18 04:00:00",634.1,10.52
"2024-03-19 04:00:00",632.5,10.5
"2024-03-20 04:00:00",626.4,10.4
"2024-03-21 04:00:00",622.25,10.33
"2024-03-22 04:00:00",623.85,10.35
"2024-03-26 04:00:00",626.9,10.41
"2024-03-27 04:00:00",626.35,10.4
"2024-03-28 04:00:00",633.35,10.51
"2024-04-01 04:00:00",634.75,10.54
"2024-04-02 04:00:00",631.9,10.49
"2024-04-03 04:00:00",624.1,10.36
"2024-04-04 04:00:00",622.4,10.33
"2024-04-05 04:00:00",629.4,10.45
"2024-04-08 04:00:00",634.6,10.53
"2024-04-09 04:00:00",633.95,10.52
"2024-04-10 04:00:00",621.5,10.32
"2024-04-12 04:00:00",618.5,10.27
"2024-04-15 04:00:00",612.95,10.17
"2024-04-16 04:00:00",604.6,10.04
"2024-04-18 04:00:00",605.65,10.05
"2024-04-19 04:00:00",601.55,8.84
"2024-04-22 04:00:00",605.95,8.91
"2024-04-23 04:00:00",601.15,8.84
"2024-04-24 04:00:00",594.2,8.74
"2024-04-25 04:00:00",594.7,8.74
"2024-04-26 04:00:00",587.85,8.64
"2024-04-29 04:00:00",575.1,8.45
"2024-04-30 04:00:00",583.65,8.58
"2024-05-02 04:00:00",576.35,8.47
"2024-05-03 04:00:00",565.9,8.32
"2024-05-06 04:00:00",555.05,8.16
"2024-05-07 04:00:00",552.35,8.12
"2024-05-08 04:00:00",550.45,8.09
"2024-05-09 04:00:00",539.55,7.93
"2024-05-10 04:00:00",548.55,8.06
"2024-05-13 04:00:00",559.65,8.23
"2024-05-14 04:00:00",561.55,8.26
"2024-05-15 04:00:00",555.95,8.17
"2024-05-16 04:00:00",567.05,8.34
"2024-05-17 04:00:00",570.2,8.38
"2024-05-18 04:00:00",569.4,8.37
"2024-05-21 04:00:00",565.6,8.31
"2024-05-22 04:00:00",560.4,8.24
"2024-05-23 04:00:00",565.65,8.32
"2024-05-24 04:00:00",565.1,8.31
"2024-05-27 04:00:00",564.25,8.3
"2024-05-28 04:00:00",578.45,8.5
"2024-05-29 04:00:00",561.85,8.26
"2024-05-30 04:00:00",550.75,8.1
"2024-05-31 04:00:00",549.85,8.08
"2024-06-03 04:00:00",550.1,8.09
"2024-06-04 04:00:00",534.45,7.86
"2024-06-05 04:00:00",551.95,8.11
"2024-06-06 04:00:00",555.25,8.16
"2024-06-07 04:00:00",562.95,8.28
"2024-06-10 04:00:00",569.2,8.37
"2024-06-11 04:00:00",571.7,8.4
"2024-06-12 04:00:00",572.7,8.42
"2024-06-13 04:00:00",593.5,8.73
"2024-06-14 04:00:00",598.35,8.8
"2024-06-18 04:00:00",601.2,8.84
"2024-06-19 04:00:00",596.2,8.76
"2024-06-20 04:00:00",590.1,8.68
"2024-06-21 04:00:00",580.95,8.54
"2024-06-24 04:00:00",579.5,8.52
"2024-06-25 04:00:00",590.95,8.69
"2024-06-26 04:00:00",589.05,8.66
"2024-06-27 04:00:00",593.25,8.72
"2024-06-28 04:00:00",595.05,8.75
"2024-07-01 04:00:00",600.75,8.83
"2024-07-02 04:00:00",589.8,8.67
"2024-07-03 04:00:00",596.15,8.76
"2024-07-04 04:00:00",603.95,8.88
"2024-07-05 04:00:00",607.35,8.93
"2024-07-08 04:00:00",620.9,9.13
"2024-07-09 04:00:00",623.65,9.17
"2024-07-10 04:00:00",632.75,9.3
"2024-07-11 04:00:00",634.25,9.32
"2024-07-12 04:00:00",635.55,9.34
"2024-07-15 04:00:00",638.05,9.38
"2024-07-16 04:00:00",646.75,9.51
"2024-07-18 04:00:00",648.9,9.54
"2024-07-19 04:00:00",635.9,9.35
"2024-07-22 04:00:00",637.4,9.37
"2024-07-23 04:00:00",643.95,9.47
"2024-07-24 04:00:00",672.8,9.89
"2024-07-25 04:00:00",683.15,10.04
"2024-07-26 04:00:00",703.35,10.34
"2024-07-29 04:00:00",696.85,10.24
"2024-07-30 04:00:00",697.2,10.25
"2024-07-31 04:00:00",715.5,10.52
"2024-08-01 04:00:00",713.6,10.49
"2024-08-02 04:00:00",707.4,10.4
"2024-08-05 04:00:00",710.9,10.45
"2024-08-06 04:00:00",679.6,9.99
"2024-08-07 04:00:00",696.25,10.24
"2024-08-08 04:00:00",710.35,10.44
"2024-08-09 04:00:00",702.4,10.33
"2024-08-12 04:00:00",702.45,10.33
"2024-08-13 04:00:00",685,10.07
"2024-08-14 04:00:00",686.35,10.09
"2024-08-16 04:00:00",689.4,10.13
"2024-08-19 04:00:00",685.7,10.08
"2024-08-20 04:00:00",710.6,10.45
"2024-08-21 04:00:00",724.55,10.65
"2024-08-22 04:00:00",726,10.67
"2024-08-23 04:00:00",729,10.72
"2024-08-26 04:00:00",725.65,10.67
"2024-08-27 04:00:00",739.55,10.87
"2024-08-28 04:00:00",742.1,10.91
"2024-08-29 04:00:00",736.9,10.83
"2024-08-30 04:00:00",738.7,10.86
"2024-09-02 04:00:00",745.3,10.96
"2024-09-03 04:00:00",758.75,11.15
"2024-09-04 04:00:00",758.8,11.16
"2024-09-05 04:00:00",751.85,11.05
"2024-09-06 04:00:00",738.4,10.86
"2024-09-09 04:00:00",735.8,10.82
"2024-09-10 04:00:00",702.9,10.33
"2024-09-11 04:00:00",700.15,10.29
"2024-09-12 04:00:00",714.55,10.5
"2024-09-13 04:00:00",705.4,10.37
"2024-09-16 04:00:00",701.35,10.31
"2024-09-17 04:00:00",698.9,10.27
"2024-09-18 04:00:00",698.8,10.27
"2024-09-19 04:00:00",701.5,10.31
"2024-09-20 04:00:00",711.1,10.45
"2024-09-23 04:00:00",727.5,10.7
"2024-09-24 04:00:00",720.7,10.6
"2024-09-25 04:00:00",716.55,10.53
"2024-09-26 04:00:00",729.55,10.73
"2024-09-27 04:00:00",730.2,10.73
"2024-09-30 04:00:00",718,10.56
"2024-10-01 04:00:00",710.2,10.44
"2024-10-03 04:00:00",702.25,10.32
"2024-10-04 04:00:00",708.8,10.42
"2024-10-07 04:00:00",705.85,10.38
"2024-10-08 04:00:00",710.1,10.44
"2024-10-09 04:00:00",717.3,10.55
"2024-10-10 04:00:00",723.65,10.64
"2024-10-11 04:00:00",723.85,10.64
"2024-10-14 04:00:00",740.6,10.89
"2024-10-15 04:00:00",714.25,10.5
"2024-10-16 04:00:00",726.8,10.68
"2024-10-17 04:00:00",726.1,10.67
"2024-10-18 04:00:00",742.45,10.91
"2024-10-21 04:00:00",745.85,10.96
"2024-10-22 04:00:00",728.2,10.71
"2024-10-23 04:00:00",723.75,10.64
"2024-10-24 04:00:00",714.85,10.51
"2024-10-25 04:00:00",709.45,10.43
"2024-10-28 04:00:00",718.25,10.56
"2024-10-29 04:00:00",742.4,10.91
"2024-10-30 04:00:00",727.05,10.69
"2024-10-31 04:00:00",720.15,10.59
"2024-11-01 04:00:00",723.7,10.64
"2024-11-04 04:00:00",710.85,10.45
"2024-11-05 04:00:00",717.25,10.54
"2024-11-06 04:00:00",708.7,10.42
"2024-11-07 04:00:00",711.7,10.46
"2024-11-08 04:00:00",708.5,10.42
"2024-11-11 04:00:00",705.35,10.37
"2024-11-12 04:00:00",700,10.29
"2024-11-13 04:00:00",685.05,10.07
"2024-11-14 04:00:00",694,10.2
"2024-11-18 04:00:00",690.5,10.15
"2024-11-19 04:00:00",680.4,10
"2024-11-21 04:00:00",674.4,9.91
"2024-11-22 04:00:00",688.2,10.12
"2024-11-25 04:00:00",684.8,10.07
"2024-11-26 04:00:00",682.4,10.03
"2024-11-27 04:00:00",680.55,10
"2024-11-28 04:00:00",657.7,9.67
"2024-11-29 04:00:00",657.75,9.67
"2024-12-02 04:00:00",640.2,9.41
"2024-12-03 04:00:00",634,9.32
"2024-12-04 04:00:00",650.25,9.56
"2024-12-05 04:00:00",643.15,9.45
"2024-12-06 04:00:00",636.5,9.36
"2024-12-09 04:00:00",641.8,9.44
"2024-12-10 04:00:00",633.3,9.31
"2024-12-11 04:00:00",634.65,9.33
"2024-12-12 04:00:00",626.55,9.21
"2024-12-13 04:00:00",632.55,9.3
"2024-12-16 04:00:00",634.95,9.33
"2024-12-17 04:00:00",626.75,9.21
"2024-12-18 04:00:00",624.55,9.18
"2024-12-19 04:00:00",623.55,9.17
"2024-12-20 04:00:00",623.8,9.17
"2024-12-23 04:00:00",622.55,9.15
"2024-12-24 04:00:00",622.5,9.15
"2024-12-26 04:00:00",626.4,9.21
"2024-12-27 04:00:00",621.9,9.14
"2024-12-30 04:00:00",617.4,9.08
"2024-12-31 04:00:00",617.05,9.07
"2025-01-01 04:00:00",617.2,9.07
"2025-01-02 04:00:00",620.15,9.12
"2025-01-03 04:00:00",623,9.16
"2025-01-06 04:00:00",605.95,8.91
"2025-01-07 04:00:00",619.85,9.11
"2025-01-08 04:00:00",618,9.09
"2025-01-09 04:00:00",612.2,9
"2025-01-10 04:00:00",608.65,8.95
"2025-01-13 04:00:00",599.75,8.82
"2025-01-14 04:00:00",600.45,8.83
"2025-01-15 04:00:00",594.2,8.74
"2025-01-16 04:00:00",641.4,9.43
"2025-01-17 04:00:00",642.2,9.44
"2025-01-20 04:00:00",634.05,9.32
"2025-01-21 04:00:00",624,9.17
"2025-01-22 04:00:00",618.2,9.09
"2025-01-23 04:00:00",621,9.13
"2025-01-24 04:00:00",621.1,9.13
"2025-01-27 04:00:00",610.2,8.97
"2025-01-28 04:00:00",611.55,8.99
"2025-01-29 04:00:00",628.35,9.24
"2025-01-30 04:00:00",634.15,9.32
"2025-01-31 04:00:00",638.05,9.38
"2025-02-01 04:00:00",625.5,9.2
"2025-02-03 04:00:00",621.4,9.14
"2025-02-04 04:00:00",625.9,9.2
"2025-02-05 04:00:00",627.85,9.23
"2025-02-06 04:00:00",631.95,9.29
"2025-02-07 04:00:00",635.7,9.35
"2025-02-10 04:00:00",635.7,9.35
"2025-02-11 04:00:00",618.6,9.09
"2025-02-12 04:00:00",629.15,9.25
"2025-02-13 04:00:00",629.6,9.26
"2025-02-14 04:00:00",626.2,9.21
"2025-02-17 04:00:00",623.25,9.16
"2025-02-18 04:00:00",618.95,9.1
"2025-02-19 04:00:00",622.85,9.16
"2025-02-20 04:00:00",620,9.11
"2025-02-21 04:00:00",622.85,9.16
"2025-02-24 04:00:00",617,9.07
"2025-02-25 04:00:00",622.15,9.15
"2025-02-27 04:00:00",618.4,9.09
"2025-02-28 04:00:00",608.5,8.95
"2025-03-03 04:00:00",618,9.09
"2025-03-04 04:00:00",616.5,9.06
"2025-03-05 04:00:00",621.2,9.13
"2025-03-06 04:00:00",618.25,9.09
"2025-03-07 04:00:00",625.2,9.19
"2025-03-10 04:00:00",625.9,9.2
"2025-03-11 04:00:00",636.95,9.36
"2025-03-12 04:00:00",632,9.29
"2025-03-13 04:00:00",622.4,9.15
"2025-03-17 04:00:00",629.8,9.26
"2025-03-18 04:00:00",640.55,9.42
"2025-03-19 04:00:00",664.55,9.77
"2025-03-20 04:00:00",674.35,9.91
"2025-03-21 04:00:00",679.6,9.99
"2025-03-24 04:00:00",679.9,10
"2025-03-25 04:00:00",673.1,9.9
"2025-03-26 04:00:00",668.4,9.83
"2025-03-27 04:00:00",681.9,10.02
"2025-03-28 04:00:00",685.7,10.08
"2025-04-01 04:00:00",692.9,10.19
"2025-04-02 04:00:00",696.15,10.23
"2025-04-03 04:00:00",692.9,10.19
"2025-04-04 04:00:00",689.05,10.13
"2025-04-07 04:00:00",665.95,9.79
"2025-04-08 04:00:00",685.75,10.08
"2025-04-09 04:00:00",684.8,10.07
"2025-04-11 04:00:00",685.55,10.08
"2025-04-15 04:00:00",704.7,10.36
"2025-04-16 04:00:00",716.05,10.53
"2025-04-17 04:00:00",720.05,9.61
"2025-04-21 04:00:00",712.2,9.51
"2025-04-22 04:00:00",712.55,9.51
"2025-04-23 04:00:00",709.1,9.46
"2025-04-24 04:00:00",708.4,9.46
"2025-04-25 04:00:00",704.55,9.4
"2025-04-28 04:00:00",710.85,9.49
"2025-04-29 04:00:00",715.05,9.54
"2025-04-30 04:00:00",743.7,9.93
"2025-05-02 04:00:00",727.75,9.71
"2025-05-05 04:00:00",738.9,9.86
"2025-05-06 04:00:00",722.6,9.64
"2025-05-07 04:00:00",723.9,9.66
"2025-05-08 04:00:00",722.95,9.65
"2025-05-09 04:00:00",713.6,9.52
"2025-05-12 04:00:00",734.6,9.8
"2025-05-13 04:00:00",735.05,9.81
"2025-05-14 04:00:00",741.7,9.9
"2025-05-15 04:00:00",751.2,10.03
"2025-05-16 04:00:00",750.55,10.02
"2025-05-19 04:00:00",750.95,10.02
"2025-05-20 04:00:00",747.05,9.97
"2025-05-21 04:00:00",759.7,10.14
"2025-05-22 04:00:00",755.85,10.09
"2025-05-23 04:00:00",780.4,10.42
"2025-05-26 04:00:00",780,10.41
"2025-05-27 04:00:00",775.8,10.35
"2025-05-28 04:00:00",789.45,10.54
"2025-05-29 04:00:00",780.9,10.42
"2025-05-30 04:00:00",776.85,10.37
"2025-06-02 04:00:00",766.7,10.23
"2025-06-03 04:00:00",757.9,10.12
"2025-06-04 04:00:00",758.8,10.13
"2025-06-05 04:00:00",761.6,10.17
"2025-06-06 04:00:00",755.1,10.08
"2025-06-09 04:00:00",760.4,10.15
"2025-06-10 04:00:00",762.45,10.18
"2025-06-11 04:00:00",764.2,10.2
"2025-06-12 04:00:00",754.5,10.07
"2025-06-13 04:00:00",752.85,10.05
"2025-06-16 04:00:00",770.55,10.28
"2025-06-17 04:00:00",773.95,10.33
"2025-06-18 04:00:00",766.2,10.23
"2025-06-19 04:00:00",761.85,10.17
"2025-06-20 04:00:00",778.95,10.4
"2025-06-23 04:00:00",774.15,10.33
"2025-06-24 04:00:00",779.7,10.41
"2025-06-25 04:00:00",785.1,10.48
"2025-06-26 04:00:00",799.45,10.67
"2025-06-27 04:00:00",806.95,10.77
"2025-06-30 04:00:00",814.3,10.87
"2025-07-01 04:00:00",809.9,10.81
"2025-07-02 04:00:00",789.7,10.54
"2025-07-03 04:00:00",785.85,10.49
"2025-07-04 04:00:00",785.1,10.48
"2025-07-07 04:00:00",789.45,10.54
"2025-07-08 04:00:00",794.15,10.6
"2025-07-09 04:00:00",786.3,10.49
"2025-07-10 04:00:00",771.25,10.29
"2025-07-11 04:00:00",759,10.13
"2025-07-14 04:00:00",764.75,10.21
"2025-07-15 04:00:00",756.85,10.1
"2025-07-16 04:00:00",755.95,10.09
"2025-07-17 04:00:00",751.8,10.03
"2025-07-18 04:00:00",739.5,9.87
"2025-07-21 04:00:00",752.3,10.04
"2025-07-22 04:00:00",763.3,10.19
"2025-07-23 04:00:00",762.5,10.18
"2025-07-24 04:00:00",757.3,10.11
"2025-07-25 04:00:00",762.35,10.18
"2025-07-28 04:00:00",761.2,10.16
"2025-07-29 04:00:00",756.35,10.1
"2025-07-30 04:00:00",757.45,10.11
"2025-07-31 04:00:00",755.5,10.08
"2025-08-01 04:00:00",741.7,9.9
"2025-08-04 04:00:00",739.8,9.87
"2025-08-05 04:00:00",738.5,9.86
"2025-08-06 04:00:00",752.55,10.04
"2025-08-07 04:00:00",755.7,10.09
"2025-08-08 04:00:00",761.55,10.16
"2025-08-11 04:00:00",764.75,10.21
"2025-08-12 04:00:00",766.2,10.23
"2025-08-13 04:00:00",776.6,10.37
"2025-08-14 04:00:00",788.75,10.53
"2025-08-18 04:00:00",791,10.56
"2025-08-19 04:00:00",793.75,10.59
"2025-08-20 04:00:00",796.55,10.63
"2025-08-21 04:00:00",795.45,10.62
"2025-08-22 04:00:00",788.75,10.53
"2025-08-25 04:00:00",787,10.5
"2025-08-26 04:00:00",776.6,10.37
"2025-08-28 04:00:00",775.35,10.35
"2025-08-29 04:00:00",772.05,10.3
"2025-09-01 04:00:00",781.8,10.43
"2025-09-02 04:00:00",782.75,10.45
"2025-09-03 04:00:00",776.45,10.36
"2025-09-04 04:00:00",754.25,10.07
"2025-09-05 04:00:00",759.55,10.14
"2025-09-08 04:00:00",753.75,10.06
"2025-09-09 04:00:00",761.1,10.16
"2025-09-10 04:00:00",777.6,10.38
"2025-09-11 04:00:00",774.25,10.33
"2025-09-12 04:00:00",779.65,10.41
"2025-09-15 04:00:00",777.2,10.37
"2025-09-16 04:00:00",774.35,10.34
"2025-09-17 04:00:00",768.05,10.25
"2025-09-18 04:00:00",784.6,10.47
"2025-09-19 04:00:00",782.2,10.44
"2025-09-22 04:00:00",787.8,10.51
"2025-09-23 04:00:00",775.05,10.34
"2025-09-24 04:00:00",770.25,10.28
"2025-09-25 04:00:00",765.05,10.21
"2025-09-26 04:00:00",764.4,10.2
"2025-09-29 04:00:00",756.6,10.1
"2025-09-30 04:00:00",756.45,10.1
"2025-10-01 04:00:00",764,10.2
"2025-10-03 04:00:00",759.2,10.13
"2025-10-06 04:00:00",763.05,10.18
"2025-10-07 04:00:00",755.6,10.09
"2025-10-08 04:00:00",747.3,9.97
"2025-10-09 04:00:00",754.35,10.07
"2025-10-10 04:00:00",747.3,9.97
"2025-10-13 04:00:00",746.55,9.96
"2025-10-14 04:00:00",743.55,9.92
"2025-10-15 04:00:00",761.15,10.16
"2025-10-16 04:00:00",742.85,9.91
"2025-10-17 04:00:00",745.95,9.96
"2025-10-20 04:00:00",742.25,9.91
"2025-10-21 04:00:00",743.7,9.93
"2025-10-23 04:00:00",743.65,9.93
"2025-10-24 04:00:00",734.95,9.81
"2025-10-27 04:00:00",737.25,9.84
"2025-10-28 04:00:00",747,9.97
"2025-10-29 04:00:00",761.3,10.16
"2025-10-30 04:00:00",746.6,9.97
"2025-10-31 04:00:00",731.85,9.77
"2025-11-03 04:00:00",736,9.82
"2025-11-04 04:00:00",742.45,9.91
"2025-11-06 04:00:00",736.05,9.82
"2025-11-07 04:00:00",749.25,10
"2025-11-10 04:00:00",750.7,10.02
"2025-11-11 04:00:00",763.9,10.2
"2025-11-12 04:00:00",777.9