"DateTime","HDFCLIFE","HDFCLIFE - PE"
"2017-11-16 04:00:00",,75.47
"2017-11-17 04:00:00",344.6,75.47
"2017-11-20 04:00:00",355.35,84.9
"2017-11-21 04:00:00",385.3,86.46
"2017-11-22 04:00:00",395.2,82.4
"2017-11-23 04:00:00",374.85,81.32
"2017-11-24 04:00:00",370.7,81.32
"2017-11-27 04:00:00",380.35,83.83
"2017-11-28 04:00:00",382.2,83.35
"2017-11-29 04:00:00",377.8,81.64
"2017-11-30 04:00:00",371.5,81.85
"2017-12-01 04:00:00",372.75,81.85
"2017-12-04 04:00:00",362.8,79.48
"2017-12-05 04:00:00",362.35,81.22
"2017-12-06 04:00:00",368.35,85.09
"2017-12-07 04:00:00",388.3,85.15
"2017-12-08 04:00:00",389.3,85.15
"2017-12-11 04:00:00",380.8,84.77
"2017-12-12 04:00:00",383.8,83.39
"2017-12-13 04:00:00",380.8,84.47
"2017-12-14 04:00:00",384.3,83.65
"2017-12-15 04:00:00",381.4,83.65
"2017-12-18 04:00:00",377.45,82.47
"2017-12-19 04:00:00",374.9,82.84
"2017-12-20 04:00:00",375.15,82.29
"2017-12-21 04:00:00",376.05,82.14
"2017-12-22 04:00:00",374.55,82.14
"2017-12-26 04:00:00",376.55,82.27
"2017-12-27 04:00:00",374.85,83.17
"2017-12-28 04:00:00",377.95,84.47
"2017-12-29 04:00:00",386,84.47
"2018-01-01 04:00:00",389.65,87.04
"2018-01-02 04:00:00",395.5,84.64
"2018-01-03 04:00:00",385.65,87.67
"2018-01-04 04:00:00",399,89.23
"2018-01-05 04:00:00",407,89.23
"2018-01-08 04:00:00",422.1,95.61
"2018-01-09 04:00:00",435.5,94.14
"2018-01-10 04:00:00",429.25,98.23
"2018-01-11 04:00:00",446.7,99.67
"2018-01-12 04:00:00",455.95,99.67
"2018-01-15 04:00:00",474.85,106.58
"2018-01-16 04:00:00",482.65,105.25
"2018-01-17 04:00:00",478.4,107.27
"2018-01-18 04:00:00",485.05,105.55
"2018-01-19 04:00:00",481.5,102.76
"2018-01-22 04:00:00",470.2,97.49
"2018-01-23 04:00:00",458.55,97.1
"2018-01-24 04:00:00",455.25,95.61
"2018-01-25 04:00:00",448.5,95.61
"2018-01-29 04:00:00",445.35,89.34
"2018-01-30 04:00:00",421.85,91.16
"2018-01-31 04:00:00",427,95.95
"2018-02-01 04:00:00",448.25,94.76
"2018-02-02 04:00:00",442.4,94.76
"2018-02-05 04:00:00",441.7,93.75
"2018-02-06 04:00:00",438.8,92.53
"2018-02-07 04:00:00",433.45,94.32
"2018-02-08 04:00:00",441.5,93.58
"2018-02-09 04:00:00",439.55,93.58
"2018-02-12 04:00:00",441.75,93.61
"2018-02-14 04:00:00",431.9,92.47
"2018-02-15 04:00:00",432,92.1
"2018-02-16 04:00:00",431.45,92.1
"2018-02-19 04:00:00",435.9,93.11
"2018-02-20 04:00:00",434.5,96.14
"2018-02-21 04:00:00",449.6,95.93
"2018-02-22 04:00:00",450.8,100.43
"2018-02-23 04:00:00",468.85,100.43
"2018-02-26 04:00:00",468.3,100.41
"2018-02-27 04:00:00",469,98.49
"2018-02-28 04:00:00",461.2,96.27
"2018-03-01 04:00:00",450.95,96.27
"2018-03-05 04:00:00",452.9,95.29
"2018-03-06 04:00:00",447.35,93.23
"2018-03-07 04:00:00",437.55,91.85
"2018-03-08 04:00:00",430.55,90.69
"2018-03-09 04:00:00",425.55,90.69
"2018-03-12 04:00:00",430.4,94.86
"2018-03-13 04:00:00",441.95,95.06
"2018-03-14 04:00:00",445.25,95.93
"2018-03-15 04:00:00",448.6,94.56
"2018-03-16 04:00:00",443.3,94.56
"2018-03-19 04:00:00",425.9,90.37
"2018-03-20 04:00:00",422.85,90.39
"2018-03-21 04:00:00",422.5,91.07
"2018-03-22 04:00:00",427.5,91.21
"2018-03-23 04:00:00",429.15,91.21
"2018-03-26 04:00:00",437.55,95.98
"2018-03-27 04:00:00",448.65,96.81
"2018-03-28 04:00:00",454.45,96.81
"2018-04-02 04:00:00",482.65,105.31
"2018-04-03 04:00:00",493.6,106.29
"2018-04-04 04:00:00",495.85,106.4
"2018-04-05 04:00:00",497.95,106.03
"2018-04-06 04:00:00",496.35,106.03
"2018-04-09 04:00:00",492,107.85
"2018-04-10 04:00:00",503.55,106.41
"2018-04-11 04:00:00",499.75,106.54
"2018-04-12 04:00:00",499.6,106.61
"2018-04-13 04:00:00",499.8,106.61
"2018-04-16 04:00:00",494.75,105.19
"2018-04-17 04:00:00",491.3,104.93
"2018-04-18 04:00:00",493.15,97.4
"2018-04-19 04:00:00",503.5,96.11
"2018-04-20 04:00:00",495.65,96.11
"2018-04-23 04:00:00",493.6,96.63
"2018-04-24 04:00:00",499.55,99.35
"2018-04-25 04:00:00",510.6,103.85
"2018-04-26 04:00:00",533.05,100.71
"2018-04-27 04:00:00",519.15,100.71
"2018-04-30 04:00:00",518.05,100.9
"2018-05-02 04:00:00",509.95,96.46
"2018-05-03 04:00:00",496,96.63
"2018-05-04 04:00:00",500.35,96.63
"2018-05-07 04:00:00",499.9,99.64
"2018-05-08 04:00:00",509.95,99.98
"2018-05-09 04:00:00",514.75,101.04
"2018-05-10 04:00:00",517.65,101.85
"2018-05-11 04:00:00",523.3,101.85
"2018-05-14 04:00:00",540,98.74
"2018-05-15 04:00:00",506.5,96.67
"2018-05-16 04:00:00",497.55,95.77
"2018-05-17 04:00:00",494.3,96.31
"2018-05-18 04:00:00",493.95,96.31
"2018-05-21 04:00:00",489.65,93.47
"2018-05-22 04:00:00",481.6,92.6
"2018-05-23 04:00:00",476.35,92.5
"2018-05-24 04:00:00",475.05,93.61
"2018-05-25 04:00:00",481.5,93.61
"2018-05-28 04:00:00",491.25,96.24
"2018-05-29 04:00:00",494.25,97.99
"2018-05-30 04:00:00",501.2,94.88
"2018-05-31 04:00:00",491.15,95.26
"2018-06-01 04:00:00",488.85,95.26
"2018-06-04 04:00:00",473.85,90.09
"2018-06-05 04:00:00",464.35,91.06
"2018-06-06 04:00:00",467.2,91.57
"2018-06-07 04:00:00",470.55,91.76
"2018-06-08 04:00:00",472.15,91.76
"2018-06-11 04:00:00",485.85,97.99
"2018-06-12 04:00:00",503.2,95.39
"2018-06-13 04:00:00",491.25,93.87
"2018-06-14 04:00:00",481.5,91.08
"2018-06-15 04:00:00",469.75,91.08
"2018-06-18 04:00:00",479.2,92.35
"2018-06-19 04:00:00",474.75,92.31
"2018-06-20 04:00:00",473.4,91.96
"2018-06-21 04:00:00",472.4,91.57
"2018-06-22 04:00:00",471.4,91.57
"2018-06-25 04:00:00",467.2,90.79
"2018-06-26 04:00:00",467.8,91.33
"2018-06-27 04:00:00",468.7,89.43
"2018-06-28 04:00:00",460.75,88.52
"2018-06-29 04:00:00",456.15,88.52
"2018-07-02 04:00:00",458.35,89.03
"2018-07-03 04:00:00",,89.41
"2018-07-04 04:00:00",460,89.7
"2018-07-05 04:00:00",461.75,91.48
"2018-07-06 04:00:00",468.7,91.48
"2018-07-09 04:00:00",474.6,92.33
"2018-07-10 04:00:00",475.7,91.16
"2018-07-11 04:00:00",468.9,93.03
"2018-07-12 04:00:00",479.1,91.81
"2018-07-13 04:00:00",471.55,91.81
"2018-07-16 04:00:00",459.85,90.02
"2018-07-17 04:00:00",464.5,91.8
"2018-07-18 04:00:00",473.9,91.69
"2018-07-19 04:00:00",471,95.49
"2018-07-20 04:00:00",489.6,90.29
"2018-07-23 04:00:00",482.95,88.39
"2018-07-24 04:00:00",480.15,91
"2018-07-25 04:00:00",494.35,89.9
"2018-07-26 04:00:00",489.4,93.37
"2018-07-27 04:00:00",508.4,93.37
"2018-07-30 04:00:00",495.2,92.47
"2018-07-31 04:00:00",502.7,92.47
"2018-08-01 04:00:00",495.75,90.38
"2018-08-02 04:00:00",493.1,89.71
"2018-08-03 04:00:00",486.4,89.71
"2018-08-06 04:00:00",485.4,87.74
"2018-08-07 04:00:00",478.1,86.02
"2018-08-08 04:00:00",468,85.57
"2018-08-09 04:00:00",465.95,85.48
"2018-08-10 04:00:00",464.9,85.48
"2018-08-13 04:00:00",464.1,85.99
"2018-08-14 04:00:00",468.1,85.99
"2018-08-16 04:00:00",461.2,84.61
"2018-08-17 04:00:00",461.3,84.61
"2018-08-20 04:00:00",462.45,84.93
"2018-08-21 04:00:00",462.3,84.93
"2018-08-23 04:00:00",467.2,84.95
"2018-08-24 04:00:00",462.15,84.95
"2018-08-27 04:00:00",460.8,84.71
"2018-08-28 04:00:00",461.45,86.18
"2018-08-29 04:00:00",466.25,85.61
"2018-08-30 04:00:00",466.65,84.79
"2018-08-31 04:00:00",461.75,84.79
"2018-09-03 04:00:00",460.15,83.38
"2018-09-04 04:00:00",452.9,84.93
"2018-09-05 04:00:00",455.4,83.26
"2018-09-06 04:00:00",453.8,83.51
"2018-09-07 04:00:00",451.35,83.51
"2018-09-10 04:00:00",450.1,81.8
"2018-09-11 04:00:00",445.95,79.78
"2018-09-12 04:00:00",436.6,79.78
"2018-09-14 04:00:00",425.55,78.42
"2018-09-17 04:00:00",412.95,75.28
"2018-09-18 04:00:00",410.65,73.65
"2018-09-19 04:00:00",400.1,73.65
"2018-09-21 04:00:00",388.25,71.51
"2018-09-24 04:00:00",369.1,72.03
"2018-09-25 04:00:00",390,74.36
"2018-09-26 04:00:00",403.6,75.61
"2018-09-27 04:00:00",404.05,71.99
"2018-09-28 04:00:00",391.6,71.99
"2018-10-01 04:00:00",388.35,70.96
"2018-10-03 04:00:00",379.65,68.32
"2018-10-04 04:00:00",372.3,67.43
"2018-10-05 04:00:00",366.9,67.43
"2018-10-08 04:00:00",369.15,66.31
"2018-10-09 04:00:00",361.35,68.1
"2018-10-10 04:00:00",369.75,67.1
"2018-10-11 04:00:00",365.75,68.74
"2018-10-12 04:00:00",373.25,68.74
"2018-10-15 04:00:00",368.85,69.5
"2018-10-16 04:00:00",376.25,68.66
"2018-10-17 04:00:00",371.4,68.66
"2018-10-19 04:00:00",369.7,68.02
"2018-10-22 04:00:00",365.7,66.17
"2018-10-23 04:00:00",359.95,64.23
"2018-10-24 04:00:00",364.75,63.62
"2018-10-25 04:00:00",359.85,63.91
"2018-10-26 04:00:00",359.8,63.91
"2018-10-29 04:00:00",366.2,65.32
"2018-10-30 04:00:00",369.8,66.02
"2018-10-31 04:00:00",372.3,66.02
"2018-11-01 04:00:00",372.5,68.39
"2018-11-02 04:00:00",386.6,68.39
"2018-11-05 04:00:00",399.15,69.68
"2018-11-06 04:00:00",397.65,71.1
"2018-11-07 04:00:00",403.6,71.1
"2018-11-09 04:00:00",401.35,70.44
"2018-11-12 04:00:00",397.75,70.61
"2018-11-13 04:00:00",398.55,70.84
"2018-11-14 04:00:00",401.45,70.16
"2018-11-15 04:00:00",397.8,69.2
"2018-11-16 04:00:00",393.4,69.2
"2018-11-19 04:00:00",384,68.02
"2018-11-20 04:00:00",387.05,68.91
"2018-11-21 04:00:00",390.2,69.54
"2018-11-22 04:00:00",393.3,69.54
"2018-11-26 04:00:00",396.15,69.47
"2018-11-27 04:00:00",392.95,69.31
"2018-11-28 04:00:00",394.75,69.49
"2018-11-29 04:00:00",392.7,70.07
"2018-11-30 04:00:00",396.7,70.07
"2018-12-03 04:00:00",398.65,70.12
"2018-12-04 04:00:00",398.7,69.83
"2018-12-05 04:00:00",396.6,70.08
"2018-12-06 04:00:00",396.45,69.07
"2018-12-07 04:00:00",392.55,69.07
"2018-12-10 04:00:00",385.3,67.79
"2018-12-11 04:00:00",384.75,69.38
"2018-12-12 04:00:00",393.3,68.3
"2018-12-13 04:00:00",387.2,69.56
"2018-12-14 04:00:00",394.1,69.56
"2018-12-17 04:00:00",393.2,69.13
"2018-12-18 04:00:00",392.5,68.33
"2018-12-19 04:00:00",387.55,68.3
"2018-12-20 04:00:00",387.2,68
"2018-12-21 04:00:00",385.2,68
"2018-12-24 04:00:00",385.1,67.97
"2018-12-26 04:00:00",384.8,68.85
"2018-12-27 04:00:00",390.6,68.14
"2018-12-28 04:00:00",387.35,68.14
"2018-12-31 04:00:00",387.15,68.28
"2019-01-01 04:00:00",386.4,69.14
"2019-01-02 04:00:00",391.15,69
"2019-01-03 04:00:00",391.3,69.64
"2019-01-04 04:00:00",393.5,69.64
"2019-01-07 04:00:00",393.05,69.56
"2019-01-08 04:00:00",394.7,69.67
"2019-01-09 04:00:00",396,71.66
"2019-01-10 04:00:00",406.7,71.67
"2019-01-11 04:00:00",406.6,71.67
"2019-01-14 04:00:00",392.05,67.98
"2019-01-15 04:00:00",387.5,68.41
"2019-01-16 04:00:00",387.5,69.2
"2019-01-17 04:00:00",390.85,67.84
"2019-01-18 04:00:00",383.7,67.84
"2019-01-21 04:00:00",383.85,67.78
"2019-01-22 04:00:00",383.85,63.67
"2019-01-23 04:00:00",373.35,61.93
"2019-01-24 04:00:00",361.2,61.64
"2019-01-25 04:00:00",359.4,61.64
"2019-01-28 04:00:00",367.3,61.8
"2019-01-29 04:00:00",360.3,63.42
"2019-01-30 04:00:00",370.4,63.67
"2019-01-31 04:00:00",371.6,63.67
"2019-02-01 04:00:00",375.45,64.22
"2019-02-04 04:00:00",376.2,64.53
"2019-02-05 04:00:00",376.25,63.33
"2019-02-06 04:00:00",369.6,63.08
"2019-02-07 04:00:00",368.4,62.44
"2019-02-08 04:00:00",365.05,62.44
"2019-02-11 04:00:00",356.6,60.75
"2019-02-12 04:00:00",353.35,61.47
"2019-02-13 04:00:00",359.25,61.88
"2019-02-14 04:00:00",359.5,61.79
"2019-02-15 04:00:00",358.5,61.79
"2019-02-18 04:00:00",350.6,59.4
"2019-02-19 04:00:00",346.8,59.25
"2019-02-20 04:00:00",346.3,61.22
"2019-02-21 04:00:00",356.85,62.01
"2019-02-22 04:00:00",362.5,62.01
"2019-02-25 04:00:00",354.6,60.69
"2019-02-26 04:00:00",353.7,60.51
"2019-02-27 04:00:00",350.05,59.84
"2019-02-28 04:00:00",352.25,60.17
"2019-03-01 04:00:00",362.95,62.07
"2019-03-05 04:00:00",376.3,64.43
"2019-03-06 04:00:00",390.05,66.86
"2019-03-07 04:00:00",391.1,66.82
"2019-03-08 04:00:00",391.7,66.93
"2019-03-11 04:00:00",390.5,66.74
"2019-03-12 04:00:00",371.55,63.42
"2019-03-13 04:00:00",366.15,62.62
"2019-03-14 04:00:00",366.6,62.69
"2019-03-15 04:00:00",370.1,63.49
"2019-03-18 04:00:00",367.45,62.9
"2019-03-19 04:00:00",364.15,62.12
"2019-03-20 04:00:00",363.95,62.21
"2019-03-22 04:00:00",363.05,62.08
"2019-03-25 04:00:00",359.25,61.48
"2019-03-26 04:00:00",369.55,63.09
"2019-03-27 04:00:00",371.7,63.5
"2019-03-28 04:00:00",371.55,63.37
"2019-03-29 04:00:00",378.5,64.67
"2019-04-01 04:00:00",383.85,65.51
"2019-04-02 04:00:00",380.25,65.04
"2019-04-03 04:00:00",384.65,65.8
"2019-04-04 04:00:00",378.3,64.94
"2019-04-05 04:00:00",386.2,66.16
"2019-04-08 04:00:00",385.4,66.14
"2019-04-09 04:00:00",381.75,65.2
"2019-04-10 04:00:00",377.05,64.64
"2019-04-11 04:00:00",394.1,67.54
"2019-04-12 04:00:00",405.35,69.37
"2019-04-15 04:00:00",405.45,69.27
"2019-04-16 04:00:00",408.55,69.67
"2019-04-18 04:00:00",406.35,69.56
"2019-04-22 04:00:00",397.25,68
"2019-04-23 04:00:00",397.8,68.12
"2019-04-24 04:00:00",400,68.5
"2019-04-25 04:00:00",399.1,68.19
"2019-04-26 04:00:00",399.65,67.38
"2019-04-30 04:00:00",404.55,68.47
"2019-05-02 04:00:00",417.2,70.43
"2019-05-03 04:00:00",414.25,69.79
"2019-05-06 04:00:00",411.1,69.24
"2019-05-07 04:00:00",409.25,69.24
"2019-05-08 04:00:00",410.25,69.32
"2019-05-09 04:00:00",409.55,69.12
"2019-05-10 04:00:00",410.05,69.24
"2019-05-13 04:00:00",402.65,68
"2019-05-14 04:00:00",391.05,66.04
"2019-05-15 04:00:00",388.3,65.53
"2019-05-16 04:00:00",379.9,64.03
"2019-05-17 04:00:00",382.55,64.57
"2019-05-20 04:00:00",397.05,67.13
"2019-05-21 04:00:00",403.2,67.99
"2019-05-22 04:00:00",398.1,67.3
"2019-05-23 04:00:00",406.3,68.53
"2019-05-24 04:00:00",407.95,68.89
"2019-05-27 04:00:00",422.6,71.4
"2019-05-28 04:00:00",424.95,71.72
"2019-05-29 04:00:00",425.65,71.89
"2019-05-30 04:00:00",435.6,73.46
"2019-05-31 04:00:00",441.65,74.54
"2019-06-03 04:00:00",444,74.98
"2019-06-04 04:00:00",442.7,75.06
"2019-06-06 04:00:00",442.25,74.82
"2019-06-07 04:00:00",451.4,76.14
"2019-06-10 04:00:00",450.15,76.1
"2019-06-11 04:00:00",445.3,75.15
"2019-06-12 04:00:00",440.95,74.52
"2019-06-13 04:00:00",452,76.56
"2019-06-14 04:00:00",448.15,75.91
"2019-06-17 04:00:00",443.35,74.81
"2019-06-18 04:00:00",441.7,74.63
"2019-06-19 04:00:00",437.15,74.06
"2019-06-20 04:00:00",440.45,74.06
"2019-06-21 04:00:00",438.15,73.99
"2019-06-24 04:00:00",440.1,74.36
"2019-06-25 04:00:00",437.5,73.74
"2019-06-26 04:00:00",441.75,74.7
"2019-06-27 04:00:00",455.15,76.94
"2019-06-28 04:00:00",464.05,78.36
"2019-07-01 04:00:00",469.5,79.28
"2019-07-02 04:00:00",469.8,79.33
"2019-07-03 04:00:00",479.25,80.93
"2019-07-04 04:00:00",489.1,82.59
"2019-07-05 04:00:00",473.75,80
"2019-07-08 04:00:00",462.75,78.14
"2019-07-09 04:00:00",455.75,76.96
"2019-07-10 04:00:00",455.75,76.96
"2019-07-11 04:00:00",467.8,79
"2019-07-12 04:00:00",481.75,81.35
"2019-07-15 04:00:00",491.1,82.93
"2019-07-16 04:00:00",491.05,82.92
"2019-07-17 04:00:00",497.15,83.95
"2019-07-18 04:00:00",503.55,85.03
"2019-07-19 04:00:00",487.6,82.34
"2019-07-22 04:00:00",490.65,82.85
"2019-07-23 04:00:00",508.55,82.88
"2019-07-24 04:00:00",499.55,81.41
"2019-07-25 04:00:00",501.2,81.68
"2019-07-26 04:00:00",499.1,81.34
"2019-07-29 04:00:00",485.35,79.1
"2019-07-30 04:00:00",483.1,78.73
"2019-07-31 04:00:00",493.5,80.42
"2019-08-01 04:00:00",487.95,79.52
"2019-08-02 04:00:00",494.35,80.56
"2019-08-05 04:00:00",487.15,79.39
"2019-08-06 04:00:00",512.1,83.46
"2019-08-07 04:00:00",518.1,84.43
"2019-08-08 04:00:00",522.9,85.22
"2019-08-09 04:00:00",526.75,85.84
"2019-08-13 04:00:00",519.35,84.64
"2019-08-14 04:00:00",517,84.25
"2019-08-16 04:00:00",540.15,88.03
"2019-08-19 04:00:00",524.55,85.48
"2019-08-20 04:00:00",527.9,86.03
"2019-08-21 04:00:00",530.7,86.49
"2019-08-22 04:00:00",528.45,86.12
"2019-08-23 04:00:00",517.2,84.29
"2019-08-26 04:00:00",526.4,85.79
"2019-08-27 04:00:00",555.2,90.48
"2019-08-28 04:00:00",547.7,89.26
"2019-08-29 04:00:00",541.7,88.28
"2019-08-30 04:00:00",557.15,90.8
"2019-09-03 04:00:00",536.75,87.47
"2019-09-04 04:00:00",535.65,87.29
"2019-09-05 04:00:00",528.5,86.13
"2019-09-06 04:00:00",529.9,86.36
"2019-09-09 04:00:00",530.9,86.52
"2019-09-11 04:00:00",537.9,87.66
"2019-09-12 04:00:00",537.85,87.65
"2019-09-13 04:00:00",540.4,88.07
"2019-09-16 04:00:00",537.65,87.62
"2019-09-17 04:00:00",530.7,86.49
"2019-09-18 04:00:00",539.1,87.86
"2019-09-19 04:00:00",532.45,86.77
"2019-09-20 04:00:00",563.85,91.89
"2019-09-23 04:00:00",540.75,91.89
"2019-09-24 04:00:00",551.05,91.89
"2019-09-25 04:00:00",557.85,90.91
"2019-09-26 04:00:00",569.3,92.78
"2019-09-27 04:00:00",582.3,94.9
"2019-09-30 04:00:00",601.15,97.97
"2019-10-01 04:00:00",598.2,97.49
"2019-10-03 04:00:00",592.9,96.62
"2019-10-04 04:00:00",584.45,95.25
"2019-10-07 04:00:00",575.45,93.78
"2019-10-09 04:00:00",580.5,94.6
"2019-10-10 04:00:00",583.8,95.14
"2019-10-11 04:00:00",590.65,96.26
"2019-10-14 04:00:00",582.3,94.9
"2019-10-15 04:00:00",592.75,96.6
"2019-10-16 04:00:00",610.6,99.51
"2019-10-17 04:00:00",615.15,100.25
"2019-10-18 04:00:00",608.45,99.16
"2019-10-22 04:00:00",611.3,99.62
"2019-10-23 04:00:00",607.85,97.52
"2019-10-24 04:00:00",615.35,98.72
"2019-10-25 04:00:00",610.5,97.94
"2019-10-29 04:00:00",610.75,97.98
"2019-10-30 04:00:00",632.45,101.46
"2019-10-31 04:00:00",626.2,100.46
"2019-11-01 04:00:00",612.7,98.29
"2019-11-04 04:00:00",593.3,95.18
"2019-11-05 04:00:00",583.65,93.63
"2019-11-06 04:00:00",584.95,93.84
"2019-11-07 04:00:00",580.15,93.07
"2019-11-08 04:00:00",567.9,91.11
"2019-11-11 04:00:00",571,91.6
"2019-11-13 04:00:00",589.15,94.52
"2019-11-14 04:00:00",586.35,94.07
"2019-11-15 04:00:00",577.5,92.65
"2019-11-18 04:00:00",570.45,91.52
"2019-11-19 04:00:00",570.7,91.56
"2019-11-20 04:00:00",574.7,92.2
"2019-11-21 04:00:00",589.25,94.53
"2019-11-22 04:00:00",586.4,94.07
"2019-11-25 04:00:00",597.8,95.9
"2019-11-26 04:00:00",597.6,95.87
"2019-11-27 04:00:00",584.95,93.84
"2019-11-28 04:00:00",576.2,92.44
"2019-11-29 04:00:00",571.5,91.68
"2019-12-02 04:00:00",569.4,91.35
"2019-12-03 04:00:00",584.75,93.81
"2019-12-04 04:00:00",583.65,93.63
"2019-12-05 04:00:00",575.9,92.39
"2019-12-06 04:00:00",575,92.25
"2019-12-09 04:00:00",572.5,91.84
"2019-12-10 04:00:00",570.5,91.52
"2019-12-11 04:00:00",572.5,91.84
"2019-12-12 04:00:00",582.9,93.51
"2019-12-13 04:00:00",588.9,94.48
"2019-12-16 04:00:00",592.1,94.99
"2019-12-17 04:00:00",595.6,95.55
"2019-12-18 04:00:00",601.5,96.5
"2019-12-19 04:00:00",605.25,97.1
"2019-12-20 04:00:00",612.7,98.29
"2019-12-23 04:00:00",616.15,98.85
"2019-12-24 04:00:00",625.3,100.32
"2019-12-26 04:00:00",635.6,101.97
"2019-12-27 04:00:00",631.4,101.29
"2019-12-30 04:00:00",636.15,102.06
"2019-12-31 04:00:00",626.05,100.44
"2020-01-01 04:00:00",621.45,99.7
"2020-01-02 04:00:00",634.25,101.75
"2020-01-03 04:00:00",630.7,101.18
"2020-01-06 04:00:00",619.55,99.39
"2020-01-07 04:00:00",629.95,101.06
"2020-01-08 04:00:00",628.85,100.89
"2020-01-09 04:00:00",631.5,101.31
"2020-01-10 04:00:00",623.1,99.96
"2020-01-13 04:00:00",625.4,100.33
"2020-01-14 04:00:00",614.25,98.54
"2020-01-15 04:00:00",616.55,98.91
"2020-01-16 04:00:00",607.5,97.46
"2020-01-17 04:00:00",607.65,97.48
"2020-01-20 04:00:00",598.25,95.98
"2020-01-21 04:00:00",602,96.58
"2020-01-22 04:00:00",612.75,98.3
"2020-01-23 04:00:00",616,98.35
"2020-01-24 04:00:00",607.25,96.95
"2020-01-27 04:00:00",599.7,95.74
"2020-01-28 04:00:00",603.75,96.39
"2020-01-29 04:00:00",605.05,96.6
"2020-01-30 04:00:00",600.45,95.86
"2020-01-31 04:00:00",599.2,95.66
"2020-02-01 04:00:00",562.4,89.79
"2020-02-03 04:00:00",565.3,90.25
"2020-02-04 04:00:00",573.1,91.5
"2020-02-05 04:00:00",583.45,93.15
"2020-02-06 04:00:00",593.65,94.78
"2020-02-07 04:00:00",595.7,95.11
"2020-02-10 04:00:00",588.05,93.88
"2020-02-11 04:00:00",583.5,93.16
"2020-02-12 04:00:00",578.35,92.34
"2020-02-13 04:00:00",577.2,92.15
"2020-02-14 04:00:00",573.95,91.63
"2020-02-17 04:00:00",565.9,90.35
"2020-02-18 04:00:00",562.6,89.82
"2020-02-19 04:00:00",579.1,92.46
"2020-02-20 04:00:00",573.5,91.56
"2020-02-24 04:00:00",560.8,89.53
"2020-02-25 04:00:00",569.5,90.92
"2020-02-26 04:00:00",557.05,88.94
"2020-02-27 04:00:00",566.7,90.48
"2020-02-28 04:00:00",544.1,86.87
"2020-03-02 04:00:00",554.5,88.53
"2020-03-03 04:00:00",563.5,89.97
"2020-03-04 04:00:00",568.6,90.78
"2020-03-05 04:00:00",564.95,90.2
"2020-03-06 04:00:00",548.15,87.51
"2020-03-09 04:00:00",517.65,82.65
"2020-03-11 04:00:00",513.55,81.99
"2020-03-12 04:00:00",472.9,75.5
"2020-03-13 04:00:00",507.15,80.97
"2020-03-16 04:00:00",474.2,75.71
"2020-03-17 04:00:00",464.95,74.23
"2020-03-18 04:00:00",419.45,66.97
"2020-03-19 04:00:00",416.95,66.57
"2020-03-20 04:00:00",418.1,66.75
"2020-03-23 04:00:00",342.3,54.65
"2020-03-24 04:00:00",391.3,62.47
"2020-03-25 04:00:00",434.3,69.34
"2020-03-26 04:00:00",477.45,76.23
"2020-03-27 04:00:00",441,70.41
"2020-03-30 04:00:00",412.5,65.86
"2020-03-31 04:00:00",441.35,70.46
"2020-04-01 04:00:00",429.9,68.64
"2020-04-03 04:00:00",422.3,67.42
"2020-04-07 04:00:00",470.5,75.12
"2020-04-08 04:00:00",476.6,76.09
"2020-04-09 04:00:00",472.25,75.4
"2020-04-13 04:00:00",477.8,76.28
"2020-04-15 04:00:00",471.7,75.31
"2020-04-16 04:00:00",489.7,78.18
"2020-04-17 04:00:00",495.5,79.11
"2020-04-20 04:00:00",508.3,81.15
"2020-04-21 04:00:00",496.35,79.24
"2020-04-22 04:00:00",503.65,80.41
"2020-04-23 04:00:00",488.5,77.99
"2020-04-24 04:00:00",453.35,72.38
"2020-04-27 04:00:00",484.75,80.56
"2020-04-28 04:00:00",486.15,80.79
"2020-04-29 04:00:00",492.85,81.9
"2020-04-30 04:00:00",501.05,83.27
"2020-05-04 04:00:00",478.95,79.59
"2020-05-05 04:00:00",477.55,79.36
"2020-05-06 04:00:00",491,81.6
"2020-05-07 04:00:00",494.55,82.18
"2020-05-08 04:00:00",520.05,86.42
"2020-05-11 04:00:00",525.2,87.28
"2020-05-12 04:00:00",526.8,87.54
"2020-05-13 04:00:00",516.75,85.87
"2020-05-14 04:00:00",495,82.26
"2020-05-15 04:00:00",487.3,80.98
"2020-05-18 04:00:00",469.35,78
"2020-05-19 04:00:00",471.75,78.4
"2020-05-20 04:00:00",479.25,79.64
"2020-05-21 04:00:00",493.8,82.06
"2020-05-22 04:00:00",494.75,82.22
"2020-05-26 04:00:00",507.45,84.33
"2020-05-27 04:00:00",503.3,83.64
"2020-05-28 04:00:00",516.8,85.88
"2020-05-29 04:00:00",523.2,86.95
"2020-06-01 04:00:00",516.1,85.77
"2020-06-02 04:00:00",499.7,83.04
"2020-06-03 04:00:00",501.35,83.32
"2020-06-04 04:00:00",517.6,86.02
"2020-06-05 04:00:00",516.25,85.79
"2020-06-08 04:00:00",522.05,86.75
"2020-06-09 04:00:00",506.85,84.23
"2020-06-10 04:00:00",501.7,83.37
"2020-06-11 04:00:00",501.65,83.47
"2020-06-12 04:00:00",502.3,83.47
"2020-06-15 04:00:00",499.9,83.07
"2020-06-16 04:00:00",505.7,84.04
"2020-06-17 04:00:00",500.4,83.16
"2020-06-18 04:00:00",515.95,85.74
"2020-06-19 04:00:00",521.1,86.6
"2020-06-22 04:00:00",520.4,86.48
"2020-06-23 04:00:00",537.05,89.25
"2020-06-24 04:00:00",527.25,87.62
"2020-06-25 04:00:00",538.4,89.47
"2020-06-26 04:00:00",541.9,90.05
"2020-06-29 04:00:00",537.2,89.27
"2020-06-30 04:00:00",549,91.23
"2020-07-01 04:00:00",549.65,91.34
"2020-07-02 04:00:00",547.95,91.06
"2020-07-03 04:00:00",572.15,95.08
"2020-07-06 04:00:00",584.7,97.17
"2020-07-07 04:00:00",582.6,96.82
"2020-07-08 04:00:00",581.95,96.71
"2020-07-09 04:00:00",585.2,97.25
"2020-07-10 04:00:00",592.5,98.46
"2020-07-13 04:00:00",600.3,99.76
"2020-07-14 04:00:00",598.45,99.45
"2020-07-15 04:00:00",594.8,98.84
"2020-07-16 04:00:00",599.85,99.68
"2020-07-17 04:00:00",614.5,102.12
"2020-07-20 04:00:00",616.45,102.44
"2020-07-21 04:00:00",627.45,102.31
"2020-07-22 04:00:00",609.65,99.41
"2020-07-23 04:00:00",622.7,101.54
"2020-07-24 04:00:00",622.4,101.49
"2020-07-27 04:00:00",633.45,103.29
"2020-07-28 04:00:00",640.5,104.44
"2020-07-29 04:00:00",637.75,103.99
"2020-07-30 04:00:00",635.1,103.56
"2020-07-31 04:00:00",627.1,102.26
"2020-08-03 04:00:00",603,98.33
"2020-08-04 04:00:00",614.15,100.14
"2020-08-05 04:00:00",605,98.65
"2020-08-06 04:00:00",606.9,98.96
"2020-08-07 04:00:00",606.95,98.97
"2020-08-10 04:00:00",608.85,99.28
"2020-08-11 04:00:00",608.75,99.26
"2020-08-12 04:00:00",608.75,99.26
"2020-08-13 04:00:00",599.75,97.8
"2020-08-14 04:00:00",587.75,95.84
"2020-08-17 04:00:00",589.1,96.06
"2020-08-18 04:00:00",597.6,97.45
"2020-08-19 04:00:00",603.45,98.4
"2020-08-20 04:00:00",595.05,97.03
"2020-08-21 04:00:00",598.1,97.53
"2020-08-24 04:00:00",598.75,97.63
"2020-08-25 04:00:00",599.8,97.8
"2020-08-26 04:00:00",592.05,96.54
"2020-08-27 04:00:00",596.05,97.19
"2020-08-28 04:00:00",589.35,96.1
"2020-08-31 04:00:00",574.8,93.73
"2020-09-01 04:00:00",579.3,94.46
"2020-09-02 04:00:00",580.85,94.71
"2020-09-03 04:00:00",582.2,94.93
"2020-09-04 04:00:00",574.65,93.7
"2020-09-07 04:00:00",591.85,96.51
"2020-09-08 04:00:00",581.85,94.88
"2020-09-09 04:00:00",585.7,95.5
"2020-09-10 04:00:00",601.6,98.1
"2020-09-11 04:00:00",604.8,98.62
"2020-09-14 04:00:00",599.45,97.75
"2020-09-15 04:00:00",594.2,96.89
"2020-09-16 04:00:00",598.6,97.61
"2020-09-17 04:00:00",591.85,96.51
"2020-09-18 04:00:00",585.1,95.41
"2020-09-21 04:00:00",579.35,94.47
"2020-09-22 04:00:00",579.4,94.48
"2020-09-23 04:00:00",580.25,94.62
"2020-09-24 04:00:00",577.65,94.19
"2020-09-25 04:00:00",577.5,94.17
"2020-09-28 04:00:00",581.2,94.77
"2020-09-29 04:00:00",570.8,93.08
"2020-09-30 04:00:00",559.4,91.22
"2020-10-01 04:00:00",569.2,92.81
"2020-10-05 04:00:00",574.75,93.72
"2020-10-06 04:00:00",582.05,94.91
"2020-10-07 04:00:00",578.95,94.4
"2020-10-08 04:00:00",583.15,95.09
"2020-10-09 04:00:00",573.8,93.56
"2020-10-12 04:00:00",563.4,91.87
"2020-10-13 04:00:00",566.7,92.41
"2020-10-14 04:00:00",572.35,93.33
"2020-10-15 04:00:00",561.5,91.56
"2020-10-16 04:00:00",561.15,91.5
"2020-10-19 04:00:00",570.5,91.72
"2020-10-20 04:00:00",571,91.8
"2020-10-21 04:00:00",562.7,90.46
"2020-10-22 04:00:00",561.1,90.21
"2020-10-23 04:00:00",564.5,90.75
"2020-10-26 04:00:00",578.65,93.03
"2020-10-27 04:00:00",587.3,94.42
"2020-10-28 04:00:00",586.15,94.23
"2020-10-29 04:00:00",586.1,94.23
"2020-10-30 04:00:00",589.75,94.81
"2020-11-02 04:00:00",587.5,94.45
"2020-11-03 04:00:00",599.05,96.31
"2020-11-04 04:00:00",594.25,95.54
"2020-11-05 04:00:00",592.05,95.18
"2020-11-06 04:00:00",590.6,94.95
"2020-11-09 04:00:00",592.85,95.31
"2020-11-10 04:00:00",609.65,98.01
"2020-11-11 04:00:00",623.45,100.23
"2020-11-12 04:00:00",630.4,101.35
"2020-11-13 04:00:00",627.5,100.88
"2020-11-14 04:00:00",636.1,102.27
"2020-11-17 04:00:00",670.05,107.72
"2020-11-18 04:00:00",664.8,107.72
"2020-11-19 04:00:00",646.05,103.86
"2020-11-20 04:00:00",663.9,106.73
"2020-11-23 04:00:00",661.3,106.32
"2020-11-24 04:00:00",664.15,106.77
"2020-11-25 04:00:00",665.1,106.93
"2020-11-26 04:00:00",660.8,106.24
"2020-11-27 04:00:00",646.8,103.99
"2020-12-01 04:00:00",641.9,103.2
"2020-12-02 04:00:00",636.5,102.33
"2020-12-03 04:00:00",647.95,104.17
"2020-12-04 04:00:00",643.25,103.41
"2020-12-07 04:00:00",649.55,104.43
"2020-12-08 04:00:00",651.5,104.74
"2020-12-09 04:00:00",652.6,104.92
"2020-12-10 04:00:00",659.45,106.02
"2020-12-11 04:00:00",664.5,106.83
"2020-12-14 04:00:00",655.75,105.42
"2020-12-15 04:00:00",651.45,104.73
"2020-12-16 04:00:00",648.7,104.29
"2020-12-17 04:00:00",654.55,105.23
"2020-12-18 04:00:00",654.1,105.16
"2020-12-21 04:00:00",629.2,101.16
"2020-12-22 04:00:00",641.25,103.09
"2020-12-23 04:00:00",648.6,104.27
"2020-12-24 04:00:00",657.25,105.67
"2020-12-28 04:00:00",678.7,109.11
"2020-12-29 04:00:00",673.2,108.23
"2020-12-30 04:00:00",675.7,108.63
"2020-12-31 04:00:00",676.5,108.76
"2021-01-01 04:00:00",678.4,109.07
"2021-01-04 04:00:00",695.85,111.87
"2021-01-05 04:00:00",713.75,114.75
"2021-01-06 04:00:00",719.05,115.6
"2021-01-07 04:00:00",704.3,113.23
"2021-01-08 04:00:00",717,115.27
"2021-01-11 04:00:00",725.1,116.57
"2021-01-12 04:00:00",718.4,115.5
"2021-01-13 04:00:00",713.25,114.67
"2021-01-14 04:00:00",706.9,113.65
"2021-01-15 04:00:00",704.85,113.32
"2021-01-18 04:00:00",693.95,111.57
"2021-01-19 04:00:00",698.55,112.31
"2021-01-20 04:00:00",702.95,113.01
"2021-01-21 04:00:00",700.5,112.62
"2021-01-22 04:00:00",687.4,110.51
"2021-01-25 04:00:00",680.4,108.39
"2021-01-27 04:00:00",682.85,108.78
"2021-01-28 04:00:00",671.8,107.02
"2021-01-29 04:00:00",677.95,108
"2021-02-01 04:00:00",699.05,111.36
"2021-02-02 04:00:00",681.05,108.49
"2021-02-03 04:00:00",689.2,109.79
"2021-02-04 04:00:00",680.4,108.39
"2021-02-05 04:00:00",681.55,108.57
"2021-02-08 04:00:00",684.05,108.97
"2021-02-09 04:00:00",704.9,112.29
"2021-02-10 04:00:00",719.05,114.55
"2021-02-11 04:00:00",714.2,113.77
"2021-02-12 04:00:00",710.95,113.26
"2021-02-15 04:00:00",695.25,110.75
"2021-02-16 04:00:00",695.35,110.77
"2021-02-17 04:00:00",703.1,112.01
"2021-02-18 04:00:00",713.45,113.65
"2021-02-19 04:00:00",710.65,113.21
"2021-02-22 04:00:00",690.6,110.01
"2021-02-23 04:00:00",705.7,112.42
"2021-02-24 04:00:00",718.8,114.51
"2021-02-25 04:00:00",733.5,116.85
"2021-02-26 04:00:00",700.65,111.61
"2021-03-01 04:00:00",705.25,112.35
"2021-03-02 04:00:00",720.8,114.82
"2021-03-03 04:00:00",727.5,115.89
"2021-03-04 04:00:00",720.5,114.78
"2021-03-05 04:00:00",717.25,114.26
"2021-03-08 04:00:00",722.95,115.17
"2021-03-09 04:00:00",740.2,117.92
"2021-03-10 04:00:00",731.35,116.51
"2021-03-12 04:00:00",710.8,113.23
"2021-03-15 04:00:00",704.15,112.17
"2021-03-16 04:00:00",703.05,112
"2021-03-17 04:00:00",689.8,109.89
"2021-03-18 04:00:00",680.85,108.46
"2021-03-19 04:00:00",688.45,109.67
"2021-03-22 04:00:00",679.85,108.3
"2021-03-23 04:00:00",683.55,108.89
"2021-03-24 04:00:00",676.5,107.77
"2021-03-25 04:00:00",667,106.25
"2021-03-26 04:00:00",671.7,107
"2021-03-30 04:00:00",687.75,109.56
"2021-03-31 04:00:00",696.2,110.91
"2021-04-01 04:00:00",691,110.08
"2021-04-05 04:00:00",682.15,108.67
"2021-04-06 04:00:00",697.15,111.06
"2021-04-07 04:00:00",699.85,111.49
"2021-04-08 04:00:00",701.45,111.74
"2021-04-09 04:00:00",694.85,110.69
"2021-04-12 04:00:00",687.3,109.49
"2021-04-13 04:00:00",706.1,112.48
"2021-04-15 04:00:00",694.45,110.63
"2021-04-16 04:00:00",690.65,110.02
"2021-04-19 04:00:00",665.95,106.09
"2021-04-20 04:00:00",685.2,109.15
"2021-04-22 04:00:00",679.05,108.17
"2021-04-23 04:00:00",686.35,109.34
"2021-04-26 04:00:00",704.45,112.22
"2021-04-27 04:00:00",678.75,107.54
"2021-04-28 04:00:00",672.6,106.56
"2021-04-29 04:00:00",674.65,106.89
"2021-04-30 04:00:00",665.1,105.37
"2021-05-03 04:00:00",671.9,106.45
"2021-05-04 04:00:00",667.85,105.81
"2021-05-05 04:00:00",674.4,106.85
"2021-05-06 04:00:00",671.8,106.44
"2021-05-07 04:00:00",672.65,106.57
"2021-05-10 04:00:00",680.05,107.74
"2021-05-11 04:00:00",671.25,106.35
"2021-05-12 04:00:00",668.8,105.96
"2021-05-14 04:00:00",670.6,106.25
"2021-05-17 04:00:00",666.3,105.56
"2021-05-18 04:00:00",666.7,105.63
"2021-05-19 04:00:00",666.15,105.54
"2021-05-20 04:00:00",667.5,105.75
"2021-05-21 04:00:00",670.7,106.26
"2021-05-24 04:00:00",670.25,106.19
"2021-05-25 04:00:00",659.15,104.43
"2021-05-26 04:00:00",658.5,104.33
"2021-05-27 04:00:00",664.05,105.21
"2021-05-28 04:00:00",668.95,105.98
"2021-05-31 04:00:00",665.9,105.5
"2021-06-01 04:00:00",665.25,105.4
"2021-06-02 04:00:00",675.9,107.09
"2021-06-03 04:00:00",678.45,107.49
"2021-06-04 04:00:00",680.9,107.88
"2021-06-07 04:00:00",680.1,107.75
"2021-06-08 04:00:00",689.7,109.27
"2021-06-09 04:00:00",684.9,108.51
"2021-06-10 04:00:00",689.25,109.2
"2021-06-11 04:00:00",682.6,108.15
"2021-06-14 04:00:00",681.7,108
"2021-06-15 04:00:00",692.55,109.72
"2021-06-16 04:00:00",692.15,109.66
"2021-06-17 04:00:00",700.3,110.95
"2021-06-18 04:00:00",709.2,112.36
"2021-06-21 04:00:00",718.75,113.87
"2021-06-22 04:00:00",716.75,113.56
"2021-06-23 04:00:00",717.75,113.72
"2021-06-24 04:00:00",719.6,114.01
"2021-06-25 04:00:00",725.95,115.02
"2021-06-28 04:00:00",696.2,110.3
"2021-06-29 04:00:00",686.5,108.77
"2021-06-30 04:00:00",686.3,108.73
"2021-07-01 04:00:00",685.75,108.65
"2021-07-02 04:00:00",687.5,108.92
"2021-07-05 04:00:00",677.9,107.4
"2021-07-06 04:00:00",680.05,107.74
"2021-07-07 04:00:00",685.2,108.56
"2021-07-08 04:00:00",681.3,107.94
"2021-07-09 04:00:00",683.25,108.25
"2021-07-12 04:00:00",682.95,108.2
"2021-07-13 04:00:00",693.4,109.86
"2021-07-14 04:00:00",688.5,109.08
"2021-07-15 04:00:00",693.65,109.9
"2021-07-16 04:00:00",698,110.59
"2021-07-19 04:00:00",678.7,124.02
"2021-07-20 04:00:00",663.45,121.24
"2021-07-22 04:00:00",662.1,120.99
"2021-07-23 04:00:00",665.35,121.58
"2021-07-26 04:00:00",663.1,121.17
"2021-07-27 04:00:00",668.75,122.21
"2021-07-28 04:00:00",664.85,121.49
"2021-07-29 04:00:00",662.65,121.09
"2021-07-30 04:00:00",664.05,121.35
"2021-08-02 04:00:00",670.35,122.5
"2021-08-03 04:00:00",673.8,123.13
"2021-08-04 04:00:00",675.3,123.4
"2021-08-05 04:00:00",669.5,122.34
"2021-08-06 04:00:00",673.4,123.06
"2021-08-09 04:00:00",667,121.89
"2021-08-10 04:00:00",670.3,122.49
"2021-08-11 04:00:00",666.65,121.82
"2021-08-12 04:00:00",674.95,123.34
"2021-08-13 04:00:00",670.5,122.53
"2021-08-16 04:00:00",673.55,123.08
"2021-08-17 04:00:00",669.4,122.32
"2021-08-18 04:00:00",671.05,122.63
"2021-08-20 04:00:00",667.85,122.04
"2021-08-23 04:00:00",668.8,122.22
"2021-08-24 04:00:00",671.1,122.64
"2021-08-25 04:00:00",687.55,125.64
"2021-08-26 04:00:00",698.85,127.71
"2021-08-27 04:00:00",704.1,128.67
"2021-08-30 04:00:00",712.35,130.17
"2021-08-31 04:00:00",717.75,131.16
"2021-09-01 04:00:00",718.55,131.31
"2021-09-02 04:00:00",759,138.7
"2021-09-03 04:00:00",734.4,134.2
"2021-09-06 04:00:00",736.05,134.5
"2021-09-07 04:00:00",734.25,134.18
"2021-09-08 04:00:00",743.65,135.89
"2021-09-09 04:00:00",737.35,134.74
"2021-09-13 04:00:00",734.9,134.29
"2021-09-14 04:00:00",739.2,135.08
"2021-09-15 04:00:00",746.3,136.38
"2021-09-16 04:00:00",755.15,137.99
"2021-09-17 04:00:00",747.75,136.64
"2021-09-20 04:00:00",730.15,133.43
"2021-09-21 04:00:00",735.8,134.46
"2021-09-22 04:00:00",733.05,133.96
"2021-09-23 04:00:00",724.65,132.42
"2021-09-24 04:00:00",725.8,132.63
"2021-09-27 04:00:00",721,131.75
"2021-09-28 04:00:00",725.8,132.63
"2021-09-29 04:00:00",734.75,134.27
"2021-09-30 04:00:00",722.4,132.01
"2021-10-01 04:00:00",729.45,133.3
"2021-10-04 04:00:00",726.65,132.79
"2021-10-05 04:00:00",733.15,133.97
"2021-10-06 04:00:00",725.65,132.6
"2021-10-07 04:00:00",725.35,132.55
"2021-10-08 04:00:00",722.1,131.95
"2021-10-11 04:00:00",717.3,131.08
"2021-10-12 04:00:00",703.4,128.54
"2021-10-13 04:00:00",700.9,128.08
"2021-10-14 04:00:00",693.8,126.78
"2021-10-18 04:00:00",703.6,128.57
"2021-10-19 04:00:00",702.8,128.43
"2021-10-20 04:00:00",703.4,128.54
"2021-10-21 04:00:00",694.55,126.92
"2021-10-22 04:00:00",690.75,126.23
"2021-10-25 04:00:00",683.25,130.6
"2021-10-26 04:00:00",690.05,131.9
"2021-10-27 04:00:00",693.85,132.63
"2021-10-28 04:00:00",683.1,130.57
"2021-10-29 04:00:00",680.45,130.07
"2021-11-01 04:00:00",689.8,131.85
"2021-11-02 04:00:00",692.65,132.4
"2021-11-03 04:00:00",692.3,132.33
"2021-11-04 04:00:00",696.4,133.12
"2021-11-08 04:00:00",703.25,134.43
"2021-11-09 04:00:00",706.45,135.04
"2021-11-10 04:00:00",706.5,135.05
"2021-11-11 04:00:00",702.6,134.3
"2021-11-12 04:00:00",720.6,137.74
"2021-11-15 04:00:00",714.6,136.6
"2021-11-16 04:00:00",713.6,136.4
"2021-11-17 04:00:00",711.05,135.92
"2021-11-18 04:00:00",704.5,134.66
"2021-11-22 04:00:00",688.85,131.67
"2021-11-23 04:00:00",695.4,132.93
"2021-11-24 04:00:00",687.2,131.36
"2021-11-25 04:00:00",688.8,131.66
"2021-11-26 04:00:00",670.65,128.19
"2021-11-29 04:00:00",683.65,130.68
"2021-11-30 04:00:00",680.8,130.13
"2021-12-01 04:00:00",693.85,132.63
"2021-12-02 04:00:00",705.3,134.82
"2021-12-03 04:00:00",690.95,132.07
"2021-12-06 04:00:00",684.2,130.78
"2021-12-07 04:00:00",694.4,132.73
"2021-12-08 04:00:00",686.4,131.2
"2021-12-09 04:00:00",683.15,130.58
"2021-12-10 04:00:00",684.75,130.89
"2021-12-13 04:00:00",674.4,128.91
"2021-12-14 04:00:00",669.5,127.97
"2021-12-15 04:00:00",672.85,128.61
"2021-12-16 04:00:00",669.5,127.97
"2021-12-17 04:00:00",656.6,125.51
"2021-12-20 04:00:00",633.6,121.11
"2021-12-21 04:00:00",638.75,122.1
"2021-12-22 04:00:00",639.9,122.32
"2021-12-23 04:00:00",640.5,122.43
"2021-12-24 04:00:00",637.35,121.83
"2021-12-27 04:00:00",639.75,122.29
"2021-12-28 04:00:00",642.3,122.78
"2021-12-29 04:00:00",644.75,123.24
"2021-12-30 04:00:00",640.9,122.51
"2021-12-31 04:00:00",649.55,124.16
"2022-01-03 04:00:00",650.5,124.34
"2022-01-04 04:00:00",653.15,124.85
"2022-01-05 04:00:00",653.55,124.93
"2022-01-06 04:00:00",646.9,123.65
"2022-01-07 04:00:00",660.3,126.22
"2022-01-10 04:00:00",662.95,126.72
"2022-01-11 04:00:00",658.15,125.8
"2022-01-12 04:00:00",673.25,128.69
"2022-01-13 04:00:00",670.35,128.14
"2022-01-14 04:00:00",671.45,128.35
"2022-01-17 04:00:00",674.15,128.86
"2022-01-18 04:00:00",669.1,127.9
"2022-01-19 04:00:00",656.05,125.4
"2022-01-20 04:00:00",649.45,124.14
"2022-01-21 04:00:00",641.45,121.34
"2022-01-24 04:00:00",627.6,118.72
"2022-01-25 04:00:00",630.8,119.32
"2022-01-27 04:00:00",621.5,117.57
"2022-01-28 04:00:00",620.45,117.37
"2022-01-31 04:00:00",622.45,117.74
"2022-02-01 04:00:00",623.9,118.02
"2022-02-02 04:00:00",644.15,121.85
"2022-02-03 04:00:00",634.4,120.01
"2022-02-04 04:00:00",624.35,118.1
"2022-02-07 04:00:00",603.25,114.11
"2022-02-08 04:00:00",600.45,113.58
"2022-02-09 04:00:00",600.2,113.54
"2022-02-10 04:00:00",606.25,114.68
"2022-02-11 04:00:00",595.35,112.62
"2022-02-14 04:00:00",557.3,105.42
"2022-02-15 04:00:00",573.6,108.5
"2022-02-16 04:00:00",586.35,110.92
"2022-02-17 04:00:00",592.6,112.1
"2022-02-18 04:00:00",590.95,111.79
"2022-02-21 04:00:00",582,110.09
"2022-02-22 04:00:00",572.75,108.34
"2022-02-23 04:00:00",569.05,107.64
"2022-02-24 04:00:00",532.95,100.81
"2022-02-25 04:00:00",538.9,101.94
"2022-02-28 04:00:00",523.2,98.97
"2022-03-02 04:00:00",560.8,106.08
"2022-03-03 04:00:00",531.75,100.59
"2022-03-04 04:00:00",521.5,98.65
"2022-03-07 04:00:00",503.5,95.24
"2022-03-08 04:00:00",513.05,97.05
"2022-03-09 04:00:00",514.7,97.36
"2022-03-10 04:00:00",521.3,98.61
"2022-03-11 04:00:00",518.8,98.14
"2022-03-14 04:00:00",512.45,96.94
"2022-03-15 04:00:00",504.7,95.47
"2022-03-16 04:00:00",517.3,97.85
"2022-03-17 04:00:00",530.15,100.29
"2022-03-21 04:00:00",522.35,98.81
"2022-03-22 04:00:00",529.3,100.12
"2022-03-23 04:00:00",525.85,99.47
"2022-03-24 04:00:00",522.35,98.81
"2022-03-25 04:00:00",519.55,98.28
"2022-03-28 04:00:00",512.6,96.97
"2022-03-29 04:00:00",523,98.93
"2022-03-30 04:00:00",542.3,102.58
"2022-03-31 04:00:00",538.2,101.81
"2022-04-01 04:00:00",550.35,104.11
"2022-04-04 04:00:00",571.8,108.16
"2022-04-05 04:00:00",569.65,107.76
"2022-04-06 04:00:00",555.85,105.15
"2022-04-07 04:00:00",559,105.74
"2022-04-08 04:00:00",564.8,106.84
"2022-04-11 04:00:00",567.4,107.33
"2022-04-12 04:00:00",562.3,106.37
"2022-04-13 04:00:00",564.85,106.85
"2022-04-18 04:00:00",574.3,108.64
"2022-04-19 04:00:00",546.7,103.42
"2022-04-20 04:00:00",559.3,105.8
"2022-04-21 04:00:00",570.95,108
"2022-04-22 04:00:00",554.05,104.81
"2022-04-25 04:00:00",540,102.15
"2022-04-26 04:00:00",549.85,89.34
"2022-04-27 04:00:00",547.65,88.99
"2022-04-28 04:00:00",571.4,92.84
"2022-04-29 04:00:00",582.4,94.63
"2022-05-02 04:00:00",579.85,94.22
"2022-05-04 04:00:00",567.6,92.23
"2022-05-05 04:00:00",569.75,92.58
"2022-05-06 04:00:00",565.95,91.96
"2022-05-09 04:00:00",563.85,91.62
"2022-05-10 04:00:00",559.2,90.86
"2022-05-11 04:00:00",563.55,91.57
"2022-05-12 04:00:00",547.25,88.92
"2022-05-13 04:00:00",550.75,89.49
"2022-05-16 04:00:00",549.7,89.32
"2022-05-17 04:00:00",554.85,90.16
"2022-05-18 04:00:00",550,89.37
"2022-05-19 04:00:00",528.7,85.91
"2022-05-20 04:00:00",544.7,88.51
"2022-05-23 04:00:00",551.15,89.55
"2022-05-24 04:00:00",552.9,89.84
"2022-05-25 04:00:00",569.1,92.47
"2022-05-26 04:00:00",578.05,93.93
"2022-05-27 04:00:00",598.1,97.18
"2022-05-30 04:00:00",608.9,98.94
"2022-05-31 04:00:00",598.95,97.32
"2022-06-01 04:00:00",607.15,98.65
"2022-06-02 04:00:00",607.9,98.78
"2022-06-03 04:00:00",602.7,97.93
"2022-06-06 04:00:00",606.1,98.48
"2022-06-07 04:00:00",605.3,98.35
"2022-06-08 04:00:00",599.95,97.48
"2022-06-09 04:00:00",604.9,98.29
"2022-06-10 04:00:00",593.1,96.37
"2022-06-13 04:00:00",582,94.57
"2022-06-14 04:00:00",572.4,93.01
"2022-06-15 04:00:00",579.75,94.2
"2022-06-16 04:00:00",570.55,92.71
"2022-06-17 04:00:00",550.8,89.5
"2022-06-20 04:00:00",553.15,89.88
"2022-06-21 04:00:00",564.45,91.72
"2022-06-22 04:00:00",551.8,89.66
"2022-06-23 04:00:00",558.1,90.68
"2022-06-24 04:00:00",561.45,91.23
"2022-06-27 04:00:00",558,90.67
"2022-06-28 04:00:00",565.95,91.96
"2022-06-29 04:00:00",541.25,87.95
"2022-06-30 04:00:00",550,89.37
"2022-07-01 04:00:00",565.45,91.88
"2022-07-04 04:00:00",574.3,93.32
"2022-07-05 04:00:00",564.85,91.78
"2022-07-06 04:00:00",557.45,90.58
"2022-07-07 04:00:00",554.6,90.12
"2022-07-08 04:00:00",545.35,88.61
"2022-07-11 04:00:00",546.65,88.82
"2022-07-12 04:00:00",539.75,87.7
"2022-07-13 04:00:00",539.5,87.66
"2022-07-14 04:00:00",537.15,87.28
"2022-07-15 04:00:00",539.9,87.73
"2022-07-18 04:00:00",542.75,88.19
"2022-07-19 04:00:00",535.9,83.36
"2022-07-20 04:00:00",525.2,81.69
"2022-07-21 04:00:00",529.1,82.3
"2022-07-22 04:00:00",535,83.22
"2022-07-25 04:00:00",526.75,81.93
"2022-07-26 04:00:00",522.55,81.28
"2022-07-27 04:00:00",521.25,81.08
"2022-07-28 04:00:00",531.6,82.69
"2022-07-29 04:00:00",555.5,86.4
"2022-08-01 04:00:00",546.05,84.93
"2022-08-02 04:00:00",538.5,83.76
"2022-08-03 04:00:00",535.35,83.27
"2022-08-04 04:00:00",534.9,83.2
"2022-08-05 04:00:00",539.25,83.88
"2022-08-08 04:00:00",536.75,83.49
"2022-08-10 04:00:00",540.9,84.13
"2022-08-11 04:00:00",541.55,84.23
"2022-08-12 04:00:00",544.95,84.76
"2022-08-16 04:00:00",570.6,88.75
"2022-08-17 04:00:00",589.35,91.67
"2022-08-18 04:00:00",586.75,91.26
"2022-08-19 04:00:00",576.65,89.69
"2022-08-22 04:00:00",566.65,88.14
"2022-08-23 04:00:00",565.85,88.01
"2022-08-24 04:00:00",566.65,88.14
"2022-08-25 04:00:00",571.05,88.82
"2022-08-26 04:00:00",566.9,88.18
"2022-08-29 04:00:00",560.95,87.25
"2022-08-30 04:00:00",575.2,89.47
"2022-09-01 04:00:00",575.6,89.53
"2022-09-02 04:00:00",574.85,89.41
"2022-09-05 04:00:00",573.65,89.23
"2022-09-06 04:00:00",573.5,89.2
"2022-09-07 04:00:00",576.95,89.74
"2022-09-08 04:00:00",584.35,90.89
"2022-09-09 04:00:00",575.95,89.58
"2022-09-12 04:00:00",578.55,89.99
"2022-09-13 04:00:00",587.05,91.31
"2022-09-14 04:00:00",576.35,89.65
"2022-09-15 04:00:00",566.75,88.15
"2022-09-16 04:00:00",546.75,85.04
"2022-09-19 04:00:00",548.1,85.25
"2022-09-20 04:00:00",559.75,87.07
"2022-09-21 04:00:00",551.4,85.77
"2022-09-22 04:00:00",545.8,84.9
"2022-09-23 04:00:00",539.45,83.91
"2022-09-26 04:00:00",522.75,81.31
"2022-09-27 04:00:00",520.85,81.01
"2022-09-28 04:00:00",514.45,80.02
"2022-09-29 04:00:00",528,82.13
"2022-09-30 04:00:00",530.45,82.51
"2022-10-03 04:00:00",518.7,80.68
"2022-10-04 04:00:00",531.95,82.74
"2022-10-06 04:00:00",529.65,82.38
"2022-10-07 04:00:00",526.85,81.95
"2022-10-10 04:00:00",533.2,82.94
"2022-10-11 04:00:00",522.55,81.28
"2022-10-12 04:00:00",526.6,81.91
"2022-10-13 04:00:00",520.65,80.98
"2022-10-14 04:00:00",523,81.35
"2022-10-17 04:00:00",523.75,81.47
"2022-10-18 04:00:00",531.25,82.63
"2022-10-19 04:00:00",531.55,82.68
"2022-10-20 04:00:00",537.2,83.56
"2022-10-21 04:00:00",541.95,81.19
"2022-10-24 04:00:00",541.55,81.13
"2022-10-25 04:00:00",533.45,79.91
"2022-10-27 04:00:00",533,79.85
"2022-10-28 04:00:00",530.1,79.41
"2022-10-31 04:00:00",540.45,80.96
"2022-11-01 04:00:00",544.55,81.58
"2022-11-02 04:00:00",542.25,81.23
"2022-11-03 04:00:00",545.4,81.7
"2022-11-04 04:00:00",539.3,80.79
"2022-11-07 04:00:00",536,80.29
"2022-11-09 04:00:00",531.75,79.66
"2022-11-10 04:00:00",528.25,79.13
"2022-11-11 04:00:00",542.65,81.29
"2022-11-14 04:00:00",538.85,80.72
"2022-11-15 04:00:00",532.9,79.83
"2022-11-16 04:00:00",528.1,79.11
"2022-11-17 04:00:00",531.2,79.58
"2022-11-18 04:00:00",531.55,79.63
"2022-11-21 04:00:00",532.35,79.75
"2022-11-22 04:00:00",539.95,80.89
"2022-11-23 04:00:00",547.65,82.04
"2022-11-24 04:00:00",572.55,85.77
"2022-11-25 04:00:00",586.6,87.87
"2022-11-28 04:00:00",586,87.78
"2022-11-29 04:00:00",584.85,87.61
"2022-11-30 04:00:00",590.6,88.47
"2022-12-01 04:00:00",596.45,89.35
"2022-12-02 04:00:00",589.85,88.36
"2022-12-05 04:00:00",588.9,88.22
"2022-12-06 04:00:00",586.8,87.9
"2022-12-07 04:00:00",581.8,87.16
"2022-12-08 04:00:00",577.5,86.51
"2022-12-09 04:00:00",579.6,86.83
"2022-12-12 04:00:00",576.5,86.36
"2022-12-13 04:00:00",582.35,87.24
"2022-12-14 04:00:00",580.35,86.94
"2022-12-15 04:00:00",580.2,86.92
"2022-12-16 04:00:00",575.2,86.17
"2022-12-19 04:00:00",584.45,87.55
"2022-12-20 04:00:00",579.8,86.86
"2022-12-21 04:00:00",575.4,86.2
"2022-12-22 04:00:00",577.85,86.56
"2022-12-23 04:00:00",565.45,84.71
"2022-12-26 04:00:00",569.3,85.28
"2022-12-27 04:00:00",569.8,85.36
"2022-12-28 04:00:00",568.2,85.12
"2022-12-29 04:00:00",571,85.54
"2022-12-30 04:00:00",566.25,84.83
"2023-01-02 04:00:00",570.3,85.43
"2023-01-03 04:00:00",595.6,89.22
"2023-01-04 04:00:00",598.6,89.67
"2023-01-05 04:00:00",609.45,91.3
"2023-01-06 04:00:00",611.65,91.63
"2023-01-09 04:00:00",608.45,91.15
"2023-01-10 04:00:00",600.2,89.91
"2023-01-11 04:00:00",599.85,89.86
"2023-01-12 04:00:00",598.4,89.64
"2023-01-13 04:00:00",604.5,90.56
"2023-01-16 04:00:00",604.2,90.51
"2023-01-17 04:00:00",609.45,91.3
"2023-01-18 04:00:00",601.05,90.04
"2023-01-19 04:00:00",605.25,90.67
"2023-01-20 04:00:00",590.55,86.04
"2023-01-23 04:00:00",589.2,85.84
"2023-01-24 04:00:00",589.55,85.89
"2023-01-25 04:00:00",585.05,85.24
"2023-01-27 04:00:00",587.7,85.62
"2023-01-30 04:00:00",587.95,85.66
"2023-01-31 04:00:00",578.85,84.33
"2023-02-01 04:00:00",515.7,75.13
"2023-02-02 04:00:00",492.7,71.78
"2023-02-03 04:00:00",488.9,71.23
"2023-02-06 04:00:00",482.05,70.23
"2023-02-07 04:00:00",482.95,70.36
"2023-02-08 04:00:00",508.55,74.09
"2023-02-09 04:00:00",518.65,75.56
"2023-02-10 04:00:00",522.55,76.13
"2023-02-13 04:00:00",514.5,74.96
"2023-02-14 04:00:00",512.05,74.6
"2023-02-15 04:00:00",519.1,75.63
"2023-02-16 04:00:00",514.6,74.97
"2023-02-17 04:00:00",504.25,73.46
"2023-02-20 04:00:00",507.95,74
"2023-02-21 04:00:00",501.05,73
"2023-02-22 04:00:00",494.45,72.04
"2023-02-23 04:00:00",486.85,70.93
"2023-02-24 04:00:00",482.85,70.35
"2023-02-27 04:00:00",488.7,71.2
"2023-02-28 04:00:00",488.8,71.21
"2023-03-01 04:00:00",489.75,71.35
"2023-03-02 04:00:00",482.8,70.34
"2023-03-03 04:00:00",489.95,71.38
"2023-03-06 04:00:00",490.15,71.41
"2023-03-08 04:00:00",495.2,72.15
"2023-03-09 04:00:00",491.25,71.57
"2023-03-10 04:00:00",490.25,71.42
"2023-03-13 04:00:00",478.95,69.78
"2023-03-14 04:00:00",470.55,68.55
"2023-03-15 04:00:00",466.7,67.99
"2023-03-16 04:00:00",461.4,67.22
"2023-03-17 04:00:00",471.25,68.66
"2023-03-20 04:00:00",465.25,67.78
"2023-03-21 04:00:00",482.75,70.33
"2023-03-22 04:00:00",497.45,72.47
"2023-03-23 04:00:00",498.55,72.63
"2023-03-24 04:00:00",492.25,71.72
"2023-03-27 04:00:00",492.95,71.82
"2023-03-28 04:00:00",489.7,71.34
"2023-03-29 04:00:00",495.95,72.26
"2023-03-31 04:00:00",499.2,72.73
"2023-04-03 04:00:00",503.7,73.38
"2023-04-05 04:00:00",507.75,73.97
"2023-04-06 04:00:00",514.65,74.98
"2023-04-10 04:00:00",513.7,74.84
"2023-04-11 04:00:00",513.55,74.82
"2023-04-12 04:00:00",517.05,75.33
"2023-04-13 04:00:00",531.85,77.49
"2023-04-17 04:00:00",533.4,77.71
"2023-04-18 04:00:00",532.3,77.55
"2023-04-19 04:00:00",524.8,76.46
"2023-04-20 04:00:00",530.25,77.25
"2023-04-21 04:00:00",513.3,74.78
"2023-04-24 04:00:00",547.55,79.77
"2023-04-25 04:00:00",529.75,77.18
"2023-04-26 04:00:00",531.6,85.81
"2023-04-27 04:00:00",517.85,83.59
"2023-04-28 04:00:00",529.75,85.51
"2023-05-02 04:00:00",544.5,87.89
"2023-05-03 04:00:00",538.7,86.96
"2023-05-04 04:00:00",546.5,88.22
"2023-05-05 04:00:00",539.7,87.12
"2023-05-08 04:00:00",549.55,88.71
"2023-05-09 04:00:00",552.05,89.11
"2023-05-10 04:00:00",562.65,90.82
"2023-05-11 04:00:00",567.4,91.59
"2023-05-12 04:00:00",560.65,90.5
"2023-05-15 04:00:00",559.3,90.28
"2023-05-16 04:00:00",559.5,90.32
"2023-05-17 04:00:00",560.1,90.41
"2023-05-18 04:00:00",561.55,90.65
"2023-05-19 04:00:00",557.6,90.01
"2023-05-22 04:00:00",567,91.53
"2023-05-23 04:00:00",562.7,90.83
"2023-05-24 04:00:00",566,91.36
"2023-05-25 04:00:00",572.05,92.34
"2023-05-26 04:00:00",577.2,93.17
"2023-05-29 04:00:00",579.05,93.47
"2023-05-30 04:00:00",585.15,94.46
"2023-05-31 04:00:00",592.35,95.62
"2023-06-01 04:00:00",582.2,93.98
"2023-06-02 04:00:00",576.4,93.04
"2023-06-05 04:00:00",574.15,92.68
"2023-06-06 04:00:00",579.7,93.58
"2023-06-07 04:00:00",594.45,95.96
"2023-06-08 04:00:00",593.9,95.87
"2023-06-09 04:00:00",581.7,93.9
"2023-06-12 04:00:00",584.4,94.33
"2023-06-13 04:00:00",584.8,94.4
"2023-06-14 04:00:00",585.05,94.44
"2023-06-15 04:00:00",578.15,93.33
"2023-06-16 04:00:00",609.55,98.39
"2023-06-19 04:00:00",626.55,101.14
"2023-06-20 04:00:00",643.7,103.91
"2023-06-21 04:00:00",642.5,103.71
"2023-06-22 04:00:00",639,103.15
"2023-06-23 04:00:00",626.9,101.19
"2023-06-26 04:00:00",630.25,101.74
"2023-06-27 04:00:00",667.2,107.7
"2023-06-28 04:00:00",651.95,105.24
"2023-06-30 04:00:00",651.2,105.12
"2023-07-03 04:00:00",650.7,105.04
"2023-07-04 04:00:00",647,104.44
"2023-07-05 04:00:00",673.6,108.73
"2023-07-06 04:00:00",661.15,106.72
"2023-07-07 04:00:00",658.1,106.23
"2023-07-10 04:00:00",668.25,107.87
"2023-07-11 04:00:00",672.55,108.56
"2023-07-12 04:00:00",671.7,108.43
"2023-07-13 04:00:00",680.6,109.86
"2023-07-14 04:00:00",670.05,108.16
"2023-07-17 04:00:00",667.15,107.69
"2023-07-18 04:00:00",656.55,105.98
"2023-07-19 04:00:00",659.05,106.38
"2023-07-20 04:00:00",661.05,106.71
"2023-07-21 04:00:00",647.3,98.03
"2023-07-24 04:00:00",653.15,98.92
"2023-07-25 04:00:00",651.8,98.72
"2023-07-26 04:00:00",658.6,99.75
"2023-07-27 04:00:00",662.45,100.33
"2023-07-28 04:00:00",659.3,99.85
"2023-07-31 04:00:00",646.85,97.97
"2023-08-01 04:00:00",642.75,97.35
"2023-08-02 04:00:00",642.85,97.36
"2023-08-03 04:00:00",632.7,95.82
"2023-08-04 04:00:00",642.2,97.26
"2023-08-07 04:00:00",648.8,98.26
"2023-08-08 04:00:00",645.45,97.75
"2023-08-09 04:00:00",645.8,97.81
"2023-08-10 04:00:00",640,96.93
"2023-08-11 04:00:00",633.6,95.96
"2023-08-14 04:00:00",632.75,95.83
"2023-08-16 04:00:00",625.15,94.68
"2023-08-17 04:00:00",628.4,95.17
"2023-08-18 04:00:00",625.95,94.8
"2023-08-21 04:00:00",625.15,94.68
"2023-08-22 04:00:00",635.85,96.3
"2023-08-23 04:00:00",633.2,95.9
"2023-08-24 04:00:00",630.5,95.49
"2023-08-25 04:00:00",628.3,95.16
"2023-08-28 04:00:00",627.35,95.01
"2023-08-29 04:00:00",634.9,96.16
"2023-08-30 04:00:00",637.05,96.48
"2023-08-31 04:00:00",644.75,97.65
"2023-09-01 04:00:00",641.35,97.13
"2023-09-04 04:00:00",640.05,96.94
"2023-09-05 04:00:00",640.95,97.07
"2023-09-06 04:00:00",647.55,98.07
"2023-09-07 04:00:00",656.75,99.47
"2023-09-08 04:00:00",657.45,99.57
"2023-09-11 04:00:00",668.65,101.27
"2023-09-12 04:00:00",660.95,100.1
"2023-09-13 04:00:00",650.2,98.47
"2023-09-14 04:00:00",645.45,97.75
"2023-09-15 04:00:00",644.9,97.67
"2023-09-18 04:00:00",659.95,99.95
"2023-09-20 04:00:00",648.2,98.17
"2023-09-21 04:00:00",644.25,97.57
"2023-09-22 04:00:00",649.45,98.36
"2023-09-25 04:00:00",642.1,97.25
"2023-09-26 04:00:00",644.25,97.57
"2023-09-27 04:00:00",648.2,98.17
"2023-09-28 04:00:00",634.7,96.13
"2023-09-29 04:00:00",637.4,96.53
"2023-10-03 04:00:00",633.55,95.95
"2023-10-04 04:00:00",625.5,94.73
"2023-10-05 04:00:00",624.35,94.56
"2023-10-06 04:00:00",630.9,95.55
"2023-10-09 04:00:00",615.15,93.17
"2023-10-10 04:00:00",621.25,94.09
"2023-10-11 04:00:00",621.5,94.13
"2023-10-12 04:00:00",624.65,94.6
"2023-10-13 04:00:00",625.25,91.53
"2023-10-16 04:00:00",630.05,92.24
"2023-10-17 04:00:00",641.8,94.42
"2023-10-18 04:00:00",645,94.42
"2023-10-19 04:00:00",639,93.55
"2023-10-20 04:00:00",639.95,93.68
"2023-10-23 04:00:00",625.25,91.53
"2023-10-25 04:00:00",616.45,90.24
"2023-10-26 04:00:00",605.85,88.69
"2023-10-27 04:00:00",608.65,89.1
"2023-10-30 04:00:00",607.6,88.95
"2023-10-31 04:00:00",618.35,90.52
"2023-11-01 04:00:00",620.05,90.77
"2023-11-02 04:00:00",619.3,90.66
"2023-11-03 04:00:00",622.1,91.07
"2023-11-06 04:00:00",621.8,91.03
"2023-11-07 04:00:00",622.45,91.12
"2023-11-08 04:00:00",618.75,90.58
"2023-11-09 04:00:00",621.35,90.96
"2023-11-10 04:00:00",626.75,91.75
"2023-11-12 04:00:00",626.9,91.77
"2023-11-13 04:00:00",621.05,90.92
"2023-11-15 04:00:00",636.15,93.13
"2023-11-16 04:00:00",634.95,92.95
"2023-11-17 04:00:00",651.8,95.42
"2023-11-20 04:00:00",652.4,95.51
"2023-11-21 04:00:00",667.9,97.78
"2023-11-22 04:00:00",668.5,97.86
"2023-11-23 04:00:00",665,97.35
"2023-11-24 04:00:00",668,97.79
"2023-11-28 04:00:00",673.3,98.57
"2023-11-29 04:00:00",675.65,98.91
"2023-11-30 04:00:00",690.75,101.12
"2023-12-01 04:00:00",682.15,99.86
"2023-12-04 04:00:00",674.95,98.81
"2023-12-05 04:00:00",672.75,98.49
"2023-12-06 04:00:00",677.35,99.16
"2023-12-07 04:00:00",678.3,99.3
"2023-12-08 04:00:00",671.25,98.27
"2023-12-11 04:00:00",672.5,98.45
"2023-12-12 04:00:00",707.35,103.55
"2023-12-13 04:00:00",698.2,102.21
"2023-12-14 04:00:00",684.55,100.21
"2023-12-15 04:00:00",673.1,98.54
"2023-12-18 04:00:00",672.25,98.41
"2023-12-19 04:00:00",666.05,97.51
"2023-12-20 04:00:00",644.1,94.29
"2023-12-21 04:00:00",644.2,94.31
"2023-12-22 04:00:00",639.85,93.67
"2023-12-26 04:00:00",638,93.4
"2023-12-27 04:00:00",643.8,94.25
"2023-12-28 04:00:00",648.1,94.88
"2023-12-29 04:00:00",646.7,94.67
"2024-01-01 04:00:00",648.7,94.97
"2024-01-02 04:00:00",645.5,94.5
"2024-01-03 04:00:00",637.2,93.28
"2024-01-04 04:00:00",647.95,94.86
"2024-01-05 04:00:00",646.75,94.68
"2024-01-08 04:00:00",645.85,94.55
"2024-01-09 04:00:00",640.9,93.82
"2024-01-10 04:00:00",644.95,94.42
"2024-01-11 04:00:00",644,94.28
"2024-01-12 04:00:00",637.6,90.18
"2024-01-15 04:00:00",614.45,86.91
"2024-01-16 04:00:00",611.25,86.45
"2024-01-17 04:00:00",606.6,85.79
"2024-01-18 04:00:00",607.8,85.96
"2024-01-19 04:00:00",615.9,87.11
"2024-01-20 04:00:00",608,85.99
"2024-01-23 04:00:00",586.15,82.9
"2024-01-24 04:00:00",581.65,82.27
"2024-01-25 04:00:00",579,81.89
"2024-01-29 04:00:00",578.55,81.83
"2024-01-30 04:00:00",575,81.33
"2024-01-31 04:00:00",576.6,81.55
"2024-02-01 04:00:00",587.1,83.04
"2024-02-02 04:00:00",578.8,81.86
"2024-02-05 04:00:00",563.35,79.68
"2024-02-06 04:00:00",592.75,83.84
"2024-02-07 04:00:00",605.15,85.59
"2024-02-08 04:00:00",591.7,83.69
"2024-02-09 04:00:00",584,82.6
"2024-02-12 04:00:00",577.2,81.64
"2024-02-13 04:00:00",589.55,83.38
"2024-02-14 04:00:00",585.35,82.79
"2024-02-15 04:00:00",585.1,82.75
"2024-02-16 04:00:00",592.45,83.79
"2024-02-19 04:00:00",585.2,82.77
"2024-02-20 04:00:00",587.95,83.16
"2024-02-21 04:00:00",577.45,81.67
"2024-02-22 04:00:00",574.65,81.28
"2024-02-23 04:00:00",580.7,82.13
"2024-02-26 04:00:00",576.35,81.52
"2024-02-27 04:00:00",581.6,82.26
"2024-02-28 04:00:00",580.6,82.12
"2024-02-29 04:00:00",582,82.32
"2024-03-01 04:00:00",589.95,83.44
"2024-03-02 04:00:00",,83.77
"2024-03-04 04:00:00",610.3,86.32
"2024-03-05 04:00:00",607.7,85.95
"2024-03-06 04:00:00",613.95,86.83
"2024-03-07 04:00:00",621.95,87.97
"2024-03-11 04:00:00",620.85,87.81
"2024-03-12 04:00:00",621.55,87.91
"2024-03-13 04:00:00",610.05,86.28
"2024-03-14 04:00:00",622.25,88.01
"2024-03-15 04:00:00",632.35,89.44
"2024-03-18 04:00:00",634.1,89.68
"2024-03-19 04:00:00",632.5,89.46
"2024-03-20 04:00:00",626.4,88.6
"2024-03-21 04:00:00",622.25,88.01
"2024-03-22 04:00:00",623.85,88.23
"2024-03-26 04:00:00",626.9,88.67
"2024-03-27 04:00:00",626.35,88.59
"2024-03-28 04:00:00",633.35,89.58
"2024-04-01 04:00:00",634.75,89.78
"2024-04-02 04:00:00",631.9,89.37
"2024-04-03 04:00:00",624.1,88.27
"2024-04-04 04:00:00",622.4,88.03
"2024-04-05 04:00:00",629.4,89.02
"2024-04-08 04:00:00",634.6,89.76
"2024-04-09 04:00:00",633.95,89.66
"2024-04-10 04:00:00",621.5,87.9
"2024-04-12 04:00:00",618.5,87.48
"2024-04-15 04:00:00",612.95,86.69
"2024-04-16 04:00:00",604.6,85.51
"2024-04-18 04:00:00",605.65,85.66
"2024-04-19 04:00:00",601.55,82.4
"2024-04-22 04:00:00",605.95,83
"2024-04-23 04:00:00",601.15,82.34
"2024-04-24 04:00:00",594.2,81.39
"2024-04-25 04:00:00",594.7,81.46
"2024-04-26 04:00:00",587.85,80.52
"2024-04-29 04:00:00",575.1,78.77
"2024-04-30 04:00:00",583.65,79.94
"2024-05-02 04:00:00",576.35,78.94
"2024-05-03 04:00:00",565.9,77.51
"2024-05-06 04:00:00",555.05,76.03
"2024-05-07 04:00:00",552.35,75.66
"2024-05-08 04:00:00",550.45,75.4
"2024-05-09 04:00:00",539.55,73.9
"2024-05-10 04:00:00",548.55,75.14
"2024-05-13 04:00:00",559.65,76.66
"2024-05-14 04:00:00",561.55,76.92
"2024-05-15 04:00:00",555.95,76.15
"2024-05-16 04:00:00",567.05,77.67
"2024-05-17 04:00:00",570.2,78.1
"2024-05-18 04:00:00",569.4,77.99
"2024-05-21 04:00:00",565.6,77.47
"2024-05-22 04:00:00",560.4,76.76
"2024-05-23 04:00:00",565.65,77.48
"2024-05-24 04:00:00",565.1,77.4
"2024-05-27 04:00:00",564.25,77.29
"2024-05-28 04:00:00",578.45,79.23
"2024-05-29 04:00:00",561.85,76.96
"2024-05-30 04:00:00",550.75,75.44
"2024-05-31 04:00:00",549.85,75.31
"2024-06-03 04:00:00",550.1,75.35
"2024-06-04 04:00:00",534.45,73.21
"2024-06-05 04:00:00",551.95,75.6
"2024-06-06 04:00:00",555.25,76.05
"2024-06-07 04:00:00",562.95,77.11
"2024-06-10 04:00:00",569.2,77.96
"2024-06-11 04:00:00",571.7,78.31
"2024-06-12 04:00:00",572.7,78.44
"2024-06-13 04:00:00",593.5,81.29
"2024-06-14 04:00:00",598.35,81.96
"2024-06-18 04:00:00",601.2,82.35
"2024-06-19 04:00:00",596.2,81.66
"2024-06-20 04:00:00",590.1,80.83
"2024-06-21 04:00:00",580.95,79.57
"2024-06-24 04:00:00",579.5,79.38
"2024-06-25 04:00:00",590.95,80.94
"2024-06-26 04:00:00",589.05,80.68
"2024-06-27 04:00:00",593.25,81.26
"2024-06-28 04:00:00",595.05,81.51
"2024-07-01 04:00:00",600.75,82.29
"2024-07-02 04:00:00",589.8,80.79
"2024-07-03 04:00:00",596.15,81.66
"2024-07-04 04:00:00",603.95,82.72
"2024-07-05 04:00:00",607.35,83.19
"2024-07-08 04:00:00",620.9,85.05
"2024-07-09 04:00:00",623.65,85.42
"2024-07-10 04:00:00",632.75,86.67
"2024-07-11 04:00:00",634.25,86.87
"2024-07-12 04:00:00",635.55,87.05
"2024-07-15 04:00:00",638.05,84.07
"2024-07-16 04:00:00",646.75,85.22
"2024-07-18 04:00:00",648.9,85.5
"2024-07-19 04:00:00",635.9,83.79
"2024-07-22 04:00:00",637.4,83.99
"2024-07-23 04:00:00",643.95,84.85
"2024-07-24 04:00:00",672.8,88.65
"2024-07-25 04:00:00",683.15,90.01
"2024-07-26 04:00:00",703.35,92.67
"2024-07-29 04:00:00",696.85,91.82
"2024-07-30 04:00:00",697.2,91.86
"2024-07-31 04:00:00",715.5,94.28
"2024-08-01 04:00:00",713.6,94.03
"2024-08-02 04:00:00",707.4,93.21
"2024-08-05 04:00:00",710.9,93.67
"2024-08-06 04:00:00",679.6,89.55
"2024-08-07 04:00:00",696.25,91.74
"2024-08-08 04:00:00",710.35,93.6
"2024-08-09 04:00:00",702.4,92.55
"2024-08-12 04:00:00",702.45,92.56
"2024-08-13 04:00:00",685,90.26
"2024-08-14 04:00:00",686.35,90.43
"2024-08-16 04:00:00",689.4,90.84
"2024-08-19 04:00:00",685.7,90.35
"2024-08-20 04:00:00",710.6,93.63
"2024-08-21 04:00:00",724.55,95.47
"2024-08-22 04:00:00",726,95.66
"2024-08-23 04:00:00",729,96.05
"2024-08-26 04:00:00",725.65,95.61
"2024-08-27 04:00:00",739.55,97.44
"2024-08-28 04:00:00",742.1,97.78
"2024-08-29 04:00:00",736.9,97.1
"2024-08-30 04:00:00",738.7,97.33
"2024-09-02 04:00:00",745.3,98.2
"2024-09-03 04:00:00",758.75,99.97
"2024-09-04 04:00:00",758.8,99.98
"2024-09-05 04:00:00",751.85,99.07
"2024-09-06 04:00:00",738.4,97.29
"2024-09-09 04:00:00",735.8,96.95
"2024-09-10 04:00:00",702.9,92.62
"2024-09-11 04:00:00",700.15,92.25
"2024-09-12 04:00:00",714.55,94.15
"2024-09-13 04:00:00",705.4,92.94
"2024-09-16 04:00:00",701.35,92.41
"2024-09-17 04:00:00",698.9,92.09
"2024-09-18 04:00:00",698.8,92.08
"2024-09-19 04:00:00",701.5,92.43
"2024-09-20 04:00:00",711.1,93.7
"2024-09-23 04:00:00",727.5,95.86
"2024-09-24 04:00:00",720.7,94.96
"2024-09-25 04:00:00",716.55,94.41
"2024-09-26 04:00:00",729.55,96.13
"2024-09-27 04:00:00",730.2,96.21
"2024-09-30 04:00:00",718,94.61
"2024-10-01 04:00:00",710.2,93.58
"2024-10-03 04:00:00",702.25,92.53
"2024-10-04 04:00:00",708.8,93.39
"2024-10-07 04:00:00",705.85,93
"2024-10-08 04:00:00",710.1,93.56
"2024-10-09 04:00:00",717.3,94.51
"2024-10-10 04:00:00",723.65,95.35
"2024-10-11 04:00:00",723.85,95.38
"2024-10-14 04:00:00",740.6,97.58
"2024-10-15 04:00:00",714.25,94.11
"2024-10-16 04:00:00",726.8,92.54
"2024-10-17 04:00:00",726.1,92.45
"2024-10-18 04:00:00",742.45,94.53
"2024-10-21 04:00:00",745.85,94.97
"2024-10-22 04:00:00",728.2,92.72
"2024-10-23 04:00:00",723.75,92.15
"2024-10-24 04:00:00",714.85,91.02
"2024-10-25 04:00:00",709.45,90.33
"2024-10-28 04:00:00",718.25,91.45
"2024-10-29 04:00:00",742.4,94.53
"2024-10-30 04:00:00",727.05,92.57
"2024-10-31 04:00:00",720.15,91.7
"2024-11-01 04:00:00",723.7,92.15
"2024-11-04 04:00:00",710.85,90.51
"2024-11-05 04:00:00",717.25,91.33
"2024-11-06 04:00:00",708.7,90.24
"2024-11-07 04:00:00",711.7,90.62
"2024-11-08 04:00:00",708.5,90.21
"2024-11-11 04:00:00",705.35,89.81
"2024-11-12 04:00:00",700,89.13
"2024-11-13 04:00:00",685.05,87.23
"2024-11-14 04:00:00",694,88.37
"2024-11-18 04:00:00",690.5,87.92
"2024-11-19 04:00:00",680.4,86.63
"2024-11-21 04:00:00",674.4,85.87
"2024-11-22 04:00:00",688.2,87.63
"2024-11-25 04:00:00",684.8,87.19
"2024-11-26 04:00:00",682.4,86.89
"2024-11-27 04:00:00",680.55,86.65
"2024-11-28 04:00:00",657.7,83.74
"2024-11-29 04:00:00",657.75,83.75
"2024-12-02 04:00:00",640.2,81.52
"2024-12-03 04:00:00",634,80.73
"2024-12-04 04:00:00",650.25,82.8
"2024-12-05 04:00:00",643.15,81.89
"2024-12-06 04:00:00",636.5,81.04
"2024-12-09 04:00:00",641.8,81.72
"2024-12-10 04:00:00",633.3,80.64
"2024-12-11 04:00:00",634.65,80.81
"2024-12-12 04:00:00",626.55,79.78
"2024-12-13 04:00:00",632.55,80.54
"2024-12-16 04:00:00",634.95,80.85
"2024-12-17 04:00:00",626.75,79.8
"2024-12-18 04:00:00",624.55,79.52
"2024-12-19 04:00:00",623.55,79.4
"2024-12-20 04:00:00",623.8,79.43
"2024-12-23 04:00:00",622.55,79.27
"2024-12-24 04:00:00",622.5,79.26
"2024-12-26 04:00:00",626.4,79.76
"2024-12-27 04:00:00",621.9,79.19
"2024-12-30 04:00:00",617.4,78.61
"2024-12-31 04:00:00",617.05,78.57
"2025-01-01 04:00:00",617.2,78.59
"2025-01-02 04:00:00",620.15,78.96
"2025-01-03 04:00:00",623,79.33
"2025-01-06 04:00:00",605.95,77.15
"2025-01-07 04:00:00",619.85,78.92
"2025-01-08 04:00:00",618,78.69
"2025-01-09 04:00:00",612.2,77.95
"2025-01-10 04:00:00",608.65,77.5
"2025-01-13 04:00:00",599.75,76.37
"2025-01-14 04:00:00",600.45,76.45
"2025-01-15 04:00:00",594.2,73.33
"2025-01-16 04:00:00",641.4,79.15
"2025-01-17 04:00:00",642.2,79.25
"2025-01-20 04:00:00",634.05,78.25
"2025-01-21 04:00:00",624,77.01
"2025-01-22 04:00:00",618.2,76.29
"2025-01-23 04:00:00",621,76.64
"2025-01-24 04:00:00",621.1,76.65
"2025-01-27 04:00:00",610.2,75.3
"2025-01-28 04:00:00",611.55,75.47
"2025-01-29 04:00:00",628.35,77.54
"2025-01-30 04:00:00",634.15,78.26
"2025-01-31 04:00:00",638.05,78.74
"2025-02-01 04:00:00",625.5,77.19
"2025-02-03 04:00:00",621.4,76.69
"2025-02-04 04:00:00",625.9,77.24
"2025-02-05 04:00:00",627.85,77.48
"2025-02-06 04:00:00",631.95,77.99
"2025-02-07 04:00:00",635.7,78.45
"2025-02-10 04:00:00",635.7,78.45
"2025-02-11 04:00:00",618.6,76.34
"2025-02-12 04:00:00",629.15,77.64
"2025-02-13 04:00:00",629.6,77.7
"2025-02-14 04:00:00",626.2,77.28
"2025-02-17 04:00:00",623.25,76.91
"2025-02-18 04:00:00",618.95,76.38
"2025-02-19 04:00:00",622.85,76.87
"2025-02-20 04:00:00",620,76.51
"2025-02-21 04:00:00",622.85,76.87
"2025-02-24 04:00:00",617,76.14
"2025-02-25 04:00:00",622.15,76.78
"2025-02-27 04:00:00",618.4,76.32
"2025-02-28 04:00:00",608.5,75.09
"2025-03-03 04:00:00",618,76.27
"2025-03-04 04:00:00",616.5,76.08
"2025-03-05 04:00:00",621.2,76.66
"2025-03-06 04:00:00",618.25,76.3
"2025-03-07 04:00:00",625.2,77.16
"2025-03-10 04:00:00",625.9,77.24
"2025-03-11 04:00:00",636.95,78.61
"2025-03-12 04:00:00",632,77.99
"2025-03-13 04:00:00",622.4,76.81
"2025-03-17 04:00:00",629.8,77.72
"2025-03-18 04:00:00",640.55,79.05
"2025-03-19 04:00:00",664.55,82.01
"2025-03-20 04:00:00",674.35,83.22
"2025-03-21 04:00:00",679.6,83.87
"2025-03-24 04:00:00",679.9,83.91
"2025-03-25 04:00:00",673.1,83.07
"2025-03-26 04:00:00",668.4,82.49
"2025-03-27 04:00:00",681.9,84.15
"2025-03-28 04:00:00",685.7,84.62
"2025-04-01 04:00:00",692.9,85.51
"2025-04-02 04:00:00",696.15,85.91
"2025-04-03 04:00:00",692.9,85.51
"2025-04-04 04:00:00",689.05,85.04
"2025-04-07 04:00:00",665.95,82.18
"2025-04-08 04:00:00",685.75,84.63
"2025-04-09 04:00:00",684.8,84.51
"2025-04-11 04:00:00",685.55,84.6
"2025-04-15 04:00:00",704.7,86.97
"2025-04-16 04:00:00",716.05,88.37
"2025-04-17 04:00:00",720.05,85.73
"2025-04-21 04:00:00",712.2,84.8
"2025-04-22 04:00:00",712.55,84.84
"2025-04-23 04:00:00",709.1,84.43
"2025-04-24 04:00:00",708.4,84.35
"2025-04-25 04:00:00",704.55,83.89
"2025-04-28 04:00:00",710.85,84.64
"2025-04-29 04:00:00",715.05,85.14
"2025-04-30 04:00:00",743.7,88.55
"2025-05-02 04:00:00",727.75,86.65
"2025-05-05 04:00:00",738.9,87.98
"2025-05-06 04:00:00",722.6,86.04
"2025-05-07 04:00:00",723.9,86.19
"2025-05-08 04:00:00",722.95,86.08
"2025-05-09 04:00:00",713.6,84.97
"2025-05-12 04:00:00",734.6,87.47
"2025-05-13 04:00:00",735.05,87.52
"2025-05-14 04:00:00",741.7,88.31
"2025-05-15 04:00:00",751.2,89.44
"2025-05-16 04:00:00",750.55,89.37
"2025-05-19 04:00:00",750.95,89.41
"2025-05-20 04:00:00",747.05,88.95
"2025-05-21 04:00:00",759.7,90.46
"2025-05-22 04:00:00",755.85,90
"2025-05-23 04:00:00",780.4,92.92
"2025-05-26 04:00:00",780,92.87
"2025-05-27 04:00:00",775.8,92.37
"2025-05-28 04:00:00",789.45,94
"2025-05-29 04:00:00",780.9,92.98
"2025-05-30 04:00:00",776.85,92.5
"2025-06-02 04:00:00",766.7,91.29
"2025-06-03 04:00:00",757.9,90.24
"2025-06-04 04:00:00",758.8,90.35
"2025-06-05 04:00:00",761.6,90.68
"2025-06-06 04:00:00",755.1,89.91
"2025-06-09 04:00:00",760.4,90.54
"2025-06-10 04:00:00",762.45,90.78
"2025-06-11 04:00:00",764.2,90.99
"2025-06-12 04:00:00",754.5,89.84
"2025-06-13 04:00:00",752.85,89.64
"2025-06-16 04:00:00",770.55,91.75
"2025-06-17 04:00:00",773.95,92.15
"2025-06-18 04:00:00",766.2,91.23
"2025-06-19 04:00:00",761.85,90.71
"2025-06-20 04:00:00",778.95,92.75
"2025-06-23 04:00:00",774.15,92.18
"2025-06-24 04:00:00",779.7,92.84
"2025-06-25 04:00:00",785.1,93.48
"2025-06-26 04:00:00",799.45,95.19
"2025-06-27 04:00:00",806.95,96.08
"2025-06-30 04:00:00",814.3,96.96
"2025-07-01 04:00:00",809.9,96.43
"2025-07-02 04:00:00",789.7,94.03
"2025-07-03 04:00:00",785.85,93.57
"2025-07-04 04:00:00",785.1,93.48
"2025-07-07 04:00:00",789.45,94
"2025-07-08 04:00:00",794.15,94.56
"2025-07-09 04:00:00",786.3,93.62
"2025-07-10 04:00:00",771.25,91.83
"2025-07-11 04:00:00",759,90.37
"2025-07-14 04:00:00",764.75,91.06
"2025-07-15 04:00:00",756.85,86.79
"2025-07-16 04:00:00",755.95,86.69
"2025-07-17 04:00:00",751.8,86.21
"2025-07-18 04:00:00",739.5,84.8
"2025-07-21 04:00:00",752.3,86.27
"2025-07-22 04:00:00",763.3,87.53
"2025-07-23 04:00:00",762.5,87.44
"2025-07-24 04:00:00",757.3,86.84
"2025-07-25 04:00:00",762.35,87.42
"2025-07-28 04:00:00",761.2,87.29
"2025-07-29 04:00:00",756.35,86.73
"2025-07-30 04:00:00",757.45,86.86
"2025-07-31 04:00:00",755.5,86.64
"2025-08-01 04:00:00",741.7,85.05
"2025-08-04 04:00:00",739.8,84.84
"2025-08-05 04:00:00",738.5,84.69
"2025-08-06 04:00:00",752.55,86.3
"2025-08-07 04:00:00",755.7,86.66
"2025-08-08 04:00:00",761.55,87.33
"2025-08-11 04:00:00",764.75,87.7
"2025-08-12 04:00:00",766.2,87.86
"2025-08-13 04:00:00",776.6,89.06
"2025-08-14 04:00:00",788.75,90.45
"2025-08-18 04:00:00",791,90.71
"2025-08-19 04:00:00",793.75,91.02
"2025-08-20 04:00:00",796.55,91.34
"2025-08-21 04:00:00",795.45,91.22
"2025-08-22 04:00:00",788.75,90.45
"2025-08-25 04:00:00",787,90.25
"2025-08-26 04:00:00",776.6,89.06
"2025-08-28 04:00:00",775.35,88.91
"2025-08-29 04:00:00",772.05,88.53
"2025-09-01 04:00:00",781.8,89.65
"2025-09-02 04:00:00",782.75,89.76
"2025-09-03 04:00:00",776.45,89.04
"2025-09-04 04:00:00",754.25,86.49
"2025-09-05 04:00:00",759.55,87.1
"2025-09-08 04:00:00",753.75,86.43
"2025-09-09 04:00:00",761.1,87.28
"2025-09-10 04:00:00",777.6,89.17
"2025-09-11 04:00:00",774.25,88.79
"2025-09-12 04:00:00",779.65,89.4
"2025-09-15 04:00:00",777.2,89.12
"2025-09-16 04:00:00",774.35,88.8
"2025-09-17 04:00:00",768.05,88.07
"2025-09-18 04:00:00",784.6,89.97
"2025-09-19 04:00:00",782.2,89.7
"2025-09-22 04:00:00",787.8,90.34
"2025-09-23 04:00:00",775.05,88.88
"2025-09-24 04:00:00",770.25,88.33
"2025-09-25 04:00:00",765.05,87.73
"2025-09-26 04:00:00",764.4,87.66
"2025-09-29 04:00:00",756.6,86.76
"2025-09-30 04:00:00",756.45,86.74
"2025-10-01 04:00:00",764,87.61
"2025-10-03 04:00:00",759.2,87.06
"2025-10-06 04:00:00",763.05,87.5
"2025-10-07 04:00:00",755.6,86.65
"2025-10-08 04:00:00",747.3,85.7
"2025-10-09 04:00:00",754.35,86.5
"2025-10-10 04:00:00",747.3,85.7
"2025-10-13 04:00:00",746.55,85.61
"2025-10-14 04:00:00",743.55,85.27
"2025-10-15 04:00:00",761.15,86.68
"2025-10-16 04:00:00",742.85,84.6
"2025-10-17 04:00:00",745.95,84.95
"2025-10-20 04:00:00",742.25,84.53
"2025-10-21 04:00:00",743.7,84.69
"2025-10-23 04:00:00",743.65,84.69
"2025-10-24 04:00:00",734.95,83.7
"2025-10-27 04:00:00",737.25,83.96
"2025-10-28 04:00:00",747,85.07
"2025-10-29 04:00:00",761.3,86.7
"2025-10-30 04:00:00",746.6,85.02
"2025-10-31 04:00:00",731.85,83.34
"2025-11-03 04:00:00",736,83.82
"2025-11-04 04:00:00",742.45,84.55
"2025-11-06 04:00:00",736.05,83.82
"2025-11-07 04:00:00",749.25,85.32
"2025-11-10 04:00:00",750.7,85.49
"2025-11-11 04:00:00",763.9,86.99
"2025-11-12 04:00:00",777.9